2025-06-07 09:56:32 INFO  c.e.s.СontrollerApplication - Starting СontrollerApplication using Java 21.0.4 with PID 24700 (C:\Users\79162\IdeaProjects\kontroller\target\classes started by 79162 in C:\Users\79162\IdeaProjects\kontroller)
2025-06-07 09:56:32 DEBUG c.e.s.СontrollerApplication - Running with Spring Boot v3.1.5, Spring v6.0.13
2025-06-07 09:56:32 INFO  c.e.s.СontrollerApplication - No active profile set, falling back to 1 default profile: "default"
2025-06-07 09:56:32 INFO  o.s.b.d.e.DevToolsPropertyDefaultsPostProcessor - Devtools property defaults active! Set 'spring.devtools.add-properties' to 'false' to disable
2025-06-07 09:56:32 INFO  o.s.b.d.e.DevToolsPropertyDefaultsPostProcessor - For additional web related logging consider setting the 'logging.level.web' property to 'DEBUG'
2025-06-07 09:56:34 INFO  o.s.d.r.c.RepositoryConfigurationDelegate - Bootstrapping Spring Data JPA repositories in DEFAULT mode.
2025-06-07 09:56:35 INFO  o.s.d.r.c.RepositoryConfigurationDelegate - Finished Spring Data repository scanning in 147 ms. Found 2 JPA repository interfaces.
2025-06-07 09:56:36 INFO  o.s.b.w.e.tomcat.TomcatWebServer - Tomcat initialized with port(s): 8080 (http)
2025-06-07 09:56:36 INFO  o.a.coyote.http11.Http11NioProtocol - Initializing ProtocolHandler ["http-nio-8080"]
2025-06-07 09:56:36 INFO  o.a.catalina.core.StandardService - Starting service [Tomcat]
2025-06-07 09:56:36 INFO  o.a.catalina.core.StandardEngine - Starting Servlet engine: [Apache Tomcat/10.1.15]
2025-06-07 09:56:37 INFO  o.a.c.c.C.[Tomcat].[localhost].[/] - Initializing Spring embedded WebApplicationContext
2025-06-07 09:56:37 INFO  o.s.b.w.s.c.ServletWebServerApplicationContext - Root WebApplicationContext: initialization completed in 4125 ms
2025-06-07 09:56:37 INFO  com.zaxxer.hikari.HikariDataSource - HikariPool-1 - Starting...
2025-06-07 09:56:38 INFO  com.zaxxer.hikari.pool.HikariPool - HikariPool-1 - Added connection conn0: url=jdbc:h2:mem:testdb user=SA
2025-06-07 09:56:38 INFO  com.zaxxer.hikari.HikariDataSource - HikariPool-1 - Start completed.
2025-06-07 09:56:38 INFO  o.s.b.a.h.H2ConsoleAutoConfiguration - H2 console available at '/h2-console'. Database available at 'jdbc:h2:mem:testdb'
2025-06-07 09:56:39 INFO  o.h.jpa.internal.util.LogHelper - HHH000204: Processing PersistenceUnitInfo [name: default]
2025-06-07 09:56:39 INFO  org.hibernate.Version - HHH000412: Hibernate ORM core version 6.2.13.Final
2025-06-07 09:56:39 INFO  org.hibernate.cfg.Environment - HHH000406: Using bytecode reflection optimizer
2025-06-07 09:56:40 INFO  o.s.o.j.p.SpringPersistenceUnitInfo - No LoadTimeWeaver setup: ignoring JPA class transformer
2025-06-07 09:56:42 INFO  o.h.e.t.j.p.i.JtaPlatformInitiator - HHH000489: No JTA platform available (set 'hibernate.transaction.jta.platform' to enable JTA platform integration)
2025-06-07 09:56:42 INFO  o.s.o.j.LocalContainerEntityManagerFactoryBean - Initialized JPA EntityManagerFactory for persistence unit 'default'
2025-06-07 09:56:43 WARN  o.s.b.w.s.c.AnnotationConfigServletWebServerApplicationContext - Exception encountered during context initialization - cancelling refresh attempt: org.springframework.beans.factory.UnsatisfiedDependencyException: Error creating bean with name 'productionStoppedListener' defined in file [C:\Users\79162\IdeaProjects\kontroller\target\classes\com\exempal\shiftcounter\features\comment\ProductionStoppedListener.class]: Unsatisfied dependency expressed through constructor parameter 1: No qualifying bean of type 'com.exempal.shiftcounter.features.shift.application.ShiftAnalyticsUseCase' available: expected at least 1 bean which qualifies as autowire candidate. Dependency annotations: {}
2025-06-07 09:56:43 INFO  o.s.o.j.LocalContainerEntityManagerFactoryBean - Closing JPA EntityManagerFactory for persistence unit 'default'
2025-06-07 09:56:43 WARN  o.s.b.f.s.DisposableBeanAdapter - Invocation of destroy method failed on bean with name 'inMemoryDatabaseShutdownExecutor': org.h2.jdbc.JdbcSQLNonTransientConnectionException: База данных уже закрыта (чтобы отключить автоматическое закрытие базы данных при останове JVM, добавьте ";DB_CLOSE_ON_EXIT=FALSE" в URL)
Database is already closed (to disable automatic closing at VM shutdown, add ";DB_CLOSE_ON_EXIT=FALSE" to the db URL) [90121-214]
2025-06-07 09:56:43 INFO  com.zaxxer.hikari.HikariDataSource - HikariPool-1 - Shutdown initiated...
2025-06-07 09:56:43 INFO  com.zaxxer.hikari.HikariDataSource - HikariPool-1 - Shutdown completed.
2025-06-07 09:56:43 INFO  o.a.catalina.core.StandardService - Stopping service [Tomcat]
2025-06-07 09:56:43 INFO  o.s.b.a.l.ConditionEvaluationReportLogger - 

Error starting ApplicationContext. To display the condition evaluation report re-run your application with 'debug' enabled.
2025-06-07 09:56:44 ERROR o.s.b.d.LoggingFailureAnalysisReporter - 

***************************
APPLICATION FAILED TO START
***************************

Description:

Parameter 1 of constructor in com.exempal.shiftcounter.features.comment.ProductionStoppedListener required a bean of type 'com.exempal.shiftcounter.features.shift.application.ShiftAnalyticsUseCase' that could not be found.


Action:

Consider defining a bean of type 'com.exempal.shiftcounter.features.shift.application.ShiftAnalyticsUseCase' in your configuration.

2025-06-07 09:58:30 INFO  c.e.s.СontrollerApplication - Starting СontrollerApplication using Java 21.0.4 with PID 21332 (C:\Users\79162\IdeaProjects\kontroller\target\classes started by 79162 in C:\Users\79162\IdeaProjects\kontroller)
2025-06-07 09:58:30 DEBUG c.e.s.СontrollerApplication - Running with Spring Boot v3.1.5, Spring v6.0.13
2025-06-07 09:58:30 INFO  c.e.s.СontrollerApplication - No active profile set, falling back to 1 default profile: "default"
2025-06-07 09:58:30 INFO  o.s.b.d.e.DevToolsPropertyDefaultsPostProcessor - Devtools property defaults active! Set 'spring.devtools.add-properties' to 'false' to disable
2025-06-07 09:58:30 INFO  o.s.b.d.e.DevToolsPropertyDefaultsPostProcessor - For additional web related logging consider setting the 'logging.level.web' property to 'DEBUG'
2025-06-07 09:58:32 INFO  o.s.d.r.c.RepositoryConfigurationDelegate - Bootstrapping Spring Data JPA repositories in DEFAULT mode.
2025-06-07 09:58:32 INFO  o.s.d.r.c.RepositoryConfigurationDelegate - Finished Spring Data repository scanning in 174 ms. Found 2 JPA repository interfaces.
2025-06-07 09:58:34 INFO  o.s.b.w.e.tomcat.TomcatWebServer - Tomcat initialized with port(s): 8080 (http)
2025-06-07 09:58:34 INFO  o.a.coyote.http11.Http11NioProtocol - Initializing ProtocolHandler ["http-nio-8080"]
2025-06-07 09:58:34 INFO  o.a.catalina.core.StandardService - Starting service [Tomcat]
2025-06-07 09:58:34 INFO  o.a.catalina.core.StandardEngine - Starting Servlet engine: [Apache Tomcat/10.1.15]
2025-06-07 09:58:34 INFO  o.a.c.c.C.[Tomcat].[localhost].[/] - Initializing Spring embedded WebApplicationContext
2025-06-07 09:58:34 INFO  o.s.b.w.s.c.ServletWebServerApplicationContext - Root WebApplicationContext: initialization completed in 4346 ms
2025-06-07 09:58:34 INFO  com.zaxxer.hikari.HikariDataSource - HikariPool-1 - Starting...
2025-06-07 09:58:35 INFO  com.zaxxer.hikari.pool.HikariPool - HikariPool-1 - Added connection conn0: url=jdbc:h2:mem:testdb user=SA
2025-06-07 09:58:35 INFO  com.zaxxer.hikari.HikariDataSource - HikariPool-1 - Start completed.
2025-06-07 09:58:35 INFO  o.s.b.a.h.H2ConsoleAutoConfiguration - H2 console available at '/h2-console'. Database available at 'jdbc:h2:mem:testdb'
2025-06-07 09:58:36 INFO  o.h.jpa.internal.util.LogHelper - HHH000204: Processing PersistenceUnitInfo [name: default]
2025-06-07 09:58:36 INFO  org.hibernate.Version - HHH000412: Hibernate ORM core version 6.2.13.Final
2025-06-07 09:58:36 INFO  org.hibernate.cfg.Environment - HHH000406: Using bytecode reflection optimizer
2025-06-07 09:58:37 INFO  o.s.o.j.p.SpringPersistenceUnitInfo - No LoadTimeWeaver setup: ignoring JPA class transformer
2025-06-07 09:58:40 INFO  o.h.e.t.j.p.i.JtaPlatformInitiator - HHH000489: No JTA platform available (set 'hibernate.transaction.jta.platform' to enable JTA platform integration)
2025-06-07 09:58:40 INFO  o.s.o.j.LocalContainerEntityManagerFactoryBean - Initialized JPA EntityManagerFactory for persistence unit 'default'
2025-06-07 09:58:42 ERROR c.e.s.f.s.a.adam.AdamModbusAdapter - [MODBUS] Initialization failed
com.serotonin.modbus4j.exception.ModbusInitException: java.net.SocketTimeoutException: Connect timed out
	at com.serotonin.modbus4j.ip.tcp.TcpMaster.init(TcpMaster.java:175)
	at com.exempal.shiftcounter.features.signal.adapter.adam.AdamModbusAdapter.init(AdamModbusAdapter.java:38)
	at java.base/jdk.internal.reflect.DirectMethodHandleAccessor.invoke(DirectMethodHandleAccessor.java:103)
	at java.base/java.lang.reflect.Method.invoke(Method.java:580)
	at org.springframework.beans.factory.annotation.InitDestroyAnnotationBeanPostProcessor$LifecycleMethod.invoke(InitDestroyAnnotationBeanPostProcessor.java:457)
	at org.springframework.beans.factory.annotation.InitDestroyAnnotationBeanPostProcessor$LifecycleMetadata.invokeInitMethods(InitDestroyAnnotationBeanPostProcessor.java:401)
	at org.springframework.beans.factory.annotation.InitDestroyAnnotationBeanPostProcessor.postProcessBeforeInitialization(InitDestroyAnnotationBeanPostProcessor.java:219)
	at org.springframework.beans.factory.support.AbstractAutowireCapableBeanFactory.applyBeanPostProcessorsBeforeInitialization(AbstractAutowireCapableBeanFactory.java:419)
	at org.springframework.beans.factory.support.AbstractAutowireCapableBeanFactory.initializeBean(AbstractAutowireCapableBeanFactory.java:1762)
	at org.springframework.beans.factory.support.AbstractAutowireCapableBeanFactory.doCreateBean(AbstractAutowireCapableBeanFactory.java:598)
	at org.springframework.beans.factory.support.AbstractAutowireCapableBeanFactory.createBean(AbstractAutowireCapableBeanFactory.java:520)
	at org.springframework.beans.factory.support.AbstractBeanFactory.lambda$doGetBean$0(AbstractBeanFactory.java:325)
	at org.springframework.beans.factory.support.DefaultSingletonBeanRegistry.getSingleton(DefaultSingletonBeanRegistry.java:234)
	at org.springframework.beans.factory.support.AbstractBeanFactory.doGetBean(AbstractBeanFactory.java:323)
	at org.springframework.beans.factory.support.AbstractBeanFactory.getBean(AbstractBeanFactory.java:199)
	at org.springframework.beans.factory.support.DefaultListableBeanFactory.preInstantiateSingletons(DefaultListableBeanFactory.java:973)
	at org.springframework.context.support.AbstractApplicationContext.finishBeanFactoryInitialization(AbstractApplicationContext.java:950)
	at org.springframework.context.support.AbstractApplicationContext.refresh(AbstractApplicationContext.java:616)
	at org.springframework.boot.web.servlet.context.ServletWebServerApplicationContext.refresh(ServletWebServerApplicationContext.java:146)
	at org.springframework.boot.SpringApplication.refresh(SpringApplication.java:738)
	at org.springframework.boot.SpringApplication.refreshContext(SpringApplication.java:440)
	at org.springframework.boot.SpringApplication.run(SpringApplication.java:316)
	at org.springframework.boot.SpringApplication.run(SpringApplication.java:1306)
	at org.springframework.boot.SpringApplication.run(SpringApplication.java:1295)
	at com.exempal.shiftcounter.СontrollerApplication.main(СontrollerApplication.java:10)
	at java.base/jdk.internal.reflect.DirectMethodHandleAccessor.invoke(DirectMethodHandleAccessor.java:103)
	at java.base/java.lang.reflect.Method.invoke(Method.java:580)
	at org.springframework.boot.devtools.restart.RestartLauncher.run(RestartLauncher.java:50)
Caused by: java.net.SocketTimeoutException: Connect timed out
	at java.base/sun.nio.ch.NioSocketImpl.timedFinishConnect(NioSocketImpl.java:546)
	at java.base/sun.nio.ch.NioSocketImpl.connect(NioSocketImpl.java:592)
	at java.base/java.net.SocksSocketImpl.connect(SocksSocketImpl.java:327)
	at java.base/java.net.Socket.connect(Socket.java:751)
	at com.serotonin.modbus4j.ip.tcp.TcpMaster.openConnection(TcpMaster.java:302)
	at com.serotonin.modbus4j.ip.tcp.TcpMaster.init(TcpMaster.java:172)
	... 27 common frames omitted
2025-06-07 09:58:42 WARN  o.s.b.a.o.j.JpaBaseConfiguration$JpaWebConfiguration - spring.jpa.open-in-view is enabled by default. Therefore, database queries may be performed during view rendering. Explicitly configure spring.jpa.open-in-view to disable this warning
2025-06-07 09:58:44 INFO  o.s.b.d.a.OptionalLiveReloadServer - LiveReload server is running on port 35729
2025-06-07 09:58:44 INFO  o.a.coyote.http11.Http11NioProtocol - Starting ProtocolHandler ["http-nio-8080"]
2025-06-07 09:58:44 INFO  o.s.b.w.e.tomcat.TomcatWebServer - Tomcat started on port(s): 8080 (http) with context path ''
2025-06-07 09:58:44 INFO  c.e.s.СontrollerApplication - Started СontrollerApplication in 16.182 seconds (process running for 17.991)
2025-06-07 09:58:46 INFO  o.a.c.c.C.[Tomcat].[localhost].[/] - Initializing Spring DispatcherServlet 'dispatcherServlet'
2025-06-07 09:58:46 INFO  o.s.web.servlet.DispatcherServlet - Initializing Servlet 'dispatcherServlet'
2025-06-07 09:58:46 INFO  o.s.web.servlet.DispatcherServlet - Completed initialization in 3 ms
2025-06-07 09:58:48 WARN  o.t.s.p.AbstractStandardFragmentInsertionTagProcessor - [THYMELEAF][http-nio-8080-exec-1][layout] Deprecated unwrapped fragment expression "${contentTemplate} :: content" found in template layout, line 21, col 10. Please use the complete syntax of fragment expressions instead ("~{${contentTemplate} :: content}"). The old, unwrapped syntax for fragment expressions will be removed in future versions of Thymeleaf.
2025-06-07 09:58:50 WARN  o.t.s.p.AbstractStandardFragmentInsertionTagProcessor - [THYMELEAF][http-nio-8080-exec-4][layout] Deprecated unwrapped fragment expression "${contentTemplate} :: content" found in template layout, line 21, col 10. Please use the complete syntax of fragment expressions instead ("~{${contentTemplate} :: content}"). The old, unwrapped syntax for fragment expressions will be removed in future versions of Thymeleaf.
2025-06-07 09:58:51 WARN  o.t.s.p.AbstractStandardFragmentInsertionTagProcessor - [THYMELEAF][http-nio-8080-exec-6][layout] Deprecated unwrapped fragment expression "${contentTemplate} :: content" found in template layout, line 21, col 10. Please use the complete syntax of fragment expressions instead ("~{${contentTemplate} :: content}"). The old, unwrapped syntax for fragment expressions will be removed in future versions of Thymeleaf.
2025-06-07 09:58:54 WARN  o.t.s.p.AbstractStandardFragmentInsertionTagProcessor - [THYMELEAF][http-nio-8080-exec-8][layout] Deprecated unwrapped fragment expression "${contentTemplate} :: content" found in template layout, line 21, col 10. Please use the complete syntax of fragment expressions instead ("~{${contentTemplate} :: content}"). The old, unwrapped syntax for fragment expressions will be removed in future versions of Thymeleaf.
2025-06-07 09:58:59 WARN  o.t.s.p.AbstractStandardFragmentInsertionTagProcessor - [THYMELEAF][http-nio-8080-exec-1][layout] Deprecated unwrapped fragment expression "${contentTemplate} :: content" found in template layout, line 21, col 10. Please use the complete syntax of fragment expressions instead ("~{${contentTemplate} :: content}"). The old, unwrapped syntax for fragment expressions will be removed in future versions of Thymeleaf.
2025-06-07 09:59:01 WARN  o.t.s.p.AbstractStandardFragmentInsertionTagProcessor - [THYMELEAF][http-nio-8080-exec-4][layout] Deprecated unwrapped fragment expression "${contentTemplate} :: content" found in template layout, line 21, col 10. Please use the complete syntax of fragment expressions instead ("~{${contentTemplate} :: content}"). The old, unwrapped syntax for fragment expressions will be removed in future versions of Thymeleaf.
2025-06-07 10:02:06 INFO  c.e.s.f.s.a.adam.AdamModbusAdapter - [MODBUS] Connection closed
2025-06-07 10:02:06 INFO  o.s.o.j.LocalContainerEntityManagerFactoryBean - Closing JPA EntityManagerFactory for persistence unit 'default'
2025-06-07 10:02:06 WARN  o.s.b.f.s.DisposableBeanAdapter - Invocation of destroy method failed on bean with name 'inMemoryDatabaseShutdownExecutor': org.h2.jdbc.JdbcSQLNonTransientConnectionException: База данных уже закрыта (чтобы отключить автоматическое закрытие базы данных при останове JVM, добавьте ";DB_CLOSE_ON_EXIT=FALSE" в URL)
Database is already closed (to disable automatic closing at VM shutdown, add ";DB_CLOSE_ON_EXIT=FALSE" to the db URL) [90121-214]
2025-06-07 10:02:06 INFO  com.zaxxer.hikari.HikariDataSource - HikariPool-1 - Shutdown initiated...
2025-06-07 10:02:06 INFO  com.zaxxer.hikari.HikariDataSource - HikariPool-1 - Shutdown completed.
2025-06-07 10:02:18 INFO  c.e.s.СontrollerApplication - Starting СontrollerApplication using Java 21.0.4 with PID 25116 (C:\Users\79162\IdeaProjects\kontroller\target\classes started by 79162 in C:\Users\79162\IdeaProjects\kontroller)
2025-06-07 10:02:18 DEBUG c.e.s.СontrollerApplication - Running with Spring Boot v3.1.5, Spring v6.0.13
2025-06-07 10:02:18 INFO  c.e.s.СontrollerApplication - No active profile set, falling back to 1 default profile: "default"
2025-06-07 10:02:19 INFO  o.s.b.d.e.DevToolsPropertyDefaultsPostProcessor - Devtools property defaults active! Set 'spring.devtools.add-properties' to 'false' to disable
2025-06-07 10:02:19 INFO  o.s.b.d.e.DevToolsPropertyDefaultsPostProcessor - For additional web related logging consider setting the 'logging.level.web' property to 'DEBUG'
2025-06-07 10:02:20 INFO  o.s.d.r.c.RepositoryConfigurationDelegate - Bootstrapping Spring Data JPA repositories in DEFAULT mode.
2025-06-07 10:02:20 INFO  o.s.d.r.c.RepositoryConfigurationDelegate - Finished Spring Data repository scanning in 167 ms. Found 2 JPA repository interfaces.
2025-06-07 10:02:22 INFO  o.s.b.w.e.tomcat.TomcatWebServer - Tomcat initialized with port(s): 8080 (http)
2025-06-07 10:02:22 INFO  o.a.coyote.http11.Http11NioProtocol - Initializing ProtocolHandler ["http-nio-8080"]
2025-06-07 10:02:22 INFO  o.a.catalina.core.StandardService - Starting service [Tomcat]
2025-06-07 10:02:22 INFO  o.a.catalina.core.StandardEngine - Starting Servlet engine: [Apache Tomcat/10.1.15]
2025-06-07 10:02:22 INFO  o.a.c.c.C.[Tomcat].[localhost].[/] - Initializing Spring embedded WebApplicationContext
2025-06-07 10:02:22 INFO  o.s.b.w.s.c.ServletWebServerApplicationContext - Root WebApplicationContext: initialization completed in 3640 ms
2025-06-07 10:02:22 INFO  com.zaxxer.hikari.HikariDataSource - HikariPool-1 - Starting...
2025-06-07 10:02:23 INFO  com.zaxxer.hikari.pool.HikariPool - HikariPool-1 - Added connection conn0: url=jdbc:h2:mem:testdb user=SA
2025-06-07 10:02:23 INFO  com.zaxxer.hikari.HikariDataSource - HikariPool-1 - Start completed.
2025-06-07 10:02:23 INFO  o.s.b.a.h.H2ConsoleAutoConfiguration - H2 console available at '/h2-console'. Database available at 'jdbc:h2:mem:testdb'
2025-06-07 10:02:23 INFO  o.h.jpa.internal.util.LogHelper - HHH000204: Processing PersistenceUnitInfo [name: default]
2025-06-07 10:02:24 INFO  org.hibernate.Version - HHH000412: Hibernate ORM core version 6.2.13.Final
2025-06-07 10:02:24 INFO  org.hibernate.cfg.Environment - HHH000406: Using bytecode reflection optimizer
2025-06-07 10:02:25 INFO  o.s.o.j.p.SpringPersistenceUnitInfo - No LoadTimeWeaver setup: ignoring JPA class transformer
2025-06-07 10:02:27 INFO  o.h.e.t.j.p.i.JtaPlatformInitiator - HHH000489: No JTA platform available (set 'hibernate.transaction.jta.platform' to enable JTA platform integration)
2025-06-07 10:02:28 INFO  o.s.o.j.LocalContainerEntityManagerFactoryBean - Initialized JPA EntityManagerFactory for persistence unit 'default'
2025-06-07 10:02:29 ERROR c.e.s.f.s.a.adam.AdamModbusAdapter - [MODBUS] Initialization failed
com.serotonin.modbus4j.exception.ModbusInitException: java.net.SocketTimeoutException: Connect timed out
	at com.serotonin.modbus4j.ip.tcp.TcpMaster.init(TcpMaster.java:175)
	at com.exempal.shiftcounter.features.signal.adapter.adam.AdamModbusAdapter.init(AdamModbusAdapter.java:38)
	at java.base/jdk.internal.reflect.DirectMethodHandleAccessor.invoke(DirectMethodHandleAccessor.java:103)
	at java.base/java.lang.reflect.Method.invoke(Method.java:580)
	at org.springframework.beans.factory.annotation.InitDestroyAnnotationBeanPostProcessor$LifecycleMethod.invoke(InitDestroyAnnotationBeanPostProcessor.java:457)
	at org.springframework.beans.factory.annotation.InitDestroyAnnotationBeanPostProcessor$LifecycleMetadata.invokeInitMethods(InitDestroyAnnotationBeanPostProcessor.java:401)
	at org.springframework.beans.factory.annotation.InitDestroyAnnotationBeanPostProcessor.postProcessBeforeInitialization(InitDestroyAnnotationBeanPostProcessor.java:219)
	at org.springframework.beans.factory.support.AbstractAutowireCapableBeanFactory.applyBeanPostProcessorsBeforeInitialization(AbstractAutowireCapableBeanFactory.java:419)
	at org.springframework.beans.factory.support.AbstractAutowireCapableBeanFactory.initializeBean(AbstractAutowireCapableBeanFactory.java:1762)
	at org.springframework.beans.factory.support.AbstractAutowireCapableBeanFactory.doCreateBean(AbstractAutowireCapableBeanFactory.java:598)
	at org.springframework.beans.factory.support.AbstractAutowireCapableBeanFactory.createBean(AbstractAutowireCapableBeanFactory.java:520)
	at org.springframework.beans.factory.support.AbstractBeanFactory.lambda$doGetBean$0(AbstractBeanFactory.java:325)
	at org.springframework.beans.factory.support.DefaultSingletonBeanRegistry.getSingleton(DefaultSingletonBeanRegistry.java:234)
	at org.springframework.beans.factory.support.AbstractBeanFactory.doGetBean(AbstractBeanFactory.java:323)
	at org.springframework.beans.factory.support.AbstractBeanFactory.getBean(AbstractBeanFactory.java:199)
	at org.springframework.beans.factory.support.DefaultListableBeanFactory.preInstantiateSingletons(DefaultListableBeanFactory.java:973)
	at org.springframework.context.support.AbstractApplicationContext.finishBeanFactoryInitialization(AbstractApplicationContext.java:950)
	at org.springframework.context.support.AbstractApplicationContext.refresh(AbstractApplicationContext.java:616)
	at org.springframework.boot.web.servlet.context.ServletWebServerApplicationContext.refresh(ServletWebServerApplicationContext.java:146)
	at org.springframework.boot.SpringApplication.refresh(SpringApplication.java:738)
	at org.springframework.boot.SpringApplication.refreshContext(SpringApplication.java:440)
	at org.springframework.boot.SpringApplication.run(SpringApplication.java:316)
	at org.springframework.boot.SpringApplication.run(SpringApplication.java:1306)
	at org.springframework.boot.SpringApplication.run(SpringApplication.java:1295)
	at com.exempal.shiftcounter.СontrollerApplication.main(СontrollerApplication.java:10)
	at java.base/jdk.internal.reflect.DirectMethodHandleAccessor.invoke(DirectMethodHandleAccessor.java:103)
	at java.base/java.lang.reflect.Method.invoke(Method.java:580)
	at org.springframework.boot.devtools.restart.RestartLauncher.run(RestartLauncher.java:50)
Caused by: java.net.SocketTimeoutException: Connect timed out
	at java.base/sun.nio.ch.NioSocketImpl.timedFinishConnect(NioSocketImpl.java:546)
	at java.base/sun.nio.ch.NioSocketImpl.connect(NioSocketImpl.java:592)
	at java.base/java.net.SocksSocketImpl.connect(SocksSocketImpl.java:327)
	at java.base/java.net.Socket.connect(Socket.java:751)
	at com.serotonin.modbus4j.ip.tcp.TcpMaster.openConnection(TcpMaster.java:302)
	at com.serotonin.modbus4j.ip.tcp.TcpMaster.init(TcpMaster.java:172)
	... 27 common frames omitted
2025-06-07 10:02:29 WARN  o.s.b.a.o.j.JpaBaseConfiguration$JpaWebConfiguration - spring.jpa.open-in-view is enabled by default. Therefore, database queries may be performed during view rendering. Explicitly configure spring.jpa.open-in-view to disable this warning
2025-06-07 10:02:30 INFO  o.s.b.d.a.OptionalLiveReloadServer - LiveReload server is running on port 35729
2025-06-07 10:02:30 INFO  o.a.coyote.http11.Http11NioProtocol - Starting ProtocolHandler ["http-nio-8080"]
2025-06-07 10:02:30 INFO  o.s.b.w.e.tomcat.TomcatWebServer - Tomcat started on port(s): 8080 (http) with context path ''
2025-06-07 10:02:30 INFO  c.e.s.СontrollerApplication - Started СontrollerApplication in 13.309 seconds (process running for 14.886)
2025-06-07 10:02:32 INFO  o.a.c.c.C.[Tomcat].[localhost].[/] - Initializing Spring DispatcherServlet 'dispatcherServlet'
2025-06-07 10:02:32 INFO  o.s.web.servlet.DispatcherServlet - Initializing Servlet 'dispatcherServlet'
2025-06-07 10:02:32 INFO  o.s.web.servlet.DispatcherServlet - Completed initialization in 4 ms
2025-06-07 10:03:34 INFO  c.e.s.f.s.a.adam.AdamModbusAdapter - [MODBUS] Connection closed
2025-06-07 10:03:34 INFO  o.s.o.j.LocalContainerEntityManagerFactoryBean - Closing JPA EntityManagerFactory for persistence unit 'default'
2025-06-07 10:03:34 WARN  o.s.b.f.s.DisposableBeanAdapter - Invocation of destroy method failed on bean with name 'inMemoryDatabaseShutdownExecutor': org.h2.jdbc.JdbcSQLNonTransientConnectionException: База данных уже закрыта (чтобы отключить автоматическое закрытие базы данных при останове JVM, добавьте ";DB_CLOSE_ON_EXIT=FALSE" в URL)
Database is already closed (to disable automatic closing at VM shutdown, add ";DB_CLOSE_ON_EXIT=FALSE" to the db URL) [90121-214]
2025-06-07 10:03:34 INFO  com.zaxxer.hikari.HikariDataSource - HikariPool-1 - Shutdown initiated...
2025-06-07 10:03:34 INFO  com.zaxxer.hikari.HikariDataSource - HikariPool-1 - Shutdown completed.
2025-06-07 10:03:43 INFO  c.e.s.СontrollerApplication - Starting СontrollerApplication using Java 21.0.4 with PID 23068 (C:\Users\79162\IdeaProjects\kontroller\target\classes started by 79162 in C:\Users\79162\IdeaProjects\kontroller)
2025-06-07 10:03:43 DEBUG c.e.s.СontrollerApplication - Running with Spring Boot v3.1.5, Spring v6.0.13
2025-06-07 10:03:43 INFO  c.e.s.СontrollerApplication - No active profile set, falling back to 1 default profile: "default"
2025-06-07 10:03:44 INFO  o.s.b.d.e.DevToolsPropertyDefaultsPostProcessor - Devtools property defaults active! Set 'spring.devtools.add-properties' to 'false' to disable
2025-06-07 10:03:44 INFO  o.s.b.d.e.DevToolsPropertyDefaultsPostProcessor - For additional web related logging consider setting the 'logging.level.web' property to 'DEBUG'
2025-06-07 10:03:45 INFO  o.s.d.r.c.RepositoryConfigurationDelegate - Bootstrapping Spring Data JPA repositories in DEFAULT mode.
2025-06-07 10:03:45 INFO  o.s.d.r.c.RepositoryConfigurationDelegate - Finished Spring Data repository scanning in 138 ms. Found 2 JPA repository interfaces.
2025-06-07 10:03:47 INFO  o.s.b.w.e.tomcat.TomcatWebServer - Tomcat initialized with port(s): 8080 (http)
2025-06-07 10:03:47 INFO  o.a.coyote.http11.Http11NioProtocol - Initializing ProtocolHandler ["http-nio-8080"]
2025-06-07 10:03:47 INFO  o.a.catalina.core.StandardService - Starting service [Tomcat]
2025-06-07 10:03:47 INFO  o.a.catalina.core.StandardEngine - Starting Servlet engine: [Apache Tomcat/10.1.15]
2025-06-07 10:03:47 INFO  o.a.c.c.C.[Tomcat].[localhost].[/] - Initializing Spring embedded WebApplicationContext
2025-06-07 10:03:47 INFO  o.s.b.w.s.c.ServletWebServerApplicationContext - Root WebApplicationContext: initialization completed in 3411 ms
2025-06-07 10:03:47 INFO  com.zaxxer.hikari.HikariDataSource - HikariPool-1 - Starting...
2025-06-07 10:03:48 INFO  com.zaxxer.hikari.pool.HikariPool - HikariPool-1 - Added connection conn0: url=jdbc:h2:mem:testdb user=SA
2025-06-07 10:03:48 INFO  com.zaxxer.hikari.HikariDataSource - HikariPool-1 - Start completed.
2025-06-07 10:03:48 INFO  o.s.b.a.h.H2ConsoleAutoConfiguration - H2 console available at '/h2-console'. Database available at 'jdbc:h2:mem:testdb'
2025-06-07 10:03:48 INFO  o.h.jpa.internal.util.LogHelper - HHH000204: Processing PersistenceUnitInfo [name: default]
2025-06-07 10:03:48 INFO  org.hibernate.Version - HHH000412: Hibernate ORM core version 6.2.13.Final
2025-06-07 10:03:48 INFO  org.hibernate.cfg.Environment - HHH000406: Using bytecode reflection optimizer
2025-06-07 10:03:49 INFO  o.s.o.j.p.SpringPersistenceUnitInfo - No LoadTimeWeaver setup: ignoring JPA class transformer
2025-06-07 10:03:51 INFO  o.h.e.t.j.p.i.JtaPlatformInitiator - HHH000489: No JTA platform available (set 'hibernate.transaction.jta.platform' to enable JTA platform integration)
2025-06-07 10:03:52 INFO  o.s.o.j.LocalContainerEntityManagerFactoryBean - Initialized JPA EntityManagerFactory for persistence unit 'default'
2025-06-07 10:03:53 ERROR c.e.s.f.s.a.adam.AdamModbusAdapter - [MODBUS] Initialization failed
com.serotonin.modbus4j.exception.ModbusInitException: java.net.SocketTimeoutException: Connect timed out
	at com.serotonin.modbus4j.ip.tcp.TcpMaster.init(TcpMaster.java:175)
	at com.exempal.shiftcounter.features.signal.adapter.adam.AdamModbusAdapter.init(AdamModbusAdapter.java:38)
	at java.base/jdk.internal.reflect.DirectMethodHandleAccessor.invoke(DirectMethodHandleAccessor.java:103)
	at java.base/java.lang.reflect.Method.invoke(Method.java:580)
	at org.springframework.beans.factory.annotation.InitDestroyAnnotationBeanPostProcessor$LifecycleMethod.invoke(InitDestroyAnnotationBeanPostProcessor.java:457)
	at org.springframework.beans.factory.annotation.InitDestroyAnnotationBeanPostProcessor$LifecycleMetadata.invokeInitMethods(InitDestroyAnnotationBeanPostProcessor.java:401)
	at org.springframework.beans.factory.annotation.InitDestroyAnnotationBeanPostProcessor.postProcessBeforeInitialization(InitDestroyAnnotationBeanPostProcessor.java:219)
	at org.springframework.beans.factory.support.AbstractAutowireCapableBeanFactory.applyBeanPostProcessorsBeforeInitialization(AbstractAutowireCapableBeanFactory.java:419)
	at org.springframework.beans.factory.support.AbstractAutowireCapableBeanFactory.initializeBean(AbstractAutowireCapableBeanFactory.java:1762)
	at org.springframework.beans.factory.support.AbstractAutowireCapableBeanFactory.doCreateBean(AbstractAutowireCapableBeanFactory.java:598)
	at org.springframework.beans.factory.support.AbstractAutowireCapableBeanFactory.createBean(AbstractAutowireCapableBeanFactory.java:520)
	at org.springframework.beans.factory.support.AbstractBeanFactory.lambda$doGetBean$0(AbstractBeanFactory.java:325)
	at org.springframework.beans.factory.support.DefaultSingletonBeanRegistry.getSingleton(DefaultSingletonBeanRegistry.java:234)
	at org.springframework.beans.factory.support.AbstractBeanFactory.doGetBean(AbstractBeanFactory.java:323)
	at org.springframework.beans.factory.support.AbstractBeanFactory.getBean(AbstractBeanFactory.java:199)
	at org.springframework.beans.factory.support.DefaultListableBeanFactory.preInstantiateSingletons(DefaultListableBeanFactory.java:973)
	at org.springframework.context.support.AbstractApplicationContext.finishBeanFactoryInitialization(AbstractApplicationContext.java:950)
	at org.springframework.context.support.AbstractApplicationContext.refresh(AbstractApplicationContext.java:616)
	at org.springframework.boot.web.servlet.context.ServletWebServerApplicationContext.refresh(ServletWebServerApplicationContext.java:146)
	at org.springframework.boot.SpringApplication.refresh(SpringApplication.java:738)
	at org.springframework.boot.SpringApplication.refreshContext(SpringApplication.java:440)
	at org.springframework.boot.SpringApplication.run(SpringApplication.java:316)
	at org.springframework.boot.SpringApplication.run(SpringApplication.java:1306)
	at org.springframework.boot.SpringApplication.run(SpringApplication.java:1295)
	at com.exempal.shiftcounter.СontrollerApplication.main(СontrollerApplication.java:10)
	at java.base/jdk.internal.reflect.DirectMethodHandleAccessor.invoke(DirectMethodHandleAccessor.java:103)
	at java.base/java.lang.reflect.Method.invoke(Method.java:580)
	at org.springframework.boot.devtools.restart.RestartLauncher.run(RestartLauncher.java:50)
Caused by: java.net.SocketTimeoutException: Connect timed out
	at java.base/sun.nio.ch.NioSocketImpl.timedFinishConnect(NioSocketImpl.java:546)
	at java.base/sun.nio.ch.NioSocketImpl.connect(NioSocketImpl.java:592)
	at java.base/java.net.SocksSocketImpl.connect(SocksSocketImpl.java:327)
	at java.base/java.net.Socket.connect(Socket.java:751)
	at com.serotonin.modbus4j.ip.tcp.TcpMaster.openConnection(TcpMaster.java:302)
	at com.serotonin.modbus4j.ip.tcp.TcpMaster.init(TcpMaster.java:172)
	... 27 common frames omitted
2025-06-07 10:03:53 WARN  o.s.b.a.o.j.JpaBaseConfiguration$JpaWebConfiguration - spring.jpa.open-in-view is enabled by default. Therefore, database queries may be performed during view rendering. Explicitly configure spring.jpa.open-in-view to disable this warning
2025-06-07 10:03:54 INFO  o.s.b.d.a.OptionalLiveReloadServer - LiveReload server is running on port 35729
2025-06-07 10:03:54 INFO  o.a.coyote.http11.Http11NioProtocol - Starting ProtocolHandler ["http-nio-8080"]
2025-06-07 10:03:54 INFO  o.s.b.w.e.tomcat.TomcatWebServer - Tomcat started on port(s): 8080 (http) with context path ''
2025-06-07 10:03:54 INFO  c.e.s.СontrollerApplication - Started СontrollerApplication in 12.136 seconds (process running for 13.937)
2025-06-07 10:04:31 INFO  o.a.c.c.C.[Tomcat].[localhost].[/] - Initializing Spring DispatcherServlet 'dispatcherServlet'
2025-06-07 10:04:31 INFO  o.s.web.servlet.DispatcherServlet - Initializing Servlet 'dispatcherServlet'
2025-06-07 10:04:31 INFO  o.s.web.servlet.DispatcherServlet - Completed initialization in 3 ms
2025-06-07 10:05:14 INFO  c.e.s.f.s.a.adam.AdamModbusAdapter - [MODBUS] Connection closed
2025-06-07 10:05:14 INFO  o.s.o.j.LocalContainerEntityManagerFactoryBean - Closing JPA EntityManagerFactory for persistence unit 'default'
2025-06-07 10:05:14 WARN  o.s.b.f.s.DisposableBeanAdapter - Invocation of destroy method failed on bean with name 'inMemoryDatabaseShutdownExecutor': org.h2.jdbc.JdbcSQLNonTransientConnectionException: База данных уже закрыта (чтобы отключить автоматическое закрытие базы данных при останове JVM, добавьте ";DB_CLOSE_ON_EXIT=FALSE" в URL)
Database is already closed (to disable automatic closing at VM shutdown, add ";DB_CLOSE_ON_EXIT=FALSE" to the db URL) [90121-214]
2025-06-07 10:05:14 INFO  com.zaxxer.hikari.HikariDataSource - HikariPool-1 - Shutdown initiated...
2025-06-07 10:05:14 INFO  com.zaxxer.hikari.HikariDataSource - HikariPool-1 - Shutdown completed.
2025-06-07 10:12:19 INFO  c.e.s.СontrollerApplication - Starting СontrollerApplication using Java 21.0.4 with PID 19796 (C:\Users\79162\IdeaProjects\kontroller\target\classes started by 79162 in C:\Users\79162\IdeaProjects\kontroller)
2025-06-07 10:12:19 DEBUG c.e.s.СontrollerApplication - Running with Spring Boot v3.1.5, Spring v6.0.13
2025-06-07 10:12:19 INFO  c.e.s.СontrollerApplication - No active profile set, falling back to 1 default profile: "default"
2025-06-07 10:12:19 INFO  o.s.b.d.e.DevToolsPropertyDefaultsPostProcessor - Devtools property defaults active! Set 'spring.devtools.add-properties' to 'false' to disable
2025-06-07 10:12:19 INFO  o.s.b.d.e.DevToolsPropertyDefaultsPostProcessor - For additional web related logging consider setting the 'logging.level.web' property to 'DEBUG'
2025-06-07 10:12:21 INFO  o.s.d.r.c.RepositoryConfigurationDelegate - Bootstrapping Spring Data JPA repositories in DEFAULT mode.
2025-06-07 10:12:22 INFO  o.s.d.r.c.RepositoryConfigurationDelegate - Finished Spring Data repository scanning in 196 ms. Found 2 JPA repository interfaces.
2025-06-07 10:12:24 INFO  o.s.b.w.e.tomcat.TomcatWebServer - Tomcat initialized with port(s): 8080 (http)
2025-06-07 10:12:24 INFO  o.a.coyote.http11.Http11NioProtocol - Initializing ProtocolHandler ["http-nio-8080"]
2025-06-07 10:12:24 INFO  o.a.catalina.core.StandardService - Starting service [Tomcat]
2025-06-07 10:12:24 INFO  o.a.catalina.core.StandardEngine - Starting Servlet engine: [Apache Tomcat/10.1.15]
2025-06-07 10:12:25 INFO  o.a.c.c.C.[Tomcat].[localhost].[/] - Initializing Spring embedded WebApplicationContext
2025-06-07 10:12:25 INFO  o.s.b.w.s.c.ServletWebServerApplicationContext - Root WebApplicationContext: initialization completed in 5078 ms
2025-06-07 10:12:25 INFO  com.zaxxer.hikari.HikariDataSource - HikariPool-1 - Starting...
2025-06-07 10:12:25 INFO  com.zaxxer.hikari.pool.HikariPool - HikariPool-1 - Added connection conn0: url=jdbc:h2:mem:testdb user=SA
2025-06-07 10:12:25 INFO  com.zaxxer.hikari.HikariDataSource - HikariPool-1 - Start completed.
2025-06-07 10:12:25 INFO  o.s.b.a.h.H2ConsoleAutoConfiguration - H2 console available at '/h2-console'. Database available at 'jdbc:h2:mem:testdb'
2025-06-07 10:12:26 INFO  o.h.jpa.internal.util.LogHelper - HHH000204: Processing PersistenceUnitInfo [name: default]
2025-06-07 10:12:26 INFO  org.hibernate.Version - HHH000412: Hibernate ORM core version 6.2.13.Final
2025-06-07 10:12:26 INFO  org.hibernate.cfg.Environment - HHH000406: Using bytecode reflection optimizer
2025-06-07 10:12:27 INFO  o.s.o.j.p.SpringPersistenceUnitInfo - No LoadTimeWeaver setup: ignoring JPA class transformer
2025-06-07 10:12:30 INFO  o.h.e.t.j.p.i.JtaPlatformInitiator - HHH000489: No JTA platform available (set 'hibernate.transaction.jta.platform' to enable JTA platform integration)
2025-06-07 10:12:30 INFO  o.s.o.j.LocalContainerEntityManagerFactoryBean - Initialized JPA EntityManagerFactory for persistence unit 'default'
2025-06-07 10:12:33 ERROR c.e.s.f.s.a.adam.AdamModbusAdapter - [MODBUS] Initialization failed
com.serotonin.modbus4j.exception.ModbusInitException: java.net.SocketTimeoutException: Connect timed out
	at com.serotonin.modbus4j.ip.tcp.TcpMaster.init(TcpMaster.java:175)
	at com.exempal.shiftcounter.features.signal.adapter.adam.AdamModbusAdapter.init(AdamModbusAdapter.java:38)
	at java.base/jdk.internal.reflect.DirectMethodHandleAccessor.invoke(DirectMethodHandleAccessor.java:103)
	at java.base/java.lang.reflect.Method.invoke(Method.java:580)
	at org.springframework.beans.factory.annotation.InitDestroyAnnotationBeanPostProcessor$LifecycleMethod.invoke(InitDestroyAnnotationBeanPostProcessor.java:457)
	at org.springframework.beans.factory.annotation.InitDestroyAnnotationBeanPostProcessor$LifecycleMetadata.invokeInitMethods(InitDestroyAnnotationBeanPostProcessor.java:401)
	at org.springframework.beans.factory.annotation.InitDestroyAnnotationBeanPostProcessor.postProcessBeforeInitialization(InitDestroyAnnotationBeanPostProcessor.java:219)
	at org.springframework.beans.factory.support.AbstractAutowireCapableBeanFactory.applyBeanPostProcessorsBeforeInitialization(AbstractAutowireCapableBeanFactory.java:419)
	at org.springframework.beans.factory.support.AbstractAutowireCapableBeanFactory.initializeBean(AbstractAutowireCapableBeanFactory.java:1762)
	at org.springframework.beans.factory.support.AbstractAutowireCapableBeanFactory.doCreateBean(AbstractAutowireCapableBeanFactory.java:598)
	at org.springframework.beans.factory.support.AbstractAutowireCapableBeanFactory.createBean(AbstractAutowireCapableBeanFactory.java:520)
	at org.springframework.beans.factory.support.AbstractBeanFactory.lambda$doGetBean$0(AbstractBeanFactory.java:325)
	at org.springframework.beans.factory.support.DefaultSingletonBeanRegistry.getSingleton(DefaultSingletonBeanRegistry.java:234)
	at org.springframework.beans.factory.support.AbstractBeanFactory.doGetBean(AbstractBeanFactory.java:323)
	at org.springframework.beans.factory.support.AbstractBeanFactory.getBean(AbstractBeanFactory.java:199)
	at org.springframework.beans.factory.support.DefaultListableBeanFactory.preInstantiateSingletons(DefaultListableBeanFactory.java:973)
	at org.springframework.context.support.AbstractApplicationContext.finishBeanFactoryInitialization(AbstractApplicationContext.java:950)
	at org.springframework.context.support.AbstractApplicationContext.refresh(AbstractApplicationContext.java:616)
	at org.springframework.boot.web.servlet.context.ServletWebServerApplicationContext.refresh(ServletWebServerApplicationContext.java:146)
	at org.springframework.boot.SpringApplication.refresh(SpringApplication.java:738)
	at org.springframework.boot.SpringApplication.refreshContext(SpringApplication.java:440)
	at org.springframework.boot.SpringApplication.run(SpringApplication.java:316)
	at org.springframework.boot.SpringApplication.run(SpringApplication.java:1306)
	at org.springframework.boot.SpringApplication.run(SpringApplication.java:1295)
	at com.exempal.shiftcounter.СontrollerApplication.main(СontrollerApplication.java:10)
	at java.base/jdk.internal.reflect.DirectMethodHandleAccessor.invoke(DirectMethodHandleAccessor.java:103)
	at java.base/java.lang.reflect.Method.invoke(Method.java:580)
	at org.springframework.boot.devtools.restart.RestartLauncher.run(RestartLauncher.java:50)
Caused by: java.net.SocketTimeoutException: Connect timed out
	at java.base/sun.nio.ch.NioSocketImpl.timedFinishConnect(NioSocketImpl.java:546)
	at java.base/sun.nio.ch.NioSocketImpl.connect(NioSocketImpl.java:592)
	at java.base/java.net.SocksSocketImpl.connect(SocksSocketImpl.java:327)
	at java.base/java.net.Socket.connect(Socket.java:751)
	at com.serotonin.modbus4j.ip.tcp.TcpMaster.openConnection(TcpMaster.java:302)
	at com.serotonin.modbus4j.ip.tcp.TcpMaster.init(TcpMaster.java:172)
	... 27 common frames omitted
2025-06-07 10:12:33 WARN  o.s.b.a.o.j.JpaBaseConfiguration$JpaWebConfiguration - spring.jpa.open-in-view is enabled by default. Therefore, database queries may be performed during view rendering. Explicitly configure spring.jpa.open-in-view to disable this warning
2025-06-07 10:12:34 INFO  o.s.b.d.a.OptionalLiveReloadServer - LiveReload server is running on port 35729
2025-06-07 10:12:34 INFO  o.a.coyote.http11.Http11NioProtocol - Starting ProtocolHandler ["http-nio-8080"]
2025-06-07 10:12:34 INFO  o.s.b.w.e.tomcat.TomcatWebServer - Tomcat started on port(s): 8080 (http) with context path ''
2025-06-07 10:12:34 INFO  c.e.s.СontrollerApplication - Started СontrollerApplication in 16.328 seconds (process running for 18.2)
2025-06-07 10:12:40 INFO  o.a.c.c.C.[Tomcat].[localhost].[/] - Initializing Spring DispatcherServlet 'dispatcherServlet'
2025-06-07 10:12:40 INFO  o.s.web.servlet.DispatcherServlet - Initializing Servlet 'dispatcherServlet'
2025-06-07 10:12:40 INFO  o.s.web.servlet.DispatcherServlet - Completed initialization in 3 ms
2025-06-07 10:19:29 INFO  c.e.s.f.s.a.adam.AdamModbusAdapter - [MODBUS] Connection closed
2025-06-07 10:19:29 INFO  o.s.o.j.LocalContainerEntityManagerFactoryBean - Closing JPA EntityManagerFactory for persistence unit 'default'
2025-06-07 10:19:30 WARN  o.s.b.f.s.DisposableBeanAdapter - Invocation of destroy method failed on bean with name 'inMemoryDatabaseShutdownExecutor': org.h2.jdbc.JdbcSQLNonTransientConnectionException: База данных уже закрыта (чтобы отключить автоматическое закрытие базы данных при останове JVM, добавьте ";DB_CLOSE_ON_EXIT=FALSE" в URL)
Database is already closed (to disable automatic closing at VM shutdown, add ";DB_CLOSE_ON_EXIT=FALSE" to the db URL) [90121-214]
2025-06-07 10:19:30 INFO  com.zaxxer.hikari.HikariDataSource - HikariPool-1 - Shutdown initiated...
2025-06-07 10:19:30 INFO  com.zaxxer.hikari.HikariDataSource - HikariPool-1 - Shutdown completed.
2025-06-07 10:19:37 INFO  c.e.s.СontrollerApplication - Starting СontrollerApplication using Java 21.0.4 with PID 22740 (C:\Users\79162\IdeaProjects\kontroller\target\classes started by 79162 in C:\Users\79162\IdeaProjects\kontroller)
2025-06-07 10:19:37 DEBUG c.e.s.СontrollerApplication - Running with Spring Boot v3.1.5, Spring v6.0.13
2025-06-07 10:19:37 INFO  c.e.s.СontrollerApplication - No active profile set, falling back to 1 default profile: "default"
2025-06-07 10:19:37 INFO  o.s.b.d.e.DevToolsPropertyDefaultsPostProcessor - Devtools property defaults active! Set 'spring.devtools.add-properties' to 'false' to disable
2025-06-07 10:19:37 INFO  o.s.b.d.e.DevToolsPropertyDefaultsPostProcessor - For additional web related logging consider setting the 'logging.level.web' property to 'DEBUG'
2025-06-07 10:19:39 INFO  o.s.d.r.c.RepositoryConfigurationDelegate - Bootstrapping Spring Data JPA repositories in DEFAULT mode.
2025-06-07 10:19:39 INFO  o.s.d.r.c.RepositoryConfigurationDelegate - Finished Spring Data repository scanning in 179 ms. Found 2 JPA repository interfaces.
2025-06-07 10:19:40 INFO  o.s.b.w.e.tomcat.TomcatWebServer - Tomcat initialized with port(s): 8080 (http)
2025-06-07 10:19:40 INFO  o.a.coyote.http11.Http11NioProtocol - Initializing ProtocolHandler ["http-nio-8080"]
2025-06-07 10:19:40 INFO  o.a.catalina.core.StandardService - Starting service [Tomcat]
2025-06-07 10:19:40 INFO  o.a.catalina.core.StandardEngine - Starting Servlet engine: [Apache Tomcat/10.1.15]
2025-06-07 10:19:41 INFO  o.a.c.c.C.[Tomcat].[localhost].[/] - Initializing Spring embedded WebApplicationContext
2025-06-07 10:19:41 INFO  o.s.b.w.s.c.ServletWebServerApplicationContext - Root WebApplicationContext: initialization completed in 3612 ms
2025-06-07 10:19:41 INFO  com.zaxxer.hikari.HikariDataSource - HikariPool-1 - Starting...
2025-06-07 10:19:41 INFO  com.zaxxer.hikari.pool.HikariPool - HikariPool-1 - Added connection conn0: url=jdbc:h2:mem:testdb user=SA
2025-06-07 10:19:41 INFO  com.zaxxer.hikari.HikariDataSource - HikariPool-1 - Start completed.
2025-06-07 10:19:41 INFO  o.s.b.a.h.H2ConsoleAutoConfiguration - H2 console available at '/h2-console'. Database available at 'jdbc:h2:mem:testdb'
2025-06-07 10:19:42 INFO  o.h.jpa.internal.util.LogHelper - HHH000204: Processing PersistenceUnitInfo [name: default]
2025-06-07 10:19:42 INFO  org.hibernate.Version - HHH000412: Hibernate ORM core version 6.2.13.Final
2025-06-07 10:19:42 INFO  org.hibernate.cfg.Environment - HHH000406: Using bytecode reflection optimizer
2025-06-07 10:19:43 INFO  o.s.o.j.p.SpringPersistenceUnitInfo - No LoadTimeWeaver setup: ignoring JPA class transformer
2025-06-07 10:19:45 INFO  o.h.e.t.j.p.i.JtaPlatformInitiator - HHH000489: No JTA platform available (set 'hibernate.transaction.jta.platform' to enable JTA platform integration)
2025-06-07 10:19:45 INFO  o.s.o.j.LocalContainerEntityManagerFactoryBean - Initialized JPA EntityManagerFactory for persistence unit 'default'
2025-06-07 10:19:47 ERROR c.e.s.f.s.a.adam.AdamModbusAdapter - [MODBUS] Initialization failed
com.serotonin.modbus4j.exception.ModbusInitException: java.net.SocketTimeoutException: Connect timed out
	at com.serotonin.modbus4j.ip.tcp.TcpMaster.init(TcpMaster.java:175)
	at com.exempal.shiftcounter.features.signal.adapter.adam.AdamModbusAdapter.init(AdamModbusAdapter.java:38)
	at java.base/jdk.internal.reflect.DirectMethodHandleAccessor.invoke(DirectMethodHandleAccessor.java:103)
	at java.base/java.lang.reflect.Method.invoke(Method.java:580)
	at org.springframework.beans.factory.annotation.InitDestroyAnnotationBeanPostProcessor$LifecycleMethod.invoke(InitDestroyAnnotationBeanPostProcessor.java:457)
	at org.springframework.beans.factory.annotation.InitDestroyAnnotationBeanPostProcessor$LifecycleMetadata.invokeInitMethods(InitDestroyAnnotationBeanPostProcessor.java:401)
	at org.springframework.beans.factory.annotation.InitDestroyAnnotationBeanPostProcessor.postProcessBeforeInitialization(InitDestroyAnnotationBeanPostProcessor.java:219)
	at org.springframework.beans.factory.support.AbstractAutowireCapableBeanFactory.applyBeanPostProcessorsBeforeInitialization(AbstractAutowireCapableBeanFactory.java:419)
	at org.springframework.beans.factory.support.AbstractAutowireCapableBeanFactory.initializeBean(AbstractAutowireCapableBeanFactory.java:1762)
	at org.springframework.beans.factory.support.AbstractAutowireCapableBeanFactory.doCreateBean(AbstractAutowireCapableBeanFactory.java:598)
	at org.springframework.beans.factory.support.AbstractAutowireCapableBeanFactory.createBean(AbstractAutowireCapableBeanFactory.java:520)
	at org.springframework.beans.factory.support.AbstractBeanFactory.lambda$doGetBean$0(AbstractBeanFactory.java:325)
	at org.springframework.beans.factory.support.DefaultSingletonBeanRegistry.getSingleton(DefaultSingletonBeanRegistry.java:234)
	at org.springframework.beans.factory.support.AbstractBeanFactory.doGetBean(AbstractBeanFactory.java:323)
	at org.springframework.beans.factory.support.AbstractBeanFactory.getBean(AbstractBeanFactory.java:199)
	at org.springframework.beans.factory.support.DefaultListableBeanFactory.preInstantiateSingletons(DefaultListableBeanFactory.java:973)
	at org.springframework.context.support.AbstractApplicationContext.finishBeanFactoryInitialization(AbstractApplicationContext.java:950)
	at org.springframework.context.support.AbstractApplicationContext.refresh(AbstractApplicationContext.java:616)
	at org.springframework.boot.web.servlet.context.ServletWebServerApplicationContext.refresh(ServletWebServerApplicationContext.java:146)
	at org.springframework.boot.SpringApplication.refresh(SpringApplication.java:738)
	at org.springframework.boot.SpringApplication.refreshContext(SpringApplication.java:440)
	at org.springframework.boot.SpringApplication.run(SpringApplication.java:316)
	at org.springframework.boot.SpringApplication.run(SpringApplication.java:1306)
	at org.springframework.boot.SpringApplication.run(SpringApplication.java:1295)
	at com.exempal.shiftcounter.СontrollerApplication.main(СontrollerApplication.java:10)
	at java.base/jdk.internal.reflect.DirectMethodHandleAccessor.invoke(DirectMethodHandleAccessor.java:103)
	at java.base/java.lang.reflect.Method.invoke(Method.java:580)
	at org.springframework.boot.devtools.restart.RestartLauncher.run(RestartLauncher.java:50)
Caused by: java.net.SocketTimeoutException: Connect timed out
	at java.base/sun.nio.ch.NioSocketImpl.timedFinishConnect(NioSocketImpl.java:546)
	at java.base/sun.nio.ch.NioSocketImpl.connect(NioSocketImpl.java:592)
	at java.base/java.net.SocksSocketImpl.connect(SocksSocketImpl.java:327)
	at java.base/java.net.Socket.connect(Socket.java:751)
	at com.serotonin.modbus4j.ip.tcp.TcpMaster.openConnection(TcpMaster.java:302)
	at com.serotonin.modbus4j.ip.tcp.TcpMaster.init(TcpMaster.java:172)
	... 27 common frames omitted
2025-06-07 10:19:47 WARN  o.s.b.a.o.j.JpaBaseConfiguration$JpaWebConfiguration - spring.jpa.open-in-view is enabled by default. Therefore, database queries may be performed during view rendering. Explicitly configure spring.jpa.open-in-view to disable this warning
2025-06-07 10:19:48 INFO  o.s.b.d.a.OptionalLiveReloadServer - LiveReload server is running on port 35729
2025-06-07 10:19:48 INFO  o.a.coyote.http11.Http11NioProtocol - Starting ProtocolHandler ["http-nio-8080"]
2025-06-07 10:19:48 INFO  o.s.b.w.e.tomcat.TomcatWebServer - Tomcat started on port(s): 8080 (http) with context path ''
2025-06-07 10:19:48 INFO  c.e.s.СontrollerApplication - Started СontrollerApplication in 12.293 seconds (process running for 14.251)
2025-06-07 10:19:52 INFO  o.a.c.c.C.[Tomcat].[localhost].[/] - Initializing Spring DispatcherServlet 'dispatcherServlet'
2025-06-07 10:19:52 INFO  o.s.web.servlet.DispatcherServlet - Initializing Servlet 'dispatcherServlet'
2025-06-07 10:19:52 INFO  o.s.web.servlet.DispatcherServlet - Completed initialization in 4 ms
2025-06-07 10:19:59 WARN  o.t.s.p.AbstractStandardFragmentInsertionTagProcessor - [THYMELEAF][http-nio-8080-exec-5][layout] Deprecated unwrapped fragment expression "${contentTemplate} :: content" found in template layout, line 21, col 10. Please use the complete syntax of fragment expressions instead ("~{${contentTemplate} :: content}"). The old, unwrapped syntax for fragment expressions will be removed in future versions of Thymeleaf.
2025-06-07 10:20:00 WARN  o.t.s.p.AbstractStandardFragmentInsertionTagProcessor - [THYMELEAF][http-nio-8080-exec-7][layout] Deprecated unwrapped fragment expression "${contentTemplate} :: content" found in template layout, line 21, col 10. Please use the complete syntax of fragment expressions instead ("~{${contentTemplate} :: content}"). The old, unwrapped syntax for fragment expressions will be removed in future versions of Thymeleaf.
2025-06-07 10:20:02 WARN  o.t.s.p.AbstractStandardFragmentInsertionTagProcessor - [THYMELEAF][http-nio-8080-exec-9][layout] Deprecated unwrapped fragment expression "${contentTemplate} :: content" found in template layout, line 21, col 10. Please use the complete syntax of fragment expressions instead ("~{${contentTemplate} :: content}"). The old, unwrapped syntax for fragment expressions will be removed in future versions of Thymeleaf.
2025-06-07 10:20:03 WARN  o.t.s.p.AbstractStandardFragmentInsertionTagProcessor - [THYMELEAF][http-nio-8080-exec-1][layout] Deprecated unwrapped fragment expression "${contentTemplate} :: content" found in template layout, line 21, col 10. Please use the complete syntax of fragment expressions instead ("~{${contentTemplate} :: content}"). The old, unwrapped syntax for fragment expressions will be removed in future versions of Thymeleaf.
2025-06-07 10:20:03 WARN  o.t.s.p.AbstractStandardFragmentInsertionTagProcessor - [THYMELEAF][http-nio-8080-exec-2][layout] Deprecated unwrapped fragment expression "${contentTemplate} :: content" found in template layout, line 21, col 10. Please use the complete syntax of fragment expressions instead ("~{${contentTemplate} :: content}"). The old, unwrapped syntax for fragment expressions will be removed in future versions of Thymeleaf.
2025-06-07 10:22:42 INFO  o.s.b.d.a.LocalDevToolsAutoConfiguration$RestartingClassPathChangeChangedEventListener - Restarting due to 1 class path change (0 additions, 1 deletion, 0 modifications)
2025-06-07 10:22:42 INFO  o.a.coyote.http11.Http11NioProtocol - Pausing ProtocolHandler ["http-nio-8080"]
2025-06-07 10:22:42 INFO  o.a.catalina.core.StandardService - Stopping service [Tomcat]
2025-06-07 10:22:42 INFO  o.a.c.c.C.[Tomcat].[localhost].[/] - Destroying Spring FrameworkServlet 'dispatcherServlet'
2025-06-07 10:22:42 INFO  o.a.coyote.http11.Http11NioProtocol - Stopping ProtocolHandler ["http-nio-8080"]
2025-06-07 10:22:42 INFO  o.a.coyote.http11.Http11NioProtocol - Destroying ProtocolHandler ["http-nio-8080"]
2025-06-07 10:22:42 INFO  c.e.s.f.s.a.adam.AdamModbusAdapter - [MODBUS] Connection closed
2025-06-07 10:22:42 INFO  o.s.o.j.LocalContainerEntityManagerFactoryBean - Closing JPA EntityManagerFactory for persistence unit 'default'
2025-06-07 10:22:42 WARN  o.s.b.f.s.DisposableBeanAdapter - Invocation of destroy method failed on bean with name 'inMemoryDatabaseShutdownExecutor': org.h2.jdbc.JdbcSQLNonTransientConnectionException: База данных уже закрыта (чтобы отключить автоматическое закрытие базы данных при останове JVM, добавьте ";DB_CLOSE_ON_EXIT=FALSE" в URL)
Database is already closed (to disable automatic closing at VM shutdown, add ";DB_CLOSE_ON_EXIT=FALSE" to the db URL) [90121-214]
2025-06-07 10:22:42 INFO  com.zaxxer.hikari.HikariDataSource - HikariPool-1 - Shutdown initiated...
2025-06-07 10:22:42 INFO  com.zaxxer.hikari.HikariDataSource - HikariPool-1 - Shutdown completed.
2025-06-07 10:22:43 INFO  c.e.s.СontrollerApplication - Starting СontrollerApplication using Java 21.0.4 with PID 22740 (C:\Users\79162\IdeaProjects\kontroller\target\classes started by 79162 in C:\Users\79162\IdeaProjects\kontroller)
2025-06-07 10:22:43 DEBUG c.e.s.СontrollerApplication - Running with Spring Boot v3.1.5, Spring v6.0.13
2025-06-07 10:22:43 INFO  c.e.s.СontrollerApplication - No active profile set, falling back to 1 default profile: "default"
2025-06-07 10:22:43 INFO  o.s.d.r.c.RepositoryConfigurationDelegate - Bootstrapping Spring Data JPA repositories in DEFAULT mode.
2025-06-07 10:22:44 INFO  o.s.d.r.c.RepositoryConfigurationDelegate - Finished Spring Data repository scanning in 38 ms. Found 2 JPA repository interfaces.
2025-06-07 10:22:44 INFO  o.s.b.w.e.tomcat.TomcatWebServer - Tomcat initialized with port(s): 8080 (http)
2025-06-07 10:22:44 INFO  o.a.coyote.http11.Http11NioProtocol - Initializing ProtocolHandler ["http-nio-8080"]
2025-06-07 10:22:44 INFO  o.a.catalina.core.StandardService - Starting service [Tomcat]
2025-06-07 10:22:44 INFO  o.a.catalina.core.StandardEngine - Starting Servlet engine: [Apache Tomcat/10.1.15]
2025-06-07 10:22:44 INFO  o.a.c.c.C.[Tomcat].[localhost].[/] - Initializing Spring embedded WebApplicationContext
2025-06-07 10:22:44 INFO  o.s.b.w.s.c.ServletWebServerApplicationContext - Root WebApplicationContext: initialization completed in 1397 ms
2025-06-07 10:22:44 INFO  com.zaxxer.hikari.HikariDataSource - HikariPool-2 - Starting...
2025-06-07 10:22:44 INFO  com.zaxxer.hikari.pool.HikariPool - HikariPool-2 - Added connection conn10: url=jdbc:h2:mem:testdb user=SA
2025-06-07 10:22:44 INFO  com.zaxxer.hikari.HikariDataSource - HikariPool-2 - Start completed.
2025-06-07 10:22:44 INFO  o.s.b.a.h.H2ConsoleAutoConfiguration - H2 console available at '/h2-console'. Database available at 'jdbc:h2:mem:testdb'
2025-06-07 10:22:44 INFO  o.h.jpa.internal.util.LogHelper - HHH000204: Processing PersistenceUnitInfo [name: default]
2025-06-07 10:22:44 INFO  o.s.o.j.p.SpringPersistenceUnitInfo - No LoadTimeWeaver setup: ignoring JPA class transformer
2025-06-07 10:22:45 INFO  o.h.e.t.j.p.i.JtaPlatformInitiator - HHH000489: No JTA platform available (set 'hibernate.transaction.jta.platform' to enable JTA platform integration)
2025-06-07 10:22:45 INFO  o.s.o.j.LocalContainerEntityManagerFactoryBean - Initialized JPA EntityManagerFactory for persistence unit 'default'
2025-06-07 10:22:46 ERROR c.e.s.f.s.a.adam.AdamModbusAdapter - [MODBUS] Initialization failed
com.serotonin.modbus4j.exception.ModbusInitException: java.net.SocketTimeoutException: Connect timed out
	at com.serotonin.modbus4j.ip.tcp.TcpMaster.init(TcpMaster.java:175)
	at com.exempal.shiftcounter.features.signal.adapter.adam.AdamModbusAdapter.init(AdamModbusAdapter.java:38)
	at java.base/jdk.internal.reflect.DirectMethodHandleAccessor.invoke(DirectMethodHandleAccessor.java:103)
	at java.base/java.lang.reflect.Method.invoke(Method.java:580)
	at org.springframework.beans.factory.annotation.InitDestroyAnnotationBeanPostProcessor$LifecycleMethod.invoke(InitDestroyAnnotationBeanPostProcessor.java:457)
	at org.springframework.beans.factory.annotation.InitDestroyAnnotationBeanPostProcessor$LifecycleMetadata.invokeInitMethods(InitDestroyAnnotationBeanPostProcessor.java:401)
	at org.springframework.beans.factory.annotation.InitDestroyAnnotationBeanPostProcessor.postProcessBeforeInitialization(InitDestroyAnnotationBeanPostProcessor.java:219)
	at org.springframework.beans.factory.support.AbstractAutowireCapableBeanFactory.applyBeanPostProcessorsBeforeInitialization(AbstractAutowireCapableBeanFactory.java:419)
	at org.springframework.beans.factory.support.AbstractAutowireCapableBeanFactory.initializeBean(AbstractAutowireCapableBeanFactory.java:1762)
	at org.springframework.beans.factory.support.AbstractAutowireCapableBeanFactory.doCreateBean(AbstractAutowireCapableBeanFactory.java:598)
	at org.springframework.beans.factory.support.AbstractAutowireCapableBeanFactory.createBean(AbstractAutowireCapableBeanFactory.java:520)
	at org.springframework.beans.factory.support.AbstractBeanFactory.lambda$doGetBean$0(AbstractBeanFactory.java:325)
	at org.springframework.beans.factory.support.DefaultSingletonBeanRegistry.getSingleton(DefaultSingletonBeanRegistry.java:234)
	at org.springframework.beans.factory.support.AbstractBeanFactory.doGetBean(AbstractBeanFactory.java:323)
	at org.springframework.beans.factory.support.AbstractBeanFactory.getBean(AbstractBeanFactory.java:199)
	at org.springframework.beans.factory.support.DefaultListableBeanFactory.preInstantiateSingletons(DefaultListableBeanFactory.java:973)
	at org.springframework.context.support.AbstractApplicationContext.finishBeanFactoryInitialization(AbstractApplicationContext.java:950)
	at org.springframework.context.support.AbstractApplicationContext.refresh(AbstractApplicationContext.java:616)
	at org.springframework.boot.web.servlet.context.ServletWebServerApplicationContext.refresh(ServletWebServerApplicationContext.java:146)
	at org.springframework.boot.SpringApplication.refresh(SpringApplication.java:738)
	at org.springframework.boot.SpringApplication.refreshContext(SpringApplication.java:440)
	at org.springframework.boot.SpringApplication.run(SpringApplication.java:316)
	at org.springframework.boot.SpringApplication.run(SpringApplication.java:1306)
	at org.springframework.boot.SpringApplication.run(SpringApplication.java:1295)
	at com.exempal.shiftcounter.СontrollerApplication.main(СontrollerApplication.java:10)
	at java.base/jdk.internal.reflect.DirectMethodHandleAccessor.invoke(DirectMethodHandleAccessor.java:103)
	at java.base/java.lang.reflect.Method.invoke(Method.java:580)
	at org.springframework.boot.devtools.restart.RestartLauncher.run(RestartLauncher.java:50)
Caused by: java.net.SocketTimeoutException: Connect timed out
	at java.base/sun.nio.ch.NioSocketImpl.timedFinishConnect(NioSocketImpl.java:546)
	at java.base/sun.nio.ch.NioSocketImpl.connect(NioSocketImpl.java:592)
	at java.base/java.net.SocksSocketImpl.connect(SocksSocketImpl.java:327)
	at java.base/java.net.Socket.connect(Socket.java:751)
	at com.serotonin.modbus4j.ip.tcp.TcpMaster.openConnection(TcpMaster.java:302)
	at com.serotonin.modbus4j.ip.tcp.TcpMaster.init(TcpMaster.java:172)
	... 27 common frames omitted
2025-06-07 10:22:46 WARN  o.s.b.a.o.j.JpaBaseConfiguration$JpaWebConfiguration - spring.jpa.open-in-view is enabled by default. Therefore, database queries may be performed during view rendering. Explicitly configure spring.jpa.open-in-view to disable this warning
2025-06-07 10:22:46 INFO  o.s.b.d.a.OptionalLiveReloadServer - LiveReload server is running on port 35729
2025-06-07 10:22:46 INFO  o.a.coyote.http11.Http11NioProtocol - Starting ProtocolHandler ["http-nio-8080"]
2025-06-07 10:22:46 INFO  o.s.b.w.e.tomcat.TomcatWebServer - Tomcat started on port(s): 8080 (http) with context path ''
2025-06-07 10:22:46 INFO  c.e.s.СontrollerApplication - Started СontrollerApplication in 3.515 seconds (process running for 192.507)
2025-06-07 10:22:46 INFO  o.s.b.d.a.ConditionEvaluationDeltaLoggingListener - Condition evaluation unchanged
2025-06-07 10:23:50 INFO  o.s.b.d.a.LocalDevToolsAutoConfiguration$RestartingClassPathChangeChangedEventListener - Restarting due to 1 class path change (0 additions, 1 deletion, 0 modifications)
2025-06-07 10:23:50 INFO  o.a.coyote.http11.Http11NioProtocol - Pausing ProtocolHandler ["http-nio-8080"]
2025-06-07 10:23:50 INFO  o.a.catalina.core.StandardService - Stopping service [Tomcat]
2025-06-07 10:23:50 INFO  o.a.coyote.http11.Http11NioProtocol - Stopping ProtocolHandler ["http-nio-8080"]
2025-06-07 10:23:50 INFO  o.a.coyote.http11.Http11NioProtocol - Destroying ProtocolHandler ["http-nio-8080"]
2025-06-07 10:23:50 INFO  c.e.s.f.s.a.adam.AdamModbusAdapter - [MODBUS] Connection closed
2025-06-07 10:23:50 INFO  o.s.o.j.LocalContainerEntityManagerFactoryBean - Closing JPA EntityManagerFactory for persistence unit 'default'
2025-06-07 10:23:50 WARN  o.s.b.f.s.DisposableBeanAdapter - Invocation of destroy method failed on bean with name 'inMemoryDatabaseShutdownExecutor': org.h2.jdbc.JdbcSQLNonTransientConnectionException: База данных уже закрыта (чтобы отключить автоматическое закрытие базы данных при останове JVM, добавьте ";DB_CLOSE_ON_EXIT=FALSE" в URL)
Database is already closed (to disable automatic closing at VM shutdown, add ";DB_CLOSE_ON_EXIT=FALSE" to the db URL) [90121-214]
2025-06-07 10:23:50 INFO  com.zaxxer.hikari.HikariDataSource - HikariPool-2 - Shutdown initiated...
2025-06-07 10:23:50 INFO  com.zaxxer.hikari.HikariDataSource - HikariPool-2 - Shutdown completed.
2025-06-07 10:23:50 INFO  c.e.s.СontrollerApplication - Starting СontrollerApplication using Java 21.0.4 with PID 22740 (C:\Users\79162\IdeaProjects\kontroller\target\classes started by 79162 in C:\Users\79162\IdeaProjects\kontroller)
2025-06-07 10:23:50 DEBUG c.e.s.СontrollerApplication - Running with Spring Boot v3.1.5, Spring v6.0.13
2025-06-07 10:23:50 INFO  c.e.s.СontrollerApplication - No active profile set, falling back to 1 default profile: "default"
2025-06-07 10:23:51 WARN  o.s.b.w.s.c.AnnotationConfigServletWebServerApplicationContext - Exception encountered during context initialization - cancelling refresh attempt: org.springframework.beans.factory.BeanDefinitionStoreException: Failed to parse configuration class [com.exempal.shiftcounter.СontrollerApplication]
2025-06-07 10:23:51 ERROR o.s.boot.SpringApplication - Application run failed
org.springframework.beans.factory.BeanDefinitionStoreException: Failed to parse configuration class [com.exempal.shiftcounter.СontrollerApplication]
	at org.springframework.context.annotation.ConfigurationClassParser.parse(ConfigurationClassParser.java:178)
	at org.springframework.context.annotation.ConfigurationClassPostProcessor.processConfigBeanDefinitions(ConfigurationClassPostProcessor.java:415)
	at org.springframework.context.annotation.ConfigurationClassPostProcessor.postProcessBeanDefinitionRegistry(ConfigurationClassPostProcessor.java:287)
	at org.springframework.context.support.PostProcessorRegistrationDelegate.invokeBeanDefinitionRegistryPostProcessors(PostProcessorRegistrationDelegate.java:344)
	at org.springframework.context.support.PostProcessorRegistrationDelegate.invokeBeanFactoryPostProcessors(PostProcessorRegistrationDelegate.java:115)
	at org.springframework.context.support.AbstractApplicationContext.invokeBeanFactoryPostProcessors(AbstractApplicationContext.java:779)
	at org.springframework.context.support.AbstractApplicationContext.refresh(AbstractApplicationContext.java:597)
	at org.springframework.boot.web.servlet.context.ServletWebServerApplicationContext.refresh(ServletWebServerApplicationContext.java:146)
	at org.springframework.boot.SpringApplication.refresh(SpringApplication.java:738)
	at org.springframework.boot.SpringApplication.refreshContext(SpringApplication.java:440)
	at org.springframework.boot.SpringApplication.run(SpringApplication.java:316)
	at org.springframework.boot.SpringApplication.run(SpringApplication.java:1306)
	at org.springframework.boot.SpringApplication.run(SpringApplication.java:1295)
	at com.exempal.shiftcounter.СontrollerApplication.main(СontrollerApplication.java:10)
	at java.base/jdk.internal.reflect.DirectMethodHandleAccessor.invoke(DirectMethodHandleAccessor.java:103)
	at java.base/java.lang.reflect.Method.invoke(Method.java:580)
	at org.springframework.boot.devtools.restart.RestartLauncher.run(RestartLauncher.java:50)
Caused by: java.io.FileNotFoundException: class path resource [com/exempal/shiftcounter/core/PageModel.class] cannot be opened because it does not exist
	at org.springframework.core.io.ClassPathResource.getInputStream(ClassPathResource.java:211)
	at org.springframework.core.type.classreading.SimpleMetadataReader.getClassReader(SimpleMetadataReader.java:54)
	at org.springframework.core.type.classreading.SimpleMetadataReader.<init>(SimpleMetadataReader.java:48)
	at org.springframework.core.type.classreading.SimpleMetadataReaderFactory.getMetadataReader(SimpleMetadataReaderFactory.java:103)
	at org.springframework.boot.type.classreading.ConcurrentReferenceCachingMetadataReaderFactory.createMetadataReader(ConcurrentReferenceCachingMetadataReaderFactory.java:86)
	at org.springframework.boot.type.classreading.ConcurrentReferenceCachingMetadataReaderFactory.getMetadataReader(ConcurrentReferenceCachingMetadataReaderFactory.java:73)
	at org.springframework.core.type.classreading.SimpleMetadataReaderFactory.getMetadataReader(SimpleMetadataReaderFactory.java:81)
	at org.springframework.context.annotation.ConfigurationClassParser.asSourceClass(ConfigurationClassParser.java:613)
	at org.springframework.context.annotation.ConfigurationClassParser$SourceClass.getInterfaces(ConfigurationClassParser.java:939)
	at org.springframework.context.annotation.ConfigurationClassParser.processInterfaces(ConfigurationClassParser.java:379)
	at org.springframework.context.annotation.ConfigurationClassParser.doProcessConfigurationClass(ConfigurationClassParser.java:325)
	at org.springframework.context.annotation.ConfigurationClassParser.processConfigurationClass(ConfigurationClassParser.java:243)
	at org.springframework.context.annotation.ConfigurationClassParser.parse(ConfigurationClassParser.java:188)
	at org.springframework.context.annotation.ConfigurationClassParser.doProcessConfigurationClass(ConfigurationClassParser.java:297)
	at org.springframework.context.annotation.ConfigurationClassParser.processConfigurationClass(ConfigurationClassParser.java:243)
	at org.springframework.context.annotation.ConfigurationClassParser.parse(ConfigurationClassParser.java:196)
	at org.springframework.context.annotation.ConfigurationClassParser.parse(ConfigurationClassParser.java:164)
	... 16 common frames omitted
2025-06-07 10:23:54 INFO  c.e.s.СontrollerApplication - Starting СontrollerApplication using Java 21.0.4 with PID 22740 (C:\Users\79162\IdeaProjects\kontroller\target\classes started by 79162 in C:\Users\79162\IdeaProjects\kontroller)
2025-06-07 10:23:54 DEBUG c.e.s.СontrollerApplication - Running with Spring Boot v3.1.5, Spring v6.0.13
2025-06-07 10:23:54 INFO  c.e.s.СontrollerApplication - No active profile set, falling back to 1 default profile: "default"
2025-06-07 10:23:54 WARN  o.s.b.w.s.c.AnnotationConfigServletWebServerApplicationContext - Exception encountered during context initialization - cancelling refresh attempt: org.springframework.beans.factory.BeanDefinitionStoreException: Failed to parse configuration class [com.exempal.shiftcounter.СontrollerApplication]
2025-06-07 10:23:54 ERROR o.s.boot.SpringApplication - Application run failed
org.springframework.beans.factory.BeanDefinitionStoreException: Failed to parse configuration class [com.exempal.shiftcounter.СontrollerApplication]
	at org.springframework.context.annotation.ConfigurationClassParser.parse(ConfigurationClassParser.java:178)
	at org.springframework.context.annotation.ConfigurationClassPostProcessor.processConfigBeanDefinitions(ConfigurationClassPostProcessor.java:415)
	at org.springframework.context.annotation.ConfigurationClassPostProcessor.postProcessBeanDefinitionRegistry(ConfigurationClassPostProcessor.java:287)
	at org.springframework.context.support.PostProcessorRegistrationDelegate.invokeBeanDefinitionRegistryPostProcessors(PostProcessorRegistrationDelegate.java:344)
	at org.springframework.context.support.PostProcessorRegistrationDelegate.invokeBeanFactoryPostProcessors(PostProcessorRegistrationDelegate.java:115)
	at org.springframework.context.support.AbstractApplicationContext.invokeBeanFactoryPostProcessors(AbstractApplicationContext.java:779)
	at org.springframework.context.support.AbstractApplicationContext.refresh(AbstractApplicationContext.java:597)
	at org.springframework.boot.web.servlet.context.ServletWebServerApplicationContext.refresh(ServletWebServerApplicationContext.java:146)
	at org.springframework.boot.SpringApplication.refresh(SpringApplication.java:738)
	at org.springframework.boot.SpringApplication.refreshContext(SpringApplication.java:440)
	at org.springframework.boot.SpringApplication.run(SpringApplication.java:316)
	at org.springframework.boot.SpringApplication.run(SpringApplication.java:1306)
	at org.springframework.boot.SpringApplication.run(SpringApplication.java:1295)
	at com.exempal.shiftcounter.СontrollerApplication.main(СontrollerApplication.java:10)
	at java.base/jdk.internal.reflect.DirectMethodHandleAccessor.invoke(DirectMethodHandleAccessor.java:103)
	at java.base/java.lang.reflect.Method.invoke(Method.java:580)
	at org.springframework.boot.devtools.restart.RestartLauncher.run(RestartLauncher.java:50)
Caused by: java.io.FileNotFoundException: class path resource [com/exempal/shiftcounter/core/PageModel.class] cannot be opened because it does not exist
	at org.springframework.core.io.ClassPathResource.getInputStream(ClassPathResource.java:211)
	at org.springframework.core.type.classreading.SimpleMetadataReader.getClassReader(SimpleMetadataReader.java:54)
	at org.springframework.core.type.classreading.SimpleMetadataReader.<init>(SimpleMetadataReader.java:48)
	at org.springframework.core.type.classreading.SimpleMetadataReaderFactory.getMetadataReader(SimpleMetadataReaderFactory.java:103)
	at org.springframework.boot.type.classreading.ConcurrentReferenceCachingMetadataReaderFactory.createMetadataReader(ConcurrentReferenceCachingMetadataReaderFactory.java:86)
	at org.springframework.boot.type.classreading.ConcurrentReferenceCachingMetadataReaderFactory.getMetadataReader(ConcurrentReferenceCachingMetadataReaderFactory.java:73)
	at org.springframework.core.type.classreading.SimpleMetadataReaderFactory.getMetadataReader(SimpleMetadataReaderFactory.java:81)
	at org.springframework.context.annotation.ConfigurationClassParser.asSourceClass(ConfigurationClassParser.java:613)
	at org.springframework.context.annotation.ConfigurationClassParser$SourceClass.getInterfaces(ConfigurationClassParser.java:939)
	at org.springframework.context.annotation.ConfigurationClassParser.processInterfaces(ConfigurationClassParser.java:379)
	at org.springframework.context.annotation.ConfigurationClassParser.doProcessConfigurationClass(ConfigurationClassParser.java:325)
	at org.springframework.context.annotation.ConfigurationClassParser.processConfigurationClass(ConfigurationClassParser.java:243)
	at org.springframework.context.annotation.ConfigurationClassParser.parse(ConfigurationClassParser.java:188)
	at org.springframework.context.annotation.ConfigurationClassParser.doProcessConfigurationClass(ConfigurationClassParser.java:297)
	at org.springframework.context.annotation.ConfigurationClassParser.processConfigurationClass(ConfigurationClassParser.java:243)
	at org.springframework.context.annotation.ConfigurationClassParser.parse(ConfigurationClassParser.java:196)
	at org.springframework.context.annotation.ConfigurationClassParser.parse(ConfigurationClassParser.java:164)
	... 16 common frames omitted
2025-06-07 10:25:10 INFO  c.e.s.СontrollerApplication - Starting СontrollerApplication using Java 21.0.4 with PID 22740 (C:\Users\79162\IdeaProjects\kontroller\target\classes started by 79162 in C:\Users\79162\IdeaProjects\kontroller)
2025-06-07 10:25:10 DEBUG c.e.s.СontrollerApplication - Running with Spring Boot v3.1.5, Spring v6.0.13
2025-06-07 10:25:10 INFO  c.e.s.СontrollerApplication - No active profile set, falling back to 1 default profile: "default"
2025-06-07 10:25:10 WARN  o.s.b.w.s.c.AnnotationConfigServletWebServerApplicationContext - Exception encountered during context initialization - cancelling refresh attempt: org.springframework.beans.factory.BeanDefinitionStoreException: Failed to parse configuration class [com.exempal.shiftcounter.СontrollerApplication]
2025-06-07 10:25:10 ERROR o.s.boot.SpringApplication - Application run failed
org.springframework.beans.factory.BeanDefinitionStoreException: Failed to parse configuration class [com.exempal.shiftcounter.СontrollerApplication]
	at org.springframework.context.annotation.ConfigurationClassParser.parse(ConfigurationClassParser.java:178)
	at org.springframework.context.annotation.ConfigurationClassPostProcessor.processConfigBeanDefinitions(ConfigurationClassPostProcessor.java:415)
	at org.springframework.context.annotation.ConfigurationClassPostProcessor.postProcessBeanDefinitionRegistry(ConfigurationClassPostProcessor.java:287)
	at org.springframework.context.support.PostProcessorRegistrationDelegate.invokeBeanDefinitionRegistryPostProcessors(PostProcessorRegistrationDelegate.java:344)
	at org.springframework.context.support.PostProcessorRegistrationDelegate.invokeBeanFactoryPostProcessors(PostProcessorRegistrationDelegate.java:115)
	at org.springframework.context.support.AbstractApplicationContext.invokeBeanFactoryPostProcessors(AbstractApplicationContext.java:779)
	at org.springframework.context.support.AbstractApplicationContext.refresh(AbstractApplicationContext.java:597)
	at org.springframework.boot.web.servlet.context.ServletWebServerApplicationContext.refresh(ServletWebServerApplicationContext.java:146)
	at org.springframework.boot.SpringApplication.refresh(SpringApplication.java:738)
	at org.springframework.boot.SpringApplication.refreshContext(SpringApplication.java:440)
	at org.springframework.boot.SpringApplication.run(SpringApplication.java:316)
	at org.springframework.boot.SpringApplication.run(SpringApplication.java:1306)
	at org.springframework.boot.SpringApplication.run(SpringApplication.java:1295)
	at com.exempal.shiftcounter.СontrollerApplication.main(СontrollerApplication.java:10)
	at java.base/jdk.internal.reflect.DirectMethodHandleAccessor.invoke(DirectMethodHandleAccessor.java:103)
	at java.base/java.lang.reflect.Method.invoke(Method.java:580)
	at org.springframework.boot.devtools.restart.RestartLauncher.run(RestartLauncher.java:50)
Caused by: java.io.FileNotFoundException: class path resource [com/exempal/shiftcounter/core/PageModel.class] cannot be opened because it does not exist
	at org.springframework.core.io.ClassPathResource.getInputStream(ClassPathResource.java:211)
	at org.springframework.core.type.classreading.SimpleMetadataReader.getClassReader(SimpleMetadataReader.java:54)
	at org.springframework.core.type.classreading.SimpleMetadataReader.<init>(SimpleMetadataReader.java:48)
	at org.springframework.core.type.classreading.SimpleMetadataReaderFactory.getMetadataReader(SimpleMetadataReaderFactory.java:103)
	at org.springframework.boot.type.classreading.ConcurrentReferenceCachingMetadataReaderFactory.createMetadataReader(ConcurrentReferenceCachingMetadataReaderFactory.java:86)
	at org.springframework.boot.type.classreading.ConcurrentReferenceCachingMetadataReaderFactory.getMetadataReader(ConcurrentReferenceCachingMetadataReaderFactory.java:73)
	at org.springframework.core.type.classreading.SimpleMetadataReaderFactory.getMetadataReader(SimpleMetadataReaderFactory.java:81)
	at org.springframework.context.annotation.ConfigurationClassParser.asSourceClass(ConfigurationClassParser.java:613)
	at org.springframework.context.annotation.ConfigurationClassParser$SourceClass.getInterfaces(ConfigurationClassParser.java:939)
	at org.springframework.context.annotation.ConfigurationClassParser.processInterfaces(ConfigurationClassParser.java:379)
	at org.springframework.context.annotation.ConfigurationClassParser.doProcessConfigurationClass(ConfigurationClassParser.java:325)
	at org.springframework.context.annotation.ConfigurationClassParser.processConfigurationClass(ConfigurationClassParser.java:243)
	at org.springframework.context.annotation.ConfigurationClassParser.parse(ConfigurationClassParser.java:188)
	at org.springframework.context.annotation.ConfigurationClassParser.doProcessConfigurationClass(ConfigurationClassParser.java:297)
	at org.springframework.context.annotation.ConfigurationClassParser.processConfigurationClass(ConfigurationClassParser.java:243)
	at org.springframework.context.annotation.ConfigurationClassParser.parse(ConfigurationClassParser.java:196)
	at org.springframework.context.annotation.ConfigurationClassParser.parse(ConfigurationClassParser.java:164)
	... 16 common frames omitted
2025-06-07 10:25:14 INFO  c.e.s.СontrollerApplication - Starting СontrollerApplication using Java 21.0.4 with PID 22740 (C:\Users\79162\IdeaProjects\kontroller\target\classes started by 79162 in C:\Users\79162\IdeaProjects\kontroller)
2025-06-07 10:25:14 DEBUG c.e.s.СontrollerApplication - Running with Spring Boot v3.1.5, Spring v6.0.13
2025-06-07 10:25:14 INFO  c.e.s.СontrollerApplication - No active profile set, falling back to 1 default profile: "default"
2025-06-07 10:25:14 WARN  o.s.b.w.s.c.AnnotationConfigServletWebServerApplicationContext - Exception encountered during context initialization - cancelling refresh attempt: org.springframework.beans.factory.BeanDefinitionStoreException: Failed to parse configuration class [com.exempal.shiftcounter.СontrollerApplication]
2025-06-07 10:25:14 ERROR o.s.boot.SpringApplication - Application run failed
org.springframework.beans.factory.BeanDefinitionStoreException: Failed to parse configuration class [com.exempal.shiftcounter.СontrollerApplication]
	at org.springframework.context.annotation.ConfigurationClassParser.parse(ConfigurationClassParser.java:178)
	at org.springframework.context.annotation.ConfigurationClassPostProcessor.processConfigBeanDefinitions(ConfigurationClassPostProcessor.java:415)
	at org.springframework.context.annotation.ConfigurationClassPostProcessor.postProcessBeanDefinitionRegistry(ConfigurationClassPostProcessor.java:287)
	at org.springframework.context.support.PostProcessorRegistrationDelegate.invokeBeanDefinitionRegistryPostProcessors(PostProcessorRegistrationDelegate.java:344)
	at org.springframework.context.support.PostProcessorRegistrationDelegate.invokeBeanFactoryPostProcessors(PostProcessorRegistrationDelegate.java:115)
	at org.springframework.context.support.AbstractApplicationContext.invokeBeanFactoryPostProcessors(AbstractApplicationContext.java:779)
	at org.springframework.context.support.AbstractApplicationContext.refresh(AbstractApplicationContext.java:597)
	at org.springframework.boot.web.servlet.context.ServletWebServerApplicationContext.refresh(ServletWebServerApplicationContext.java:146)
	at org.springframework.boot.SpringApplication.refresh(SpringApplication.java:738)
	at org.springframework.boot.SpringApplication.refreshContext(SpringApplication.java:440)
	at org.springframework.boot.SpringApplication.run(SpringApplication.java:316)
	at org.springframework.boot.SpringApplication.run(SpringApplication.java:1306)
	at org.springframework.boot.SpringApplication.run(SpringApplication.java:1295)
	at com.exempal.shiftcounter.СontrollerApplication.main(СontrollerApplication.java:10)
	at java.base/jdk.internal.reflect.DirectMethodHandleAccessor.invoke(DirectMethodHandleAccessor.java:103)
	at java.base/java.lang.reflect.Method.invoke(Method.java:580)
	at org.springframework.boot.devtools.restart.RestartLauncher.run(RestartLauncher.java:50)
Caused by: java.io.FileNotFoundException: class path resource [com/exempal/shiftcounter/core/PageModel.class] cannot be opened because it does not exist
	at org.springframework.core.io.ClassPathResource.getInputStream(ClassPathResource.java:211)
	at org.springframework.core.type.classreading.SimpleMetadataReader.getClassReader(SimpleMetadataReader.java:54)
	at org.springframework.core.type.classreading.SimpleMetadataReader.<init>(SimpleMetadataReader.java:48)
	at org.springframework.core.type.classreading.SimpleMetadataReaderFactory.getMetadataReader(SimpleMetadataReaderFactory.java:103)
	at org.springframework.boot.type.classreading.ConcurrentReferenceCachingMetadataReaderFactory.createMetadataReader(ConcurrentReferenceCachingMetadataReaderFactory.java:86)
	at org.springframework.boot.type.classreading.ConcurrentReferenceCachingMetadataReaderFactory.getMetadataReader(ConcurrentReferenceCachingMetadataReaderFactory.java:73)
	at org.springframework.core.type.classreading.SimpleMetadataReaderFactory.getMetadataReader(SimpleMetadataReaderFactory.java:81)
	at org.springframework.context.annotation.ConfigurationClassParser.asSourceClass(ConfigurationClassParser.java:613)
	at org.springframework.context.annotation.ConfigurationClassParser$SourceClass.getInterfaces(ConfigurationClassParser.java:939)
	at org.springframework.context.annotation.ConfigurationClassParser.processInterfaces(ConfigurationClassParser.java:379)
	at org.springframework.context.annotation.ConfigurationClassParser.doProcessConfigurationClass(ConfigurationClassParser.java:325)
	at org.springframework.context.annotation.ConfigurationClassParser.processConfigurationClass(ConfigurationClassParser.java:243)
	at org.springframework.context.annotation.ConfigurationClassParser.parse(ConfigurationClassParser.java:188)
	at org.springframework.context.annotation.ConfigurationClassParser.doProcessConfigurationClass(ConfigurationClassParser.java:297)
	at org.springframework.context.annotation.ConfigurationClassParser.processConfigurationClass(ConfigurationClassParser.java:243)
	at org.springframework.context.annotation.ConfigurationClassParser.parse(ConfigurationClassParser.java:196)
	at org.springframework.context.annotation.ConfigurationClassParser.parse(ConfigurationClassParser.java:164)
	... 16 common frames omitted
2025-06-07 10:25:51 INFO  c.e.s.СontrollerApplication - Starting СontrollerApplication using Java 21.0.4 with PID 22740 (C:\Users\79162\IdeaProjects\kontroller\target\classes started by 79162 in C:\Users\79162\IdeaProjects\kontroller)
2025-06-07 10:25:51 DEBUG c.e.s.СontrollerApplication - Running with Spring Boot v3.1.5, Spring v6.0.13
2025-06-07 10:25:51 INFO  c.e.s.СontrollerApplication - No active profile set, falling back to 1 default profile: "default"
2025-06-07 10:25:51 WARN  o.s.b.w.s.c.AnnotationConfigServletWebServerApplicationContext - Exception encountered during context initialization - cancelling refresh attempt: org.springframework.beans.factory.BeanDefinitionStoreException: Failed to parse configuration class [com.exempal.shiftcounter.СontrollerApplication]
2025-06-07 10:25:51 ERROR o.s.boot.SpringApplication - Application run failed
org.springframework.beans.factory.BeanDefinitionStoreException: Failed to parse configuration class [com.exempal.shiftcounter.СontrollerApplication]
	at org.springframework.context.annotation.ConfigurationClassParser.parse(ConfigurationClassParser.java:178)
	at org.springframework.context.annotation.ConfigurationClassPostProcessor.processConfigBeanDefinitions(ConfigurationClassPostProcessor.java:415)
	at org.springframework.context.annotation.ConfigurationClassPostProcessor.postProcessBeanDefinitionRegistry(ConfigurationClassPostProcessor.java:287)
	at org.springframework.context.support.PostProcessorRegistrationDelegate.invokeBeanDefinitionRegistryPostProcessors(PostProcessorRegistrationDelegate.java:344)
	at org.springframework.context.support.PostProcessorRegistrationDelegate.invokeBeanFactoryPostProcessors(PostProcessorRegistrationDelegate.java:115)
	at org.springframework.context.support.AbstractApplicationContext.invokeBeanFactoryPostProcessors(AbstractApplicationContext.java:779)
	at org.springframework.context.support.AbstractApplicationContext.refresh(AbstractApplicationContext.java:597)
	at org.springframework.boot.web.servlet.context.ServletWebServerApplicationContext.refresh(ServletWebServerApplicationContext.java:146)
	at org.springframework.boot.SpringApplication.refresh(SpringApplication.java:738)
	at org.springframework.boot.SpringApplication.refreshContext(SpringApplication.java:440)
	at org.springframework.boot.SpringApplication.run(SpringApplication.java:316)
	at org.springframework.boot.SpringApplication.run(SpringApplication.java:1306)
	at org.springframework.boot.SpringApplication.run(SpringApplication.java:1295)
	at com.exempal.shiftcounter.СontrollerApplication.main(СontrollerApplication.java:10)
	at java.base/jdk.internal.reflect.DirectMethodHandleAccessor.invoke(DirectMethodHandleAccessor.java:103)
	at java.base/java.lang.reflect.Method.invoke(Method.java:580)
	at org.springframework.boot.devtools.restart.RestartLauncher.run(RestartLauncher.java:50)
Caused by: java.io.FileNotFoundException: class path resource [com/exempal/shiftcounter/core/PageModel.class] cannot be opened because it does not exist
	at org.springframework.core.io.ClassPathResource.getInputStream(ClassPathResource.java:211)
	at org.springframework.core.type.classreading.SimpleMetadataReader.getClassReader(SimpleMetadataReader.java:54)
	at org.springframework.core.type.classreading.SimpleMetadataReader.<init>(SimpleMetadataReader.java:48)
	at org.springframework.core.type.classreading.SimpleMetadataReaderFactory.getMetadataReader(SimpleMetadataReaderFactory.java:103)
	at org.springframework.boot.type.classreading.ConcurrentReferenceCachingMetadataReaderFactory.createMetadataReader(ConcurrentReferenceCachingMetadataReaderFactory.java:86)
	at org.springframework.boot.type.classreading.ConcurrentReferenceCachingMetadataReaderFactory.getMetadataReader(ConcurrentReferenceCachingMetadataReaderFactory.java:73)
	at org.springframework.core.type.classreading.SimpleMetadataReaderFactory.getMetadataReader(SimpleMetadataReaderFactory.java:81)
	at org.springframework.context.annotation.ConfigurationClassParser.asSourceClass(ConfigurationClassParser.java:613)
	at org.springframework.context.annotation.ConfigurationClassParser$SourceClass.getInterfaces(ConfigurationClassParser.java:939)
	at org.springframework.context.annotation.ConfigurationClassParser.processInterfaces(ConfigurationClassParser.java:379)
	at org.springframework.context.annotation.ConfigurationClassParser.doProcessConfigurationClass(ConfigurationClassParser.java:325)
	at org.springframework.context.annotation.ConfigurationClassParser.processConfigurationClass(ConfigurationClassParser.java:243)
	at org.springframework.context.annotation.ConfigurationClassParser.parse(ConfigurationClassParser.java:188)
	at org.springframework.context.annotation.ConfigurationClassParser.doProcessConfigurationClass(ConfigurationClassParser.java:297)
	at org.springframework.context.annotation.ConfigurationClassParser.processConfigurationClass(ConfigurationClassParser.java:243)
	at org.springframework.context.annotation.ConfigurationClassParser.parse(ConfigurationClassParser.java:196)
	at org.springframework.context.annotation.ConfigurationClassParser.parse(ConfigurationClassParser.java:164)
	... 16 common frames omitted
2025-06-07 10:25:55 INFO  c.e.s.СontrollerApplication - Starting СontrollerApplication using Java 21.0.4 with PID 22740 (C:\Users\79162\IdeaProjects\kontroller\target\classes started by 79162 in C:\Users\79162\IdeaProjects\kontroller)
2025-06-07 10:25:55 DEBUG c.e.s.СontrollerApplication - Running with Spring Boot v3.1.5, Spring v6.0.13
2025-06-07 10:25:55 INFO  c.e.s.СontrollerApplication - No active profile set, falling back to 1 default profile: "default"
2025-06-07 10:25:55 WARN  o.s.b.w.s.c.AnnotationConfigServletWebServerApplicationContext - Exception encountered during context initialization - cancelling refresh attempt: org.springframework.beans.factory.BeanDefinitionStoreException: Failed to parse configuration class [com.exempal.shiftcounter.СontrollerApplication]
2025-06-07 10:25:55 ERROR o.s.boot.SpringApplication - Application run failed
org.springframework.beans.factory.BeanDefinitionStoreException: Failed to parse configuration class [com.exempal.shiftcounter.СontrollerApplication]
	at org.springframework.context.annotation.ConfigurationClassParser.parse(ConfigurationClassParser.java:178)
	at org.springframework.context.annotation.ConfigurationClassPostProcessor.processConfigBeanDefinitions(ConfigurationClassPostProcessor.java:415)
	at org.springframework.context.annotation.ConfigurationClassPostProcessor.postProcessBeanDefinitionRegistry(ConfigurationClassPostProcessor.java:287)
	at org.springframework.context.support.PostProcessorRegistrationDelegate.invokeBeanDefinitionRegistryPostProcessors(PostProcessorRegistrationDelegate.java:344)
	at org.springframework.context.support.PostProcessorRegistrationDelegate.invokeBeanFactoryPostProcessors(PostProcessorRegistrationDelegate.java:115)
	at org.springframework.context.support.AbstractApplicationContext.invokeBeanFactoryPostProcessors(AbstractApplicationContext.java:779)
	at org.springframework.context.support.AbstractApplicationContext.refresh(AbstractApplicationContext.java:597)
	at org.springframework.boot.web.servlet.context.ServletWebServerApplicationContext.refresh(ServletWebServerApplicationContext.java:146)
	at org.springframework.boot.SpringApplication.refresh(SpringApplication.java:738)
	at org.springframework.boot.SpringApplication.refreshContext(SpringApplication.java:440)
	at org.springframework.boot.SpringApplication.run(SpringApplication.java:316)
	at org.springframework.boot.SpringApplication.run(SpringApplication.java:1306)
	at org.springframework.boot.SpringApplication.run(SpringApplication.java:1295)
	at com.exempal.shiftcounter.СontrollerApplication.main(СontrollerApplication.java:10)
	at java.base/jdk.internal.reflect.DirectMethodHandleAccessor.invoke(DirectMethodHandleAccessor.java:103)
	at java.base/java.lang.reflect.Method.invoke(Method.java:580)
	at org.springframework.boot.devtools.restart.RestartLauncher.run(RestartLauncher.java:50)
Caused by: java.io.FileNotFoundException: class path resource [com/exempal/shiftcounter/core/PageModel.class] cannot be opened because it does not exist
	at org.springframework.core.io.ClassPathResource.getInputStream(ClassPathResource.java:211)
	at org.springframework.core.type.classreading.SimpleMetadataReader.getClassReader(SimpleMetadataReader.java:54)
	at org.springframework.core.type.classreading.SimpleMetadataReader.<init>(SimpleMetadataReader.java:48)
	at org.springframework.core.type.classreading.SimpleMetadataReaderFactory.getMetadataReader(SimpleMetadataReaderFactory.java:103)
	at org.springframework.boot.type.classreading.ConcurrentReferenceCachingMetadataReaderFactory.createMetadataReader(ConcurrentReferenceCachingMetadataReaderFactory.java:86)
	at org.springframework.boot.type.classreading.ConcurrentReferenceCachingMetadataReaderFactory.getMetadataReader(ConcurrentReferenceCachingMetadataReaderFactory.java:73)
	at org.springframework.core.type.classreading.SimpleMetadataReaderFactory.getMetadataReader(SimpleMetadataReaderFactory.java:81)
	at org.springframework.context.annotation.ConfigurationClassParser.asSourceClass(ConfigurationClassParser.java:613)
	at org.springframework.context.annotation.ConfigurationClassParser$SourceClass.getInterfaces(ConfigurationClassParser.java:939)
	at org.springframework.context.annotation.ConfigurationClassParser.processInterfaces(ConfigurationClassParser.java:379)
	at org.springframework.context.annotation.ConfigurationClassParser.doProcessConfigurationClass(ConfigurationClassParser.java:325)
	at org.springframework.context.annotation.ConfigurationClassParser.processConfigurationClass(ConfigurationClassParser.java:243)
	at org.springframework.context.annotation.ConfigurationClassParser.parse(ConfigurationClassParser.java:188)
	at org.springframework.context.annotation.ConfigurationClassParser.doProcessConfigurationClass(ConfigurationClassParser.java:297)
	at org.springframework.context.annotation.ConfigurationClassParser.processConfigurationClass(ConfigurationClassParser.java:243)
	at org.springframework.context.annotation.ConfigurationClassParser.parse(ConfigurationClassParser.java:196)
	at org.springframework.context.annotation.ConfigurationClassParser.parse(ConfigurationClassParser.java:164)
	... 16 common frames omitted
2025-06-07 10:26:23 INFO  c.e.s.СontrollerApplication - Starting СontrollerApplication using Java 21.0.4 with PID 22740 (C:\Users\79162\IdeaProjects\kontroller\target\classes started by 79162 in C:\Users\79162\IdeaProjects\kontroller)
2025-06-07 10:26:23 DEBUG c.e.s.СontrollerApplication - Running with Spring Boot v3.1.5, Spring v6.0.13
2025-06-07 10:26:23 INFO  c.e.s.СontrollerApplication - No active profile set, falling back to 1 default profile: "default"
2025-06-07 10:26:23 WARN  o.s.b.w.s.c.AnnotationConfigServletWebServerApplicationContext - Exception encountered during context initialization - cancelling refresh attempt: org.springframework.beans.factory.BeanDefinitionStoreException: Failed to parse configuration class [com.exempal.shiftcounter.СontrollerApplication]
2025-06-07 10:26:23 ERROR o.s.boot.SpringApplication - Application run failed
org.springframework.beans.factory.BeanDefinitionStoreException: Failed to parse configuration class [com.exempal.shiftcounter.СontrollerApplication]
	at org.springframework.context.annotation.ConfigurationClassParser.parse(ConfigurationClassParser.java:178)
	at org.springframework.context.annotation.ConfigurationClassPostProcessor.processConfigBeanDefinitions(ConfigurationClassPostProcessor.java:415)
	at org.springframework.context.annotation.ConfigurationClassPostProcessor.postProcessBeanDefinitionRegistry(ConfigurationClassPostProcessor.java:287)
	at org.springframework.context.support.PostProcessorRegistrationDelegate.invokeBeanDefinitionRegistryPostProcessors(PostProcessorRegistrationDelegate.java:344)
	at org.springframework.context.support.PostProcessorRegistrationDelegate.invokeBeanFactoryPostProcessors(PostProcessorRegistrationDelegate.java:115)
	at org.springframework.context.support.AbstractApplicationContext.invokeBeanFactoryPostProcessors(AbstractApplicationContext.java:779)
	at org.springframework.context.support.AbstractApplicationContext.refresh(AbstractApplicationContext.java:597)
	at org.springframework.boot.web.servlet.context.ServletWebServerApplicationContext.refresh(ServletWebServerApplicationContext.java:146)
	at org.springframework.boot.SpringApplication.refresh(SpringApplication.java:738)
	at org.springframework.boot.SpringApplication.refreshContext(SpringApplication.java:440)
	at org.springframework.boot.SpringApplication.run(SpringApplication.java:316)
	at org.springframework.boot.SpringApplication.run(SpringApplication.java:1306)
	at org.springframework.boot.SpringApplication.run(SpringApplication.java:1295)
	at com.exempal.shiftcounter.СontrollerApplication.main(СontrollerApplication.java:10)
	at java.base/jdk.internal.reflect.DirectMethodHandleAccessor.invoke(DirectMethodHandleAccessor.java:103)
	at java.base/java.lang.reflect.Method.invoke(Method.java:580)
	at org.springframework.boot.devtools.restart.RestartLauncher.run(RestartLauncher.java:50)
Caused by: java.io.FileNotFoundException: class path resource [com/exempal/shiftcounter/core/PageModel.class] cannot be opened because it does not exist
	at org.springframework.core.io.ClassPathResource.getInputStream(ClassPathResource.java:211)
	at org.springframework.core.type.classreading.SimpleMetadataReader.getClassReader(SimpleMetadataReader.java:54)
	at org.springframework.core.type.classreading.SimpleMetadataReader.<init>(SimpleMetadataReader.java:48)
	at org.springframework.core.type.classreading.SimpleMetadataReaderFactory.getMetadataReader(SimpleMetadataReaderFactory.java:103)
	at org.springframework.boot.type.classreading.ConcurrentReferenceCachingMetadataReaderFactory.createMetadataReader(ConcurrentReferenceCachingMetadataReaderFactory.java:86)
	at org.springframework.boot.type.classreading.ConcurrentReferenceCachingMetadataReaderFactory.getMetadataReader(ConcurrentReferenceCachingMetadataReaderFactory.java:73)
	at org.springframework.core.type.classreading.SimpleMetadataReaderFactory.getMetadataReader(SimpleMetadataReaderFactory.java:81)
	at org.springframework.context.annotation.ConfigurationClassParser.asSourceClass(ConfigurationClassParser.java:613)
	at org.springframework.context.annotation.ConfigurationClassParser$SourceClass.getInterfaces(ConfigurationClassParser.java:939)
	at org.springframework.context.annotation.ConfigurationClassParser.processInterfaces(ConfigurationClassParser.java:379)
	at org.springframework.context.annotation.ConfigurationClassParser.doProcessConfigurationClass(ConfigurationClassParser.java:325)
	at org.springframework.context.annotation.ConfigurationClassParser.processConfigurationClass(ConfigurationClassParser.java:243)
	at org.springframework.context.annotation.ConfigurationClassParser.parse(ConfigurationClassParser.java:188)
	at org.springframework.context.annotation.ConfigurationClassParser.doProcessConfigurationClass(ConfigurationClassParser.java:297)
	at org.springframework.context.annotation.ConfigurationClassParser.processConfigurationClass(ConfigurationClassParser.java:243)
	at org.springframework.context.annotation.ConfigurationClassParser.parse(ConfigurationClassParser.java:196)
	at org.springframework.context.annotation.ConfigurationClassParser.parse(ConfigurationClassParser.java:164)
	... 16 common frames omitted
2025-06-07 10:26:28 INFO  c.e.s.СontrollerApplication - Starting СontrollerApplication using Java 21.0.4 with PID 22740 (C:\Users\79162\IdeaProjects\kontroller\target\classes started by 79162 in C:\Users\79162\IdeaProjects\kontroller)
2025-06-07 10:26:28 DEBUG c.e.s.СontrollerApplication - Running with Spring Boot v3.1.5, Spring v6.0.13
2025-06-07 10:26:28 INFO  c.e.s.СontrollerApplication - No active profile set, falling back to 1 default profile: "default"
2025-06-07 10:26:28 WARN  o.s.b.w.s.c.AnnotationConfigServletWebServerApplicationContext - Exception encountered during context initialization - cancelling refresh attempt: org.springframework.beans.factory.BeanDefinitionStoreException: Failed to parse configuration class [com.exempal.shiftcounter.СontrollerApplication]
2025-06-07 10:26:28 ERROR o.s.boot.SpringApplication - Application run failed
org.springframework.beans.factory.BeanDefinitionStoreException: Failed to parse configuration class [com.exempal.shiftcounter.СontrollerApplication]
	at org.springframework.context.annotation.ConfigurationClassParser.parse(ConfigurationClassParser.java:178)
	at org.springframework.context.annotation.ConfigurationClassPostProcessor.processConfigBeanDefinitions(ConfigurationClassPostProcessor.java:415)
	at org.springframework.context.annotation.ConfigurationClassPostProcessor.postProcessBeanDefinitionRegistry(ConfigurationClassPostProcessor.java:287)
	at org.springframework.context.support.PostProcessorRegistrationDelegate.invokeBeanDefinitionRegistryPostProcessors(PostProcessorRegistrationDelegate.java:344)
	at org.springframework.context.support.PostProcessorRegistrationDelegate.invokeBeanFactoryPostProcessors(PostProcessorRegistrationDelegate.java:115)
	at org.springframework.context.support.AbstractApplicationContext.invokeBeanFactoryPostProcessors(AbstractApplicationContext.java:779)
	at org.springframework.context.support.AbstractApplicationContext.refresh(AbstractApplicationContext.java:597)
	at org.springframework.boot.web.servlet.context.ServletWebServerApplicationContext.refresh(ServletWebServerApplicationContext.java:146)
	at org.springframework.boot.SpringApplication.refresh(SpringApplication.java:738)
	at org.springframework.boot.SpringApplication.refreshContext(SpringApplication.java:440)
	at org.springframework.boot.SpringApplication.run(SpringApplication.java:316)
	at org.springframework.boot.SpringApplication.run(SpringApplication.java:1306)
	at org.springframework.boot.SpringApplication.run(SpringApplication.java:1295)
	at com.exempal.shiftcounter.СontrollerApplication.main(СontrollerApplication.java:10)
	at java.base/jdk.internal.reflect.DirectMethodHandleAccessor.invoke(DirectMethodHandleAccessor.java:103)
	at java.base/java.lang.reflect.Method.invoke(Method.java:580)
	at org.springframework.boot.devtools.restart.RestartLauncher.run(RestartLauncher.java:50)
Caused by: java.io.FileNotFoundException: class path resource [com/exempal/shiftcounter/core/PageModel.class] cannot be opened because it does not exist
	at org.springframework.core.io.ClassPathResource.getInputStream(ClassPathResource.java:211)
	at org.springframework.core.type.classreading.SimpleMetadataReader.getClassReader(SimpleMetadataReader.java:54)
	at org.springframework.core.type.classreading.SimpleMetadataReader.<init>(SimpleMetadataReader.java:48)
	at org.springframework.core.type.classreading.SimpleMetadataReaderFactory.getMetadataReader(SimpleMetadataReaderFactory.java:103)
	at org.springframework.boot.type.classreading.ConcurrentReferenceCachingMetadataReaderFactory.createMetadataReader(ConcurrentReferenceCachingMetadataReaderFactory.java:86)
	at org.springframework.boot.type.classreading.ConcurrentReferenceCachingMetadataReaderFactory.getMetadataReader(ConcurrentReferenceCachingMetadataReaderFactory.java:73)
	at org.springframework.core.type.classreading.SimpleMetadataReaderFactory.getMetadataReader(SimpleMetadataReaderFactory.java:81)
	at org.springframework.context.annotation.ConfigurationClassParser.asSourceClass(ConfigurationClassParser.java:613)
	at org.springframework.context.annotation.ConfigurationClassParser$SourceClass.getInterfaces(ConfigurationClassParser.java:939)
	at org.springframework.context.annotation.ConfigurationClassParser.processInterfaces(ConfigurationClassParser.java:379)
	at org.springframework.context.annotation.ConfigurationClassParser.doProcessConfigurationClass(ConfigurationClassParser.java:325)
	at org.springframework.context.annotation.ConfigurationClassParser.processConfigurationClass(ConfigurationClassParser.java:243)
	at org.springframework.context.annotation.ConfigurationClassParser.parse(ConfigurationClassParser.java:188)
	at org.springframework.context.annotation.ConfigurationClassParser.doProcessConfigurationClass(ConfigurationClassParser.java:297)
	at org.springframework.context.annotation.ConfigurationClassParser.processConfigurationClass(ConfigurationClassParser.java:243)
	at org.springframework.context.annotation.ConfigurationClassParser.parse(ConfigurationClassParser.java:196)
	at org.springframework.context.annotation.ConfigurationClassParser.parse(ConfigurationClassParser.java:164)
	... 16 common frames omitted
2025-06-07 10:27:29 INFO  c.e.s.СontrollerApplication - Starting СontrollerApplication using Java 21.0.4 with PID 22740 (C:\Users\79162\IdeaProjects\kontroller\target\classes started by 79162 in C:\Users\79162\IdeaProjects\kontroller)
2025-06-07 10:27:29 DEBUG c.e.s.СontrollerApplication - Running with Spring Boot v3.1.5, Spring v6.0.13
2025-06-07 10:27:29 INFO  c.e.s.СontrollerApplication - No active profile set, falling back to 1 default profile: "default"
2025-06-07 10:27:29 WARN  o.s.b.w.s.c.AnnotationConfigServletWebServerApplicationContext - Exception encountered during context initialization - cancelling refresh attempt: org.springframework.beans.factory.BeanDefinitionStoreException: Failed to parse configuration class [com.exempal.shiftcounter.СontrollerApplication]
2025-06-07 10:27:29 ERROR o.s.boot.SpringApplication - Application run failed
org.springframework.beans.factory.BeanDefinitionStoreException: Failed to parse configuration class [com.exempal.shiftcounter.СontrollerApplication]
	at org.springframework.context.annotation.ConfigurationClassParser.parse(ConfigurationClassParser.java:178)
	at org.springframework.context.annotation.ConfigurationClassPostProcessor.processConfigBeanDefinitions(ConfigurationClassPostProcessor.java:415)
	at org.springframework.context.annotation.ConfigurationClassPostProcessor.postProcessBeanDefinitionRegistry(ConfigurationClassPostProcessor.java:287)
	at org.springframework.context.support.PostProcessorRegistrationDelegate.invokeBeanDefinitionRegistryPostProcessors(PostProcessorRegistrationDelegate.java:344)
	at org.springframework.context.support.PostProcessorRegistrationDelegate.invokeBeanFactoryPostProcessors(PostProcessorRegistrationDelegate.java:115)
	at org.springframework.context.support.AbstractApplicationContext.invokeBeanFactoryPostProcessors(AbstractApplicationContext.java:779)
	at org.springframework.context.support.AbstractApplicationContext.refresh(AbstractApplicationContext.java:597)
	at org.springframework.boot.web.servlet.context.ServletWebServerApplicationContext.refresh(ServletWebServerApplicationContext.java:146)
	at org.springframework.boot.SpringApplication.refresh(SpringApplication.java:738)
	at org.springframework.boot.SpringApplication.refreshContext(SpringApplication.java:440)
	at org.springframework.boot.SpringApplication.run(SpringApplication.java:316)
	at org.springframework.boot.SpringApplication.run(SpringApplication.java:1306)
	at org.springframework.boot.SpringApplication.run(SpringApplication.java:1295)
	at com.exempal.shiftcounter.СontrollerApplication.main(СontrollerApplication.java:10)
	at java.base/jdk.internal.reflect.DirectMethodHandleAccessor.invoke(DirectMethodHandleAccessor.java:103)
	at java.base/java.lang.reflect.Method.invoke(Method.java:580)
	at org.springframework.boot.devtools.restart.RestartLauncher.run(RestartLauncher.java:50)
Caused by: java.io.FileNotFoundException: class path resource [com/exempal/shiftcounter/core/PageModel.class] cannot be opened because it does not exist
	at org.springframework.core.io.ClassPathResource.getInputStream(ClassPathResource.java:211)
	at org.springframework.core.type.classreading.SimpleMetadataReader.getClassReader(SimpleMetadataReader.java:54)
	at org.springframework.core.type.classreading.SimpleMetadataReader.<init>(SimpleMetadataReader.java:48)
	at org.springframework.core.type.classreading.SimpleMetadataReaderFactory.getMetadataReader(SimpleMetadataReaderFactory.java:103)
	at org.springframework.boot.type.classreading.ConcurrentReferenceCachingMetadataReaderFactory.createMetadataReader(ConcurrentReferenceCachingMetadataReaderFactory.java:86)
	at org.springframework.boot.type.classreading.ConcurrentReferenceCachingMetadataReaderFactory.getMetadataReader(ConcurrentReferenceCachingMetadataReaderFactory.java:73)
	at org.springframework.core.type.classreading.SimpleMetadataReaderFactory.getMetadataReader(SimpleMetadataReaderFactory.java:81)
	at org.springframework.context.annotation.ConfigurationClassParser.asSourceClass(ConfigurationClassParser.java:613)
	at org.springframework.context.annotation.ConfigurationClassParser$SourceClass.getInterfaces(ConfigurationClassParser.java:939)
	at org.springframework.context.annotation.ConfigurationClassParser.processInterfaces(ConfigurationClassParser.java:379)
	at org.springframework.context.annotation.ConfigurationClassParser.doProcessConfigurationClass(ConfigurationClassParser.java:325)
	at org.springframework.context.annotation.ConfigurationClassParser.processConfigurationClass(ConfigurationClassParser.java:243)
	at org.springframework.context.annotation.ConfigurationClassParser.parse(ConfigurationClassParser.java:188)
	at org.springframework.context.annotation.ConfigurationClassParser.doProcessConfigurationClass(ConfigurationClassParser.java:297)
	at org.springframework.context.annotation.ConfigurationClassParser.processConfigurationClass(ConfigurationClassParser.java:243)
	at org.springframework.context.annotation.ConfigurationClassParser.parse(ConfigurationClassParser.java:196)
	at org.springframework.context.annotation.ConfigurationClassParser.parse(ConfigurationClassParser.java:164)
	... 16 common frames omitted
2025-06-07 10:27:32 INFO  c.e.s.СontrollerApplication - Starting СontrollerApplication using Java 21.0.4 with PID 22740 (C:\Users\79162\IdeaProjects\kontroller\target\classes started by 79162 in C:\Users\79162\IdeaProjects\kontroller)
2025-06-07 10:27:32 DEBUG c.e.s.СontrollerApplication - Running with Spring Boot v3.1.5, Spring v6.0.13
2025-06-07 10:27:32 INFO  c.e.s.СontrollerApplication - No active profile set, falling back to 1 default profile: "default"
2025-06-07 10:27:32 WARN  o.s.b.w.s.c.AnnotationConfigServletWebServerApplicationContext - Exception encountered during context initialization - cancelling refresh attempt: org.springframework.beans.factory.BeanDefinitionStoreException: Failed to parse configuration class [com.exempal.shiftcounter.СontrollerApplication]
2025-06-07 10:27:32 ERROR o.s.boot.SpringApplication - Application run failed
org.springframework.beans.factory.BeanDefinitionStoreException: Failed to parse configuration class [com.exempal.shiftcounter.СontrollerApplication]
	at org.springframework.context.annotation.ConfigurationClassParser.parse(ConfigurationClassParser.java:178)
	at org.springframework.context.annotation.ConfigurationClassPostProcessor.processConfigBeanDefinitions(ConfigurationClassPostProcessor.java:415)
	at org.springframework.context.annotation.ConfigurationClassPostProcessor.postProcessBeanDefinitionRegistry(ConfigurationClassPostProcessor.java:287)
	at org.springframework.context.support.PostProcessorRegistrationDelegate.invokeBeanDefinitionRegistryPostProcessors(PostProcessorRegistrationDelegate.java:344)
	at org.springframework.context.support.PostProcessorRegistrationDelegate.invokeBeanFactoryPostProcessors(PostProcessorRegistrationDelegate.java:115)
	at org.springframework.context.support.AbstractApplicationContext.invokeBeanFactoryPostProcessors(AbstractApplicationContext.java:779)
	at org.springframework.context.support.AbstractApplicationContext.refresh(AbstractApplicationContext.java:597)
	at org.springframework.boot.web.servlet.context.ServletWebServerApplicationContext.refresh(ServletWebServerApplicationContext.java:146)
	at org.springframework.boot.SpringApplication.refresh(SpringApplication.java:738)
	at org.springframework.boot.SpringApplication.refreshContext(SpringApplication.java:440)
	at org.springframework.boot.SpringApplication.run(SpringApplication.java:316)
	at org.springframework.boot.SpringApplication.run(SpringApplication.java:1306)
	at org.springframework.boot.SpringApplication.run(SpringApplication.java:1295)
	at com.exempal.shiftcounter.СontrollerApplication.main(СontrollerApplication.java:10)
	at java.base/jdk.internal.reflect.DirectMethodHandleAccessor.invoke(DirectMethodHandleAccessor.java:103)
	at java.base/java.lang.reflect.Method.invoke(Method.java:580)
	at org.springframework.boot.devtools.restart.RestartLauncher.run(RestartLauncher.java:50)
Caused by: java.io.FileNotFoundException: class path resource [com/exempal/shiftcounter/core/PageModel.class] cannot be opened because it does not exist
	at org.springframework.core.io.ClassPathResource.getInputStream(ClassPathResource.java:211)
	at org.springframework.core.type.classreading.SimpleMetadataReader.getClassReader(SimpleMetadataReader.java:54)
	at org.springframework.core.type.classreading.SimpleMetadataReader.<init>(SimpleMetadataReader.java:48)
	at org.springframework.core.type.classreading.SimpleMetadataReaderFactory.getMetadataReader(SimpleMetadataReaderFactory.java:103)
	at org.springframework.boot.type.classreading.ConcurrentReferenceCachingMetadataReaderFactory.createMetadataReader(ConcurrentReferenceCachingMetadataReaderFactory.java:86)
	at org.springframework.boot.type.classreading.ConcurrentReferenceCachingMetadataReaderFactory.getMetadataReader(ConcurrentReferenceCachingMetadataReaderFactory.java:73)
	at org.springframework.core.type.classreading.SimpleMetadataReaderFactory.getMetadataReader(SimpleMetadataReaderFactory.java:81)
	at org.springframework.context.annotation.ConfigurationClassParser.asSourceClass(ConfigurationClassParser.java:613)
	at org.springframework.context.annotation.ConfigurationClassParser$SourceClass.getInterfaces(ConfigurationClassParser.java:939)
	at org.springframework.context.annotation.ConfigurationClassParser.processInterfaces(ConfigurationClassParser.java:379)
	at org.springframework.context.annotation.ConfigurationClassParser.doProcessConfigurationClass(ConfigurationClassParser.java:325)
	at org.springframework.context.annotation.ConfigurationClassParser.processConfigurationClass(ConfigurationClassParser.java:243)
	at org.springframework.context.annotation.ConfigurationClassParser.parse(ConfigurationClassParser.java:188)
	at org.springframework.context.annotation.ConfigurationClassParser.doProcessConfigurationClass(ConfigurationClassParser.java:297)
	at org.springframework.context.annotation.ConfigurationClassParser.processConfigurationClass(ConfigurationClassParser.java:243)
	at org.springframework.context.annotation.ConfigurationClassParser.parse(ConfigurationClassParser.java:196)
	at org.springframework.context.annotation.ConfigurationClassParser.parse(ConfigurationClassParser.java:164)
	... 16 common frames omitted
2025-06-07 10:45:15 INFO  c.e.s.СontrollerApplication - Starting СontrollerApplication using Java 21.0.4 with PID 22740 (C:\Users\79162\IdeaProjects\kontroller\target\classes started by 79162 in C:\Users\79162\IdeaProjects\kontroller)
2025-06-07 10:45:15 DEBUG c.e.s.СontrollerApplication - Running with Spring Boot v3.1.5, Spring v6.0.13
2025-06-07 10:45:15 INFO  c.e.s.СontrollerApplication - No active profile set, falling back to 1 default profile: "default"
2025-06-07 10:45:15 WARN  o.s.b.w.s.c.AnnotationConfigServletWebServerApplicationContext - Exception encountered during context initialization - cancelling refresh attempt: org.springframework.beans.factory.BeanDefinitionStoreException: Failed to parse configuration class [com.exempal.shiftcounter.СontrollerApplication]
2025-06-07 10:45:16 ERROR o.s.boot.SpringApplication - Application run failed
org.springframework.beans.factory.BeanDefinitionStoreException: Failed to parse configuration class [com.exempal.shiftcounter.СontrollerApplication]
	at org.springframework.context.annotation.ConfigurationClassParser.parse(ConfigurationClassParser.java:178)
	at org.springframework.context.annotation.ConfigurationClassPostProcessor.processConfigBeanDefinitions(ConfigurationClassPostProcessor.java:415)
	at org.springframework.context.annotation.ConfigurationClassPostProcessor.postProcessBeanDefinitionRegistry(ConfigurationClassPostProcessor.java:287)
	at org.springframework.context.support.PostProcessorRegistrationDelegate.invokeBeanDefinitionRegistryPostProcessors(PostProcessorRegistrationDelegate.java:344)
	at org.springframework.context.support.PostProcessorRegistrationDelegate.invokeBeanFactoryPostProcessors(PostProcessorRegistrationDelegate.java:115)
	at org.springframework.context.support.AbstractApplicationContext.invokeBeanFactoryPostProcessors(AbstractApplicationContext.java:779)
	at org.springframework.context.support.AbstractApplicationContext.refresh(AbstractApplicationContext.java:597)
	at org.springframework.boot.web.servlet.context.ServletWebServerApplicationContext.refresh(ServletWebServerApplicationContext.java:146)
	at org.springframework.boot.SpringApplication.refresh(SpringApplication.java:738)
	at org.springframework.boot.SpringApplication.refreshContext(SpringApplication.java:440)
	at org.springframework.boot.SpringApplication.run(SpringApplication.java:316)
	at org.springframework.boot.SpringApplication.run(SpringApplication.java:1306)
	at org.springframework.boot.SpringApplication.run(SpringApplication.java:1295)
	at com.exempal.shiftcounter.СontrollerApplication.main(СontrollerApplication.java:10)
	at java.base/jdk.internal.reflect.DirectMethodHandleAccessor.invoke(DirectMethodHandleAccessor.java:103)
	at java.base/java.lang.reflect.Method.invoke(Method.java:580)
	at org.springframework.boot.devtools.restart.RestartLauncher.run(RestartLauncher.java:50)
Caused by: java.io.FileNotFoundException: class path resource [com/exempal/shiftcounter/core/PageModel.class] cannot be opened because it does not exist
	at org.springframework.core.io.ClassPathResource.getInputStream(ClassPathResource.java:211)
	at org.springframework.core.type.classreading.SimpleMetadataReader.getClassReader(SimpleMetadataReader.java:54)
	at org.springframework.core.type.classreading.SimpleMetadataReader.<init>(SimpleMetadataReader.java:48)
	at org.springframework.core.type.classreading.SimpleMetadataReaderFactory.getMetadataReader(SimpleMetadataReaderFactory.java:103)
	at org.springframework.boot.type.classreading.ConcurrentReferenceCachingMetadataReaderFactory.createMetadataReader(ConcurrentReferenceCachingMetadataReaderFactory.java:86)
	at org.springframework.boot.type.classreading.ConcurrentReferenceCachingMetadataReaderFactory.getMetadataReader(ConcurrentReferenceCachingMetadataReaderFactory.java:73)
	at org.springframework.core.type.classreading.SimpleMetadataReaderFactory.getMetadataReader(SimpleMetadataReaderFactory.java:81)
	at org.springframework.context.annotation.ConfigurationClassParser.asSourceClass(ConfigurationClassParser.java:613)
	at org.springframework.context.annotation.ConfigurationClassParser$SourceClass.getInterfaces(ConfigurationClassParser.java:939)
	at org.springframework.context.annotation.ConfigurationClassParser.processInterfaces(ConfigurationClassParser.java:379)
	at org.springframework.context.annotation.ConfigurationClassParser.doProcessConfigurationClass(ConfigurationClassParser.java:325)
	at org.springframework.context.annotation.ConfigurationClassParser.processConfigurationClass(ConfigurationClassParser.java:243)
	at org.springframework.context.annotation.ConfigurationClassParser.parse(ConfigurationClassParser.java:188)
	at org.springframework.context.annotation.ConfigurationClassParser.doProcessConfigurationClass(ConfigurationClassParser.java:297)
	at org.springframework.context.annotation.ConfigurationClassParser.processConfigurationClass(ConfigurationClassParser.java:243)
	at org.springframework.context.annotation.ConfigurationClassParser.parse(ConfigurationClassParser.java:196)
	at org.springframework.context.annotation.ConfigurationClassParser.parse(ConfigurationClassParser.java:164)
	... 16 common frames omitted
2025-06-07 10:45:18 INFO  c.e.s.СontrollerApplication - Starting СontrollerApplication using Java 21.0.4 with PID 22740 (C:\Users\79162\IdeaProjects\kontroller\target\classes started by 79162 in C:\Users\79162\IdeaProjects\kontroller)
2025-06-07 10:45:18 DEBUG c.e.s.СontrollerApplication - Running with Spring Boot v3.1.5, Spring v6.0.13
2025-06-07 10:45:18 INFO  c.e.s.СontrollerApplication - No active profile set, falling back to 1 default profile: "default"
2025-06-07 10:45:18 WARN  o.s.b.w.s.c.AnnotationConfigServletWebServerApplicationContext - Exception encountered during context initialization - cancelling refresh attempt: org.springframework.beans.factory.BeanDefinitionStoreException: Failed to parse configuration class [com.exempal.shiftcounter.СontrollerApplication]
2025-06-07 10:45:18 ERROR o.s.boot.SpringApplication - Application run failed
org.springframework.beans.factory.BeanDefinitionStoreException: Failed to parse configuration class [com.exempal.shiftcounter.СontrollerApplication]
	at org.springframework.context.annotation.ConfigurationClassParser.parse(ConfigurationClassParser.java:178)
	at org.springframework.context.annotation.ConfigurationClassPostProcessor.processConfigBeanDefinitions(ConfigurationClassPostProcessor.java:415)
	at org.springframework.context.annotation.ConfigurationClassPostProcessor.postProcessBeanDefinitionRegistry(ConfigurationClassPostProcessor.java:287)
	at org.springframework.context.support.PostProcessorRegistrationDelegate.invokeBeanDefinitionRegistryPostProcessors(PostProcessorRegistrationDelegate.java:344)
	at org.springframework.context.support.PostProcessorRegistrationDelegate.invokeBeanFactoryPostProcessors(PostProcessorRegistrationDelegate.java:115)
	at org.springframework.context.support.AbstractApplicationContext.invokeBeanFactoryPostProcessors(AbstractApplicationContext.java:779)
	at org.springframework.context.support.AbstractApplicationContext.refresh(AbstractApplicationContext.java:597)
	at org.springframework.boot.web.servlet.context.ServletWebServerApplicationContext.refresh(ServletWebServerApplicationContext.java:146)
	at org.springframework.boot.SpringApplication.refresh(SpringApplication.java:738)
	at org.springframework.boot.SpringApplication.refreshContext(SpringApplication.java:440)
	at org.springframework.boot.SpringApplication.run(SpringApplication.java:316)
	at org.springframework.boot.SpringApplication.run(SpringApplication.java:1306)
	at org.springframework.boot.SpringApplication.run(SpringApplication.java:1295)
	at com.exempal.shiftcounter.СontrollerApplication.main(СontrollerApplication.java:10)
	at java.base/jdk.internal.reflect.DirectMethodHandleAccessor.invoke(DirectMethodHandleAccessor.java:103)
	at java.base/java.lang.reflect.Method.invoke(Method.java:580)
	at org.springframework.boot.devtools.restart.RestartLauncher.run(RestartLauncher.java:50)
Caused by: java.io.FileNotFoundException: class path resource [com/exempal/shiftcounter/core/PageModel.class] cannot be opened because it does not exist
	at org.springframework.core.io.ClassPathResource.getInputStream(ClassPathResource.java:211)
	at org.springframework.core.type.classreading.SimpleMetadataReader.getClassReader(SimpleMetadataReader.java:54)
	at org.springframework.core.type.classreading.SimpleMetadataReader.<init>(SimpleMetadataReader.java:48)
	at org.springframework.core.type.classreading.SimpleMetadataReaderFactory.getMetadataReader(SimpleMetadataReaderFactory.java:103)
	at org.springframework.boot.type.classreading.ConcurrentReferenceCachingMetadataReaderFactory.createMetadataReader(ConcurrentReferenceCachingMetadataReaderFactory.java:86)
	at org.springframework.boot.type.classreading.ConcurrentReferenceCachingMetadataReaderFactory.getMetadataReader(ConcurrentReferenceCachingMetadataReaderFactory.java:73)
	at org.springframework.core.type.classreading.SimpleMetadataReaderFactory.getMetadataReader(SimpleMetadataReaderFactory.java:81)
	at org.springframework.context.annotation.ConfigurationClassParser.asSourceClass(ConfigurationClassParser.java:613)
	at org.springframework.context.annotation.ConfigurationClassParser$SourceClass.getInterfaces(ConfigurationClassParser.java:939)
	at org.springframework.context.annotation.ConfigurationClassParser.processInterfaces(ConfigurationClassParser.java:379)
	at org.springframework.context.annotation.ConfigurationClassParser.doProcessConfigurationClass(ConfigurationClassParser.java:325)
	at org.springframework.context.annotation.ConfigurationClassParser.processConfigurationClass(ConfigurationClassParser.java:243)
	at org.springframework.context.annotation.ConfigurationClassParser.parse(ConfigurationClassParser.java:188)
	at org.springframework.context.annotation.ConfigurationClassParser.doProcessConfigurationClass(ConfigurationClassParser.java:297)
	at org.springframework.context.annotation.ConfigurationClassParser.processConfigurationClass(ConfigurationClassParser.java:243)
	at org.springframework.context.annotation.ConfigurationClassParser.parse(ConfigurationClassParser.java:196)
	at org.springframework.context.annotation.ConfigurationClassParser.parse(ConfigurationClassParser.java:164)
	... 16 common frames omitted
2025-06-07 10:45:34 INFO  c.e.s.СontrollerApplication - Starting СontrollerApplication using Java 21.0.4 with PID 22740 (C:\Users\79162\IdeaProjects\kontroller\target\classes started by 79162 in C:\Users\79162\IdeaProjects\kontroller)
2025-06-07 10:45:34 DEBUG c.e.s.СontrollerApplication - Running with Spring Boot v3.1.5, Spring v6.0.13
2025-06-07 10:45:34 INFO  c.e.s.СontrollerApplication - No active profile set, falling back to 1 default profile: "default"
2025-06-07 10:45:34 WARN  o.s.b.w.s.c.AnnotationConfigServletWebServerApplicationContext - Exception encountered during context initialization - cancelling refresh attempt: org.springframework.beans.factory.BeanDefinitionStoreException: Failed to parse configuration class [com.exempal.shiftcounter.СontrollerApplication]
2025-06-07 10:45:34 ERROR o.s.boot.SpringApplication - Application run failed
org.springframework.beans.factory.BeanDefinitionStoreException: Failed to parse configuration class [com.exempal.shiftcounter.СontrollerApplication]
	at org.springframework.context.annotation.ConfigurationClassParser.parse(ConfigurationClassParser.java:178)
	at org.springframework.context.annotation.ConfigurationClassPostProcessor.processConfigBeanDefinitions(ConfigurationClassPostProcessor.java:415)
	at org.springframework.context.annotation.ConfigurationClassPostProcessor.postProcessBeanDefinitionRegistry(ConfigurationClassPostProcessor.java:287)
	at org.springframework.context.support.PostProcessorRegistrationDelegate.invokeBeanDefinitionRegistryPostProcessors(PostProcessorRegistrationDelegate.java:344)
	at org.springframework.context.support.PostProcessorRegistrationDelegate.invokeBeanFactoryPostProcessors(PostProcessorRegistrationDelegate.java:115)
	at org.springframework.context.support.AbstractApplicationContext.invokeBeanFactoryPostProcessors(AbstractApplicationContext.java:779)
	at org.springframework.context.support.AbstractApplicationContext.refresh(AbstractApplicationContext.java:597)
	at org.springframework.boot.web.servlet.context.ServletWebServerApplicationContext.refresh(ServletWebServerApplicationContext.java:146)
	at org.springframework.boot.SpringApplication.refresh(SpringApplication.java:738)
	at org.springframework.boot.SpringApplication.refreshContext(SpringApplication.java:440)
	at org.springframework.boot.SpringApplication.run(SpringApplication.java:316)
	at org.springframework.boot.SpringApplication.run(SpringApplication.java:1306)
	at org.springframework.boot.SpringApplication.run(SpringApplication.java:1295)
	at com.exempal.shiftcounter.СontrollerApplication.main(СontrollerApplication.java:10)
	at java.base/jdk.internal.reflect.DirectMethodHandleAccessor.invoke(DirectMethodHandleAccessor.java:103)
	at java.base/java.lang.reflect.Method.invoke(Method.java:580)
	at org.springframework.boot.devtools.restart.RestartLauncher.run(RestartLauncher.java:50)
Caused by: java.io.FileNotFoundException: class path resource [com/exempal/shiftcounter/core/PageModel.class] cannot be opened because it does not exist
	at org.springframework.core.io.ClassPathResource.getInputStream(ClassPathResource.java:211)
	at org.springframework.core.type.classreading.SimpleMetadataReader.getClassReader(SimpleMetadataReader.java:54)
	at org.springframework.core.type.classreading.SimpleMetadataReader.<init>(SimpleMetadataReader.java:48)
	at org.springframework.core.type.classreading.SimpleMetadataReaderFactory.getMetadataReader(SimpleMetadataReaderFactory.java:103)
	at org.springframework.boot.type.classreading.ConcurrentReferenceCachingMetadataReaderFactory.createMetadataReader(ConcurrentReferenceCachingMetadataReaderFactory.java:86)
	at org.springframework.boot.type.classreading.ConcurrentReferenceCachingMetadataReaderFactory.getMetadataReader(ConcurrentReferenceCachingMetadataReaderFactory.java:73)
	at org.springframework.core.type.classreading.SimpleMetadataReaderFactory.getMetadataReader(SimpleMetadataReaderFactory.java:81)
	at org.springframework.context.annotation.ConfigurationClassParser.asSourceClass(ConfigurationClassParser.java:613)
	at org.springframework.context.annotation.ConfigurationClassParser$SourceClass.getInterfaces(ConfigurationClassParser.java:939)
	at org.springframework.context.annotation.ConfigurationClassParser.processInterfaces(ConfigurationClassParser.java:379)
	at org.springframework.context.annotation.ConfigurationClassParser.doProcessConfigurationClass(ConfigurationClassParser.java:325)
	at org.springframework.context.annotation.ConfigurationClassParser.processConfigurationClass(ConfigurationClassParser.java:243)
	at org.springframework.context.annotation.ConfigurationClassParser.parse(ConfigurationClassParser.java:188)
	at org.springframework.context.annotation.ConfigurationClassParser.doProcessConfigurationClass(ConfigurationClassParser.java:297)
	at org.springframework.context.annotation.ConfigurationClassParser.processConfigurationClass(ConfigurationClassParser.java:243)
	at org.springframework.context.annotation.ConfigurationClassParser.parse(ConfigurationClassParser.java:196)
	at org.springframework.context.annotation.ConfigurationClassParser.parse(ConfigurationClassParser.java:164)
	... 16 common frames omitted
2025-06-07 10:45:38 INFO  c.e.s.СontrollerApplication - Starting СontrollerApplication using Java 21.0.4 with PID 22740 (C:\Users\79162\IdeaProjects\kontroller\target\classes started by 79162 in C:\Users\79162\IdeaProjects\kontroller)
2025-06-07 10:45:38 DEBUG c.e.s.СontrollerApplication - Running with Spring Boot v3.1.5, Spring v6.0.13
2025-06-07 10:45:38 INFO  c.e.s.СontrollerApplication - No active profile set, falling back to 1 default profile: "default"
2025-06-07 10:45:39 WARN  o.s.b.w.s.c.AnnotationConfigServletWebServerApplicationContext - Exception encountered during context initialization - cancelling refresh attempt: org.springframework.beans.factory.BeanDefinitionStoreException: Failed to parse configuration class [com.exempal.shiftcounter.СontrollerApplication]
2025-06-07 10:45:39 ERROR o.s.boot.SpringApplication - Application run failed
org.springframework.beans.factory.BeanDefinitionStoreException: Failed to parse configuration class [com.exempal.shiftcounter.СontrollerApplication]
	at org.springframework.context.annotation.ConfigurationClassParser.parse(ConfigurationClassParser.java:178)
	at org.springframework.context.annotation.ConfigurationClassPostProcessor.processConfigBeanDefinitions(ConfigurationClassPostProcessor.java:415)
	at org.springframework.context.annotation.ConfigurationClassPostProcessor.postProcessBeanDefinitionRegistry(ConfigurationClassPostProcessor.java:287)
	at org.springframework.context.support.PostProcessorRegistrationDelegate.invokeBeanDefinitionRegistryPostProcessors(PostProcessorRegistrationDelegate.java:344)
	at org.springframework.context.support.PostProcessorRegistrationDelegate.invokeBeanFactoryPostProcessors(PostProcessorRegistrationDelegate.java:115)
	at org.springframework.context.support.AbstractApplicationContext.invokeBeanFactoryPostProcessors(AbstractApplicationContext.java:779)
	at org.springframework.context.support.AbstractApplicationContext.refresh(AbstractApplicationContext.java:597)
	at org.springframework.boot.web.servlet.context.ServletWebServerApplicationContext.refresh(ServletWebServerApplicationContext.java:146)
	at org.springframework.boot.SpringApplication.refresh(SpringApplication.java:738)
	at org.springframework.boot.SpringApplication.refreshContext(SpringApplication.java:440)
	at org.springframework.boot.SpringApplication.run(SpringApplication.java:316)
	at org.springframework.boot.SpringApplication.run(SpringApplication.java:1306)
	at org.springframework.boot.SpringApplication.run(SpringApplication.java:1295)
	at com.exempal.shiftcounter.СontrollerApplication.main(СontrollerApplication.java:10)
	at java.base/jdk.internal.reflect.DirectMethodHandleAccessor.invoke(DirectMethodHandleAccessor.java:103)
	at java.base/java.lang.reflect.Method.invoke(Method.java:580)
	at org.springframework.boot.devtools.restart.RestartLauncher.run(RestartLauncher.java:50)
Caused by: java.io.FileNotFoundException: class path resource [com/exempal/shiftcounter/core/PageModel.class] cannot be opened because it does not exist
	at org.springframework.core.io.ClassPathResource.getInputStream(ClassPathResource.java:211)
	at org.springframework.core.type.classreading.SimpleMetadataReader.getClassReader(SimpleMetadataReader.java:54)
	at org.springframework.core.type.classreading.SimpleMetadataReader.<init>(SimpleMetadataReader.java:48)
	at org.springframework.core.type.classreading.SimpleMetadataReaderFactory.getMetadataReader(SimpleMetadataReaderFactory.java:103)
	at org.springframework.boot.type.classreading.ConcurrentReferenceCachingMetadataReaderFactory.createMetadataReader(ConcurrentReferenceCachingMetadataReaderFactory.java:86)
	at org.springframework.boot.type.classreading.ConcurrentReferenceCachingMetadataReaderFactory.getMetadataReader(ConcurrentReferenceCachingMetadataReaderFactory.java:73)
	at org.springframework.core.type.classreading.SimpleMetadataReaderFactory.getMetadataReader(SimpleMetadataReaderFactory.java:81)
	at org.springframework.context.annotation.ConfigurationClassParser.asSourceClass(ConfigurationClassParser.java:613)
	at org.springframework.context.annotation.ConfigurationClassParser$SourceClass.getInterfaces(ConfigurationClassParser.java:939)
	at org.springframework.context.annotation.ConfigurationClassParser.processInterfaces(ConfigurationClassParser.java:379)
	at org.springframework.context.annotation.ConfigurationClassParser.doProcessConfigurationClass(ConfigurationClassParser.java:325)
	at org.springframework.context.annotation.ConfigurationClassParser.processConfigurationClass(ConfigurationClassParser.java:243)
	at org.springframework.context.annotation.ConfigurationClassParser.parse(ConfigurationClassParser.java:188)
	at org.springframework.context.annotation.ConfigurationClassParser.doProcessConfigurationClass(ConfigurationClassParser.java:297)
	at org.springframework.context.annotation.ConfigurationClassParser.processConfigurationClass(ConfigurationClassParser.java:243)
	at org.springframework.context.annotation.ConfigurationClassParser.parse(ConfigurationClassParser.java:196)
	at org.springframework.context.annotation.ConfigurationClassParser.parse(ConfigurationClassParser.java:164)
	... 16 common frames omitted
2025-06-07 10:45:51 INFO  c.e.s.СontrollerApplication - Starting СontrollerApplication using Java 21.0.4 with PID 22740 (C:\Users\79162\IdeaProjects\kontroller\target\classes started by 79162 in C:\Users\79162\IdeaProjects\kontroller)
2025-06-07 10:45:51 DEBUG c.e.s.СontrollerApplication - Running with Spring Boot v3.1.5, Spring v6.0.13
2025-06-07 10:45:51 INFO  c.e.s.СontrollerApplication - No active profile set, falling back to 1 default profile: "default"
2025-06-07 10:45:51 WARN  o.s.b.w.s.c.AnnotationConfigServletWebServerApplicationContext - Exception encountered during context initialization - cancelling refresh attempt: org.springframework.beans.factory.BeanDefinitionStoreException: Failed to parse configuration class [com.exempal.shiftcounter.СontrollerApplication]
2025-06-07 10:45:51 ERROR o.s.boot.SpringApplication - Application run failed
org.springframework.beans.factory.BeanDefinitionStoreException: Failed to parse configuration class [com.exempal.shiftcounter.СontrollerApplication]
	at org.springframework.context.annotation.ConfigurationClassParser.parse(ConfigurationClassParser.java:178)
	at org.springframework.context.annotation.ConfigurationClassPostProcessor.processConfigBeanDefinitions(ConfigurationClassPostProcessor.java:415)
	at org.springframework.context.annotation.ConfigurationClassPostProcessor.postProcessBeanDefinitionRegistry(ConfigurationClassPostProcessor.java:287)
	at org.springframework.context.support.PostProcessorRegistrationDelegate.invokeBeanDefinitionRegistryPostProcessors(PostProcessorRegistrationDelegate.java:344)
	at org.springframework.context.support.PostProcessorRegistrationDelegate.invokeBeanFactoryPostProcessors(PostProcessorRegistrationDelegate.java:115)
	at org.springframework.context.support.AbstractApplicationContext.invokeBeanFactoryPostProcessors(AbstractApplicationContext.java:779)
	at org.springframework.context.support.AbstractApplicationContext.refresh(AbstractApplicationContext.java:597)
	at org.springframework.boot.web.servlet.context.ServletWebServerApplicationContext.refresh(ServletWebServerApplicationContext.java:146)
	at org.springframework.boot.SpringApplication.refresh(SpringApplication.java:738)
	at org.springframework.boot.SpringApplication.refreshContext(SpringApplication.java:440)
	at org.springframework.boot.SpringApplication.run(SpringApplication.java:316)
	at org.springframework.boot.SpringApplication.run(SpringApplication.java:1306)
	at org.springframework.boot.SpringApplication.run(SpringApplication.java:1295)
	at com.exempal.shiftcounter.СontrollerApplication.main(СontrollerApplication.java:10)
	at java.base/jdk.internal.reflect.DirectMethodHandleAccessor.invoke(DirectMethodHandleAccessor.java:103)
	at java.base/java.lang.reflect.Method.invoke(Method.java:580)
	at org.springframework.boot.devtools.restart.RestartLauncher.run(RestartLauncher.java:50)
Caused by: java.io.FileNotFoundException: class path resource [com/exempal/shiftcounter/core/PageModel.class] cannot be opened because it does not exist
	at org.springframework.core.io.ClassPathResource.getInputStream(ClassPathResource.java:211)
	at org.springframework.core.type.classreading.SimpleMetadataReader.getClassReader(SimpleMetadataReader.java:54)
	at org.springframework.core.type.classreading.SimpleMetadataReader.<init>(SimpleMetadataReader.java:48)
	at org.springframework.core.type.classreading.SimpleMetadataReaderFactory.getMetadataReader(SimpleMetadataReaderFactory.java:103)
	at org.springframework.boot.type.classreading.ConcurrentReferenceCachingMetadataReaderFactory.createMetadataReader(ConcurrentReferenceCachingMetadataReaderFactory.java:86)
	at org.springframework.boot.type.classreading.ConcurrentReferenceCachingMetadataReaderFactory.getMetadataReader(ConcurrentReferenceCachingMetadataReaderFactory.java:73)
	at org.springframework.core.type.classreading.SimpleMetadataReaderFactory.getMetadataReader(SimpleMetadataReaderFactory.java:81)
	at org.springframework.context.annotation.ConfigurationClassParser.asSourceClass(ConfigurationClassParser.java:613)
	at org.springframework.context.annotation.ConfigurationClassParser$SourceClass.getInterfaces(ConfigurationClassParser.java:939)
	at org.springframework.context.annotation.ConfigurationClassParser.processInterfaces(ConfigurationClassParser.java:379)
	at org.springframework.context.annotation.ConfigurationClassParser.doProcessConfigurationClass(ConfigurationClassParser.java:325)
	at org.springframework.context.annotation.ConfigurationClassParser.processConfigurationClass(ConfigurationClassParser.java:243)
	at org.springframework.context.annotation.ConfigurationClassParser.parse(ConfigurationClassParser.java:188)
	at org.springframework.context.annotation.ConfigurationClassParser.doProcessConfigurationClass(ConfigurationClassParser.java:297)
	at org.springframework.context.annotation.ConfigurationClassParser.processConfigurationClass(ConfigurationClassParser.java:243)
	at org.springframework.context.annotation.ConfigurationClassParser.parse(ConfigurationClassParser.java:196)
	at org.springframework.context.annotation.ConfigurationClassParser.parse(ConfigurationClassParser.java:164)
	... 16 common frames omitted
2025-06-07 10:45:54 INFO  c.e.s.СontrollerApplication - Starting СontrollerApplication using Java 21.0.4 with PID 22740 (C:\Users\79162\IdeaProjects\kontroller\target\classes started by 79162 in C:\Users\79162\IdeaProjects\kontroller)
2025-06-07 10:45:54 DEBUG c.e.s.СontrollerApplication - Running with Spring Boot v3.1.5, Spring v6.0.13
2025-06-07 10:45:54 INFO  c.e.s.СontrollerApplication - No active profile set, falling back to 1 default profile: "default"
2025-06-07 10:45:55 WARN  o.s.b.w.s.c.AnnotationConfigServletWebServerApplicationContext - Exception encountered during context initialization - cancelling refresh attempt: org.springframework.beans.factory.BeanDefinitionStoreException: Failed to parse configuration class [com.exempal.shiftcounter.СontrollerApplication]
2025-06-07 10:45:55 ERROR o.s.boot.SpringApplication - Application run failed
org.springframework.beans.factory.BeanDefinitionStoreException: Failed to parse configuration class [com.exempal.shiftcounter.СontrollerApplication]
	at org.springframework.context.annotation.ConfigurationClassParser.parse(ConfigurationClassParser.java:178)
	at org.springframework.context.annotation.ConfigurationClassPostProcessor.processConfigBeanDefinitions(ConfigurationClassPostProcessor.java:415)
	at org.springframework.context.annotation.ConfigurationClassPostProcessor.postProcessBeanDefinitionRegistry(ConfigurationClassPostProcessor.java:287)
	at org.springframework.context.support.PostProcessorRegistrationDelegate.invokeBeanDefinitionRegistryPostProcessors(PostProcessorRegistrationDelegate.java:344)
	at org.springframework.context.support.PostProcessorRegistrationDelegate.invokeBeanFactoryPostProcessors(PostProcessorRegistrationDelegate.java:115)
	at org.springframework.context.support.AbstractApplicationContext.invokeBeanFactoryPostProcessors(AbstractApplicationContext.java:779)
	at org.springframework.context.support.AbstractApplicationContext.refresh(AbstractApplicationContext.java:597)
	at org.springframework.boot.web.servlet.context.ServletWebServerApplicationContext.refresh(ServletWebServerApplicationContext.java:146)
	at org.springframework.boot.SpringApplication.refresh(SpringApplication.java:738)
	at org.springframework.boot.SpringApplication.refreshContext(SpringApplication.java:440)
	at org.springframework.boot.SpringApplication.run(SpringApplication.java:316)
	at org.springframework.boot.SpringApplication.run(SpringApplication.java:1306)
	at org.springframework.boot.SpringApplication.run(SpringApplication.java:1295)
	at com.exempal.shiftcounter.СontrollerApplication.main(СontrollerApplication.java:10)
	at java.base/jdk.internal.reflect.DirectMethodHandleAccessor.invoke(DirectMethodHandleAccessor.java:103)
	at java.base/java.lang.reflect.Method.invoke(Method.java:580)
	at org.springframework.boot.devtools.restart.RestartLauncher.run(RestartLauncher.java:50)
Caused by: java.io.FileNotFoundException: class path resource [com/exempal/shiftcounter/core/PageModel.class] cannot be opened because it does not exist
	at org.springframework.core.io.ClassPathResource.getInputStream(ClassPathResource.java:211)
	at org.springframework.core.type.classreading.SimpleMetadataReader.getClassReader(SimpleMetadataReader.java:54)
	at org.springframework.core.type.classreading.SimpleMetadataReader.<init>(SimpleMetadataReader.java:48)
	at org.springframework.core.type.classreading.SimpleMetadataReaderFactory.getMetadataReader(SimpleMetadataReaderFactory.java:103)
	at org.springframework.boot.type.classreading.ConcurrentReferenceCachingMetadataReaderFactory.createMetadataReader(ConcurrentReferenceCachingMetadataReaderFactory.java:86)
	at org.springframework.boot.type.classreading.ConcurrentReferenceCachingMetadataReaderFactory.getMetadataReader(ConcurrentReferenceCachingMetadataReaderFactory.java:73)
	at org.springframework.core.type.classreading.SimpleMetadataReaderFactory.getMetadataReader(SimpleMetadataReaderFactory.java:81)
	at org.springframework.context.annotation.ConfigurationClassParser.asSourceClass(ConfigurationClassParser.java:613)
	at org.springframework.context.annotation.ConfigurationClassParser$SourceClass.getInterfaces(ConfigurationClassParser.java:939)
	at org.springframework.context.annotation.ConfigurationClassParser.processInterfaces(ConfigurationClassParser.java:379)
	at org.springframework.context.annotation.ConfigurationClassParser.doProcessConfigurationClass(ConfigurationClassParser.java:325)
	at org.springframework.context.annotation.ConfigurationClassParser.processConfigurationClass(ConfigurationClassParser.java:243)
	at org.springframework.context.annotation.ConfigurationClassParser.parse(ConfigurationClassParser.java:188)
	at org.springframework.context.annotation.ConfigurationClassParser.doProcessConfigurationClass(ConfigurationClassParser.java:297)
	at org.springframework.context.annotation.ConfigurationClassParser.processConfigurationClass(ConfigurationClassParser.java:243)
	at org.springframework.context.annotation.ConfigurationClassParser.parse(ConfigurationClassParser.java:196)
	at org.springframework.context.annotation.ConfigurationClassParser.parse(ConfigurationClassParser.java:164)
	... 16 common frames omitted
2025-06-07 10:46:58 INFO  c.e.s.СontrollerApplication - Starting СontrollerApplication using Java 21.0.4 with PID 22740 (C:\Users\79162\IdeaProjects\kontroller\target\classes started by 79162 in C:\Users\79162\IdeaProjects\kontroller)
2025-06-07 10:46:58 DEBUG c.e.s.СontrollerApplication - Running with Spring Boot v3.1.5, Spring v6.0.13
2025-06-07 10:46:58 INFO  c.e.s.СontrollerApplication - No active profile set, falling back to 1 default profile: "default"
2025-06-07 10:46:58 WARN  o.s.b.w.s.c.AnnotationConfigServletWebServerApplicationContext - Exception encountered during context initialization - cancelling refresh attempt: org.springframework.beans.factory.BeanDefinitionStoreException: Failed to parse configuration class [com.exempal.shiftcounter.СontrollerApplication]
2025-06-07 10:46:58 ERROR o.s.boot.SpringApplication - Application run failed
org.springframework.beans.factory.BeanDefinitionStoreException: Failed to parse configuration class [com.exempal.shiftcounter.СontrollerApplication]
	at org.springframework.context.annotation.ConfigurationClassParser.parse(ConfigurationClassParser.java:178)
	at org.springframework.context.annotation.ConfigurationClassPostProcessor.processConfigBeanDefinitions(ConfigurationClassPostProcessor.java:415)
	at org.springframework.context.annotation.ConfigurationClassPostProcessor.postProcessBeanDefinitionRegistry(ConfigurationClassPostProcessor.java:287)
	at org.springframework.context.support.PostProcessorRegistrationDelegate.invokeBeanDefinitionRegistryPostProcessors(PostProcessorRegistrationDelegate.java:344)
	at org.springframework.context.support.PostProcessorRegistrationDelegate.invokeBeanFactoryPostProcessors(PostProcessorRegistrationDelegate.java:115)
	at org.springframework.context.support.AbstractApplicationContext.invokeBeanFactoryPostProcessors(AbstractApplicationContext.java:779)
	at org.springframework.context.support.AbstractApplicationContext.refresh(AbstractApplicationContext.java:597)
	at org.springframework.boot.web.servlet.context.ServletWebServerApplicationContext.refresh(ServletWebServerApplicationContext.java:146)
	at org.springframework.boot.SpringApplication.refresh(SpringApplication.java:738)
	at org.springframework.boot.SpringApplication.refreshContext(SpringApplication.java:440)
	at org.springframework.boot.SpringApplication.run(SpringApplication.java:316)
	at org.springframework.boot.SpringApplication.run(SpringApplication.java:1306)
	at org.springframework.boot.SpringApplication.run(SpringApplication.java:1295)
	at com.exempal.shiftcounter.СontrollerApplication.main(СontrollerApplication.java:10)
	at java.base/jdk.internal.reflect.DirectMethodHandleAccessor.invoke(DirectMethodHandleAccessor.java:103)
	at java.base/java.lang.reflect.Method.invoke(Method.java:580)
	at org.springframework.boot.devtools.restart.RestartLauncher.run(RestartLauncher.java:50)
Caused by: java.io.FileNotFoundException: class path resource [com/exempal/shiftcounter/core/PageModel.class] cannot be opened because it does not exist
	at org.springframework.core.io.ClassPathResource.getInputStream(ClassPathResource.java:211)
	at org.springframework.core.type.classreading.SimpleMetadataReader.getClassReader(SimpleMetadataReader.java:54)
	at org.springframework.core.type.classreading.SimpleMetadataReader.<init>(SimpleMetadataReader.java:48)
	at org.springframework.core.type.classreading.SimpleMetadataReaderFactory.getMetadataReader(SimpleMetadataReaderFactory.java:103)
	at org.springframework.boot.type.classreading.ConcurrentReferenceCachingMetadataReaderFactory.createMetadataReader(ConcurrentReferenceCachingMetadataReaderFactory.java:86)
	at org.springframework.boot.type.classreading.ConcurrentReferenceCachingMetadataReaderFactory.getMetadataReader(ConcurrentReferenceCachingMetadataReaderFactory.java:73)
	at org.springframework.core.type.classreading.SimpleMetadataReaderFactory.getMetadataReader(SimpleMetadataReaderFactory.java:81)
	at org.springframework.context.annotation.ConfigurationClassParser.asSourceClass(ConfigurationClassParser.java:613)
	at org.springframework.context.annotation.ConfigurationClassParser$SourceClass.getInterfaces(ConfigurationClassParser.java:939)
	at org.springframework.context.annotation.ConfigurationClassParser.processInterfaces(ConfigurationClassParser.java:379)
	at org.springframework.context.annotation.ConfigurationClassParser.doProcessConfigurationClass(ConfigurationClassParser.java:325)
	at org.springframework.context.annotation.ConfigurationClassParser.processConfigurationClass(ConfigurationClassParser.java:243)
	at org.springframework.context.annotation.ConfigurationClassParser.parse(ConfigurationClassParser.java:188)
	at org.springframework.context.annotation.ConfigurationClassParser.doProcessConfigurationClass(ConfigurationClassParser.java:297)
	at org.springframework.context.annotation.ConfigurationClassParser.processConfigurationClass(ConfigurationClassParser.java:243)
	at org.springframework.context.annotation.ConfigurationClassParser.parse(ConfigurationClassParser.java:196)
	at org.springframework.context.annotation.ConfigurationClassParser.parse(ConfigurationClassParser.java:164)
	... 16 common frames omitted
2025-06-07 10:47:02 INFO  c.e.s.СontrollerApplication - Starting СontrollerApplication using Java 21.0.4 with PID 22740 (C:\Users\79162\IdeaProjects\kontroller\target\classes started by 79162 in C:\Users\79162\IdeaProjects\kontroller)
2025-06-07 10:47:02 DEBUG c.e.s.СontrollerApplication - Running with Spring Boot v3.1.5, Spring v6.0.13
2025-06-07 10:47:02 INFO  c.e.s.СontrollerApplication - No active profile set, falling back to 1 default profile: "default"
2025-06-07 10:47:02 WARN  o.s.b.w.s.c.AnnotationConfigServletWebServerApplicationContext - Exception encountered during context initialization - cancelling refresh attempt: org.springframework.beans.factory.BeanDefinitionStoreException: Failed to parse configuration class [com.exempal.shiftcounter.СontrollerApplication]
2025-06-07 10:47:02 ERROR o.s.boot.SpringApplication - Application run failed
org.springframework.beans.factory.BeanDefinitionStoreException: Failed to parse configuration class [com.exempal.shiftcounter.СontrollerApplication]
	at org.springframework.context.annotation.ConfigurationClassParser.parse(ConfigurationClassParser.java:178)
	at org.springframework.context.annotation.ConfigurationClassPostProcessor.processConfigBeanDefinitions(ConfigurationClassPostProcessor.java:415)
	at org.springframework.context.annotation.ConfigurationClassPostProcessor.postProcessBeanDefinitionRegistry(ConfigurationClassPostProcessor.java:287)
	at org.springframework.context.support.PostProcessorRegistrationDelegate.invokeBeanDefinitionRegistryPostProcessors(PostProcessorRegistrationDelegate.java:344)
	at org.springframework.context.support.PostProcessorRegistrationDelegate.invokeBeanFactoryPostProcessors(PostProcessorRegistrationDelegate.java:115)
	at org.springframework.context.support.AbstractApplicationContext.invokeBeanFactoryPostProcessors(AbstractApplicationContext.java:779)
	at org.springframework.context.support.AbstractApplicationContext.refresh(AbstractApplicationContext.java:597)
	at org.springframework.boot.web.servlet.context.ServletWebServerApplicationContext.refresh(ServletWebServerApplicationContext.java:146)
	at org.springframework.boot.SpringApplication.refresh(SpringApplication.java:738)
	at org.springframework.boot.SpringApplication.refreshContext(SpringApplication.java:440)
	at org.springframework.boot.SpringApplication.run(SpringApplication.java:316)
	at org.springframework.boot.SpringApplication.run(SpringApplication.java:1306)
	at org.springframework.boot.SpringApplication.run(SpringApplication.java:1295)
	at com.exempal.shiftcounter.СontrollerApplication.main(СontrollerApplication.java:10)
	at java.base/jdk.internal.reflect.DirectMethodHandleAccessor.invoke(DirectMethodHandleAccessor.java:103)
	at java.base/java.lang.reflect.Method.invoke(Method.java:580)
	at org.springframework.boot.devtools.restart.RestartLauncher.run(RestartLauncher.java:50)
Caused by: java.io.FileNotFoundException: class path resource [com/exempal/shiftcounter/core/PageModel.class] cannot be opened because it does not exist
	at org.springframework.core.io.ClassPathResource.getInputStream(ClassPathResource.java:211)
	at org.springframework.core.type.classreading.SimpleMetadataReader.getClassReader(SimpleMetadataReader.java:54)
	at org.springframework.core.type.classreading.SimpleMetadataReader.<init>(SimpleMetadataReader.java:48)
	at org.springframework.core.type.classreading.SimpleMetadataReaderFactory.getMetadataReader(SimpleMetadataReaderFactory.java:103)
	at org.springframework.boot.type.classreading.ConcurrentReferenceCachingMetadataReaderFactory.createMetadataReader(ConcurrentReferenceCachingMetadataReaderFactory.java:86)
	at org.springframework.boot.type.classreading.ConcurrentReferenceCachingMetadataReaderFactory.getMetadataReader(ConcurrentReferenceCachingMetadataReaderFactory.java:73)
	at org.springframework.core.type.classreading.SimpleMetadataReaderFactory.getMetadataReader(SimpleMetadataReaderFactory.java:81)
	at org.springframework.context.annotation.ConfigurationClassParser.asSourceClass(ConfigurationClassParser.java:613)
	at org.springframework.context.annotation.ConfigurationClassParser$SourceClass.getInterfaces(ConfigurationClassParser.java:939)
	at org.springframework.context.annotation.ConfigurationClassParser.processInterfaces(ConfigurationClassParser.java:379)
	at org.springframework.context.annotation.ConfigurationClassParser.doProcessConfigurationClass(ConfigurationClassParser.java:325)
	at org.springframework.context.annotation.ConfigurationClassParser.processConfigurationClass(ConfigurationClassParser.java:243)
	at org.springframework.context.annotation.ConfigurationClassParser.parse(ConfigurationClassParser.java:188)
	at org.springframework.context.annotation.ConfigurationClassParser.doProcessConfigurationClass(ConfigurationClassParser.java:297)
	at org.springframework.context.annotation.ConfigurationClassParser.processConfigurationClass(ConfigurationClassParser.java:243)
	at org.springframework.context.annotation.ConfigurationClassParser.parse(ConfigurationClassParser.java:196)
	at org.springframework.context.annotation.ConfigurationClassParser.parse(ConfigurationClassParser.java:164)
	... 16 common frames omitted
2025-06-07 10:49:24 INFO  c.e.s.СontrollerApplication - Starting СontrollerApplication using Java 21.0.4 with PID 22740 (C:\Users\79162\IdeaProjects\kontroller\target\classes started by 79162 in C:\Users\79162\IdeaProjects\kontroller)
2025-06-07 10:49:24 DEBUG c.e.s.СontrollerApplication - Running with Spring Boot v3.1.5, Spring v6.0.13
2025-06-07 10:49:24 INFO  c.e.s.СontrollerApplication - No active profile set, falling back to 1 default profile: "default"
2025-06-07 10:49:24 WARN  o.s.b.w.s.c.AnnotationConfigServletWebServerApplicationContext - Exception encountered during context initialization - cancelling refresh attempt: org.springframework.beans.factory.BeanDefinitionStoreException: Failed to parse configuration class [com.exempal.shiftcounter.СontrollerApplication]
2025-06-07 10:49:24 ERROR o.s.boot.SpringApplication - Application run failed
org.springframework.beans.factory.BeanDefinitionStoreException: Failed to parse configuration class [com.exempal.shiftcounter.СontrollerApplication]
	at org.springframework.context.annotation.ConfigurationClassParser.parse(ConfigurationClassParser.java:178)
	at org.springframework.context.annotation.ConfigurationClassPostProcessor.processConfigBeanDefinitions(ConfigurationClassPostProcessor.java:415)
	at org.springframework.context.annotation.ConfigurationClassPostProcessor.postProcessBeanDefinitionRegistry(ConfigurationClassPostProcessor.java:287)
	at org.springframework.context.support.PostProcessorRegistrationDelegate.invokeBeanDefinitionRegistryPostProcessors(PostProcessorRegistrationDelegate.java:344)
	at org.springframework.context.support.PostProcessorRegistrationDelegate.invokeBeanFactoryPostProcessors(PostProcessorRegistrationDelegate.java:115)
	at org.springframework.context.support.AbstractApplicationContext.invokeBeanFactoryPostProcessors(AbstractApplicationContext.java:779)
	at org.springframework.context.support.AbstractApplicationContext.refresh(AbstractApplicationContext.java:597)
	at org.springframework.boot.web.servlet.context.ServletWebServerApplicationContext.refresh(ServletWebServerApplicationContext.java:146)
	at org.springframework.boot.SpringApplication.refresh(SpringApplication.java:738)
	at org.springframework.boot.SpringApplication.refreshContext(SpringApplication.java:440)
	at org.springframework.boot.SpringApplication.run(SpringApplication.java:316)
	at org.springframework.boot.SpringApplication.run(SpringApplication.java:1306)
	at org.springframework.boot.SpringApplication.run(SpringApplication.java:1295)
	at com.exempal.shiftcounter.СontrollerApplication.main(СontrollerApplication.java:10)
	at java.base/jdk.internal.reflect.DirectMethodHandleAccessor.invoke(DirectMethodHandleAccessor.java:103)
	at java.base/java.lang.reflect.Method.invoke(Method.java:580)
	at org.springframework.boot.devtools.restart.RestartLauncher.run(RestartLauncher.java:50)
Caused by: java.io.FileNotFoundException: class path resource [com/exempal/shiftcounter/core/PageModel.class] cannot be opened because it does not exist
	at org.springframework.core.io.ClassPathResource.getInputStream(ClassPathResource.java:211)
	at org.springframework.core.type.classreading.SimpleMetadataReader.getClassReader(SimpleMetadataReader.java:54)
	at org.springframework.core.type.classreading.SimpleMetadataReader.<init>(SimpleMetadataReader.java:48)
	at org.springframework.core.type.classreading.SimpleMetadataReaderFactory.getMetadataReader(SimpleMetadataReaderFactory.java:103)
	at org.springframework.boot.type.classreading.ConcurrentReferenceCachingMetadataReaderFactory.createMetadataReader(ConcurrentReferenceCachingMetadataReaderFactory.java:86)
	at org.springframework.boot.type.classreading.ConcurrentReferenceCachingMetadataReaderFactory.getMetadataReader(ConcurrentReferenceCachingMetadataReaderFactory.java:73)
	at org.springframework.core.type.classreading.SimpleMetadataReaderFactory.getMetadataReader(SimpleMetadataReaderFactory.java:81)
	at org.springframework.context.annotation.ConfigurationClassParser.asSourceClass(ConfigurationClassParser.java:613)
	at org.springframework.context.annotation.ConfigurationClassParser$SourceClass.getInterfaces(ConfigurationClassParser.java:939)
	at org.springframework.context.annotation.ConfigurationClassParser.processInterfaces(ConfigurationClassParser.java:379)
	at org.springframework.context.annotation.ConfigurationClassParser.doProcessConfigurationClass(ConfigurationClassParser.java:325)
	at org.springframework.context.annotation.ConfigurationClassParser.processConfigurationClass(ConfigurationClassParser.java:243)
	at org.springframework.context.annotation.ConfigurationClassParser.parse(ConfigurationClassParser.java:188)
	at org.springframework.context.annotation.ConfigurationClassParser.doProcessConfigurationClass(ConfigurationClassParser.java:297)
	at org.springframework.context.annotation.ConfigurationClassParser.processConfigurationClass(ConfigurationClassParser.java:243)
	at org.springframework.context.annotation.ConfigurationClassParser.parse(ConfigurationClassParser.java:196)
	at org.springframework.context.annotation.ConfigurationClassParser.parse(ConfigurationClassParser.java:164)
	... 16 common frames omitted
2025-06-07 10:49:56 INFO  c.e.s.СontrollerApplication - Starting СontrollerApplication using Java 21.0.4 with PID 22740 (C:\Users\79162\IdeaProjects\kontroller\target\classes started by 79162 in C:\Users\79162\IdeaProjects\kontroller)
2025-06-07 10:49:56 DEBUG c.e.s.СontrollerApplication - Running with Spring Boot v3.1.5, Spring v6.0.13
2025-06-07 10:49:56 INFO  c.e.s.СontrollerApplication - No active profile set, falling back to 1 default profile: "default"
2025-06-07 10:49:58 INFO  o.s.d.r.c.RepositoryConfigurationDelegate - Bootstrapping Spring Data JPA repositories in DEFAULT mode.
2025-06-07 10:49:58 INFO  o.s.d.r.c.RepositoryConfigurationDelegate - Finished Spring Data repository scanning in 99 ms. Found 2 JPA repository interfaces.
2025-06-07 10:49:59 INFO  o.s.b.w.e.tomcat.TomcatWebServer - Tomcat initialized with port(s): 8080 (http)
2025-06-07 10:49:59 INFO  o.a.coyote.http11.Http11NioProtocol - Initializing ProtocolHandler ["http-nio-8080"]
2025-06-07 10:49:59 INFO  o.a.catalina.core.StandardService - Starting service [Tomcat]
2025-06-07 10:49:59 INFO  o.a.catalina.core.StandardEngine - Starting Servlet engine: [Apache Tomcat/10.1.15]
2025-06-07 10:49:59 INFO  o.a.c.c.C.[Tomcat].[localhost].[/] - Initializing Spring embedded WebApplicationContext
2025-06-07 10:49:59 INFO  o.s.b.w.s.c.ServletWebServerApplicationContext - Root WebApplicationContext: initialization completed in 2687 ms
2025-06-07 10:49:59 INFO  com.zaxxer.hikari.HikariDataSource - HikariPool-3 - Starting...
2025-06-07 10:49:59 INFO  com.zaxxer.hikari.pool.HikariPool - HikariPool-3 - Added connection conn20: url=jdbc:h2:mem:testdb user=SA
2025-06-07 10:49:59 INFO  com.zaxxer.hikari.HikariDataSource - HikariPool-3 - Start completed.
2025-06-07 10:49:59 INFO  o.s.b.a.h.H2ConsoleAutoConfiguration - H2 console available at '/h2-console'. Database available at 'jdbc:h2:mem:testdb'
2025-06-07 10:49:59 INFO  o.h.jpa.internal.util.LogHelper - HHH000204: Processing PersistenceUnitInfo [name: default]
2025-06-07 10:49:59 INFO  o.s.o.j.p.SpringPersistenceUnitInfo - No LoadTimeWeaver setup: ignoring JPA class transformer
2025-06-07 10:50:00 INFO  o.h.e.t.j.p.i.JtaPlatformInitiator - HHH000489: No JTA platform available (set 'hibernate.transaction.jta.platform' to enable JTA platform integration)
2025-06-07 10:50:00 INFO  o.s.o.j.LocalContainerEntityManagerFactoryBean - Initialized JPA EntityManagerFactory for persistence unit 'default'
2025-06-07 10:50:00 WARN  o.s.b.w.s.c.AnnotationConfigServletWebServerApplicationContext - Exception encountered during context initialization - cancelling refresh attempt: org.springframework.beans.factory.BeanCreationException: Error creating bean with name 'pageController': Resolution of declared constructors on bean Class [com.exempal.shiftcounter.core.PageController] from ClassLoader [org.springframework.boot.devtools.restart.classloader.RestartClassLoader@5398878e] failed
2025-06-07 10:50:00 INFO  o.s.o.j.LocalContainerEntityManagerFactoryBean - Closing JPA EntityManagerFactory for persistence unit 'default'
2025-06-07 10:50:00 WARN  o.s.b.f.s.DisposableBeanAdapter - Invocation of destroy method failed on bean with name 'inMemoryDatabaseShutdownExecutor': org.h2.jdbc.JdbcSQLNonTransientConnectionException: База данных уже закрыта (чтобы отключить автоматическое закрытие базы данных при останове JVM, добавьте ";DB_CLOSE_ON_EXIT=FALSE" в URL)
Database is already closed (to disable automatic closing at VM shutdown, add ";DB_CLOSE_ON_EXIT=FALSE" to the db URL) [90121-214]
2025-06-07 10:50:00 INFO  com.zaxxer.hikari.HikariDataSource - HikariPool-3 - Shutdown initiated...
2025-06-07 10:50:00 INFO  com.zaxxer.hikari.HikariDataSource - HikariPool-3 - Shutdown completed.
2025-06-07 10:50:00 INFO  o.a.catalina.core.StandardService - Stopping service [Tomcat]
2025-06-07 10:50:00 INFO  o.s.b.a.l.ConditionEvaluationReportLogger - 

Error starting ApplicationContext. To display the condition evaluation report re-run your application with 'debug' enabled.
2025-06-07 10:50:00 ERROR o.s.boot.SpringApplication - Application run failed
org.springframework.beans.factory.BeanCreationException: Error creating bean with name 'pageController': Resolution of declared constructors on bean Class [com.exempal.shiftcounter.core.PageController] from ClassLoader [org.springframework.boot.devtools.restart.classloader.RestartClassLoader@5398878e] failed
	at org.springframework.beans.factory.annotation.AutowiredAnnotationBeanPostProcessor.determineCandidateConstructors(AutowiredAnnotationBeanPostProcessor.java:367)
	at org.springframework.beans.factory.support.AbstractAutowireCapableBeanFactory.determineConstructorsFromBeanPostProcessors(AbstractAutowireCapableBeanFactory.java:1291)
	at org.springframework.beans.factory.support.AbstractAutowireCapableBeanFactory.createBeanInstance(AbstractAutowireCapableBeanFactory.java:1186)
	at org.springframework.beans.factory.support.AbstractAutowireCapableBeanFactory.doCreateBean(AbstractAutowireCapableBeanFactory.java:560)
	at org.springframework.beans.factory.support.AbstractAutowireCapableBeanFactory.createBean(AbstractAutowireCapableBeanFactory.java:520)
	at org.springframework.beans.factory.support.AbstractBeanFactory.lambda$doGetBean$0(AbstractBeanFactory.java:325)
	at org.springframework.beans.factory.support.DefaultSingletonBeanRegistry.getSingleton(DefaultSingletonBeanRegistry.java:234)
	at org.springframework.beans.factory.support.AbstractBeanFactory.doGetBean(AbstractBeanFactory.java:323)
	at org.springframework.beans.factory.support.AbstractBeanFactory.getBean(AbstractBeanFactory.java:199)
	at org.springframework.beans.factory.support.DefaultListableBeanFactory.preInstantiateSingletons(DefaultListableBeanFactory.java:973)
	at org.springframework.context.support.AbstractApplicationContext.finishBeanFactoryInitialization(AbstractApplicationContext.java:950)
	at org.springframework.context.support.AbstractApplicationContext.refresh(AbstractApplicationContext.java:616)
	at org.springframework.boot.web.servlet.context.ServletWebServerApplicationContext.refresh(ServletWebServerApplicationContext.java:146)
	at org.springframework.boot.SpringApplication.refresh(SpringApplication.java:738)
	at org.springframework.boot.SpringApplication.refreshContext(SpringApplication.java:440)
	at org.springframework.boot.SpringApplication.run(SpringApplication.java:316)
	at org.springframework.boot.SpringApplication.run(SpringApplication.java:1306)
	at org.springframework.boot.SpringApplication.run(SpringApplication.java:1295)
	at com.exempal.shiftcounter.СontrollerApplication.main(СontrollerApplication.java:10)
	at java.base/jdk.internal.reflect.DirectMethodHandleAccessor.invoke(DirectMethodHandleAccessor.java:103)
	at java.base/java.lang.reflect.Method.invoke(Method.java:580)
	at org.springframework.boot.devtools.restart.RestartLauncher.run(RestartLauncher.java:50)
Caused by: java.lang.NoClassDefFoundError: com/exempal/shiftcounter/core/PageModelResolver
	at java.base/java.lang.Class.getDeclaredConstructors0(Native Method)
	at java.base/java.lang.Class.privateGetDeclaredConstructors(Class.java:3549)
	at java.base/java.lang.Class.getDeclaredConstructors(Class.java:2727)
	at org.springframework.beans.factory.annotation.AutowiredAnnotationBeanPostProcessor.determineCandidateConstructors(AutowiredAnnotationBeanPostProcessor.java:362)
	... 21 common frames omitted
Caused by: java.lang.ClassNotFoundException: com.exempal.shiftcounter.core.PageModelResolver
	at java.base/jdk.internal.loader.BuiltinClassLoader.loadClass(BuiltinClassLoader.java:641)
	at java.base/jdk.internal.loader.ClassLoaders$AppClassLoader.loadClass(ClassLoaders.java:188)
	at java.base/java.lang.ClassLoader.loadClass(ClassLoader.java:526)
	at java.base/java.lang.Class.forName0(Native Method)
	at java.base/java.lang.Class.forName(Class.java:534)
	at java.base/java.lang.Class.forName(Class.java:513)
	at org.springframework.boot.devtools.restart.classloader.RestartClassLoader.loadClass(RestartClassLoader.java:121)
	at java.base/java.lang.ClassLoader.loadClass(ClassLoader.java:526)
	... 25 common frames omitted
2025-06-07 10:50:02 INFO  c.e.s.СontrollerApplication - Starting СontrollerApplication using Java 21.0.4 with PID 22740 (C:\Users\79162\IdeaProjects\kontroller\target\classes started by 79162 in C:\Users\79162\IdeaProjects\kontroller)
2025-06-07 10:50:02 DEBUG c.e.s.СontrollerApplication - Running with Spring Boot v3.1.5, Spring v6.0.13
2025-06-07 10:50:02 INFO  c.e.s.СontrollerApplication - No active profile set, falling back to 1 default profile: "default"
2025-06-07 10:50:03 INFO  o.s.d.r.c.RepositoryConfigurationDelegate - Bootstrapping Spring Data JPA repositories in DEFAULT mode.
2025-06-07 10:50:03 INFO  o.s.d.r.c.RepositoryConfigurationDelegate - Finished Spring Data repository scanning in 84 ms. Found 2 JPA repository interfaces.
2025-06-07 10:50:03 INFO  o.s.b.w.e.tomcat.TomcatWebServer - Tomcat initialized with port(s): 8080 (http)
2025-06-07 10:50:03 INFO  o.a.coyote.http11.Http11NioProtocol - Initializing ProtocolHandler ["http-nio-8080"]
2025-06-07 10:50:03 INFO  o.a.catalina.core.StandardService - Starting service [Tomcat]
2025-06-07 10:50:03 INFO  o.a.catalina.core.StandardEngine - Starting Servlet engine: [Apache Tomcat/10.1.15]
2025-06-07 10:50:03 INFO  o.a.c.c.C.[Tomcat-1].[localhost].[/] - Initializing Spring embedded WebApplicationContext
2025-06-07 10:50:03 INFO  o.s.b.w.s.c.ServletWebServerApplicationContext - Root WebApplicationContext: initialization completed in 1390 ms
2025-06-07 10:50:03 INFO  com.zaxxer.hikari.HikariDataSource - HikariPool-4 - Starting...
2025-06-07 10:50:03 INFO  com.zaxxer.hikari.pool.HikariPool - HikariPool-4 - Added connection conn30: url=jdbc:h2:mem:testdb user=SA
2025-06-07 10:50:03 INFO  com.zaxxer.hikari.HikariDataSource - HikariPool-4 - Start completed.
2025-06-07 10:50:03 INFO  o.s.b.a.h.H2ConsoleAutoConfiguration - H2 console available at '/h2-console'. Database available at 'jdbc:h2:mem:testdb'
2025-06-07 10:50:03 INFO  o.h.jpa.internal.util.LogHelper - HHH000204: Processing PersistenceUnitInfo [name: default]
2025-06-07 10:50:03 INFO  o.s.o.j.p.SpringPersistenceUnitInfo - No LoadTimeWeaver setup: ignoring JPA class transformer
2025-06-07 10:50:04 INFO  o.h.e.t.j.p.i.JtaPlatformInitiator - HHH000489: No JTA platform available (set 'hibernate.transaction.jta.platform' to enable JTA platform integration)
2025-06-07 10:50:04 INFO  o.s.o.j.LocalContainerEntityManagerFactoryBean - Initialized JPA EntityManagerFactory for persistence unit 'default'
2025-06-07 10:50:05 ERROR c.e.s.f.s.a.adam.AdamModbusAdapter - [MODBUS] Initialization failed
com.serotonin.modbus4j.exception.ModbusInitException: java.net.SocketTimeoutException: Connect timed out
	at com.serotonin.modbus4j.ip.tcp.TcpMaster.init(TcpMaster.java:175)
	at com.exempal.shiftcounter.features.signal.adapter.adam.AdamModbusAdapter.init(AdamModbusAdapter.java:38)
	at java.base/jdk.internal.reflect.DirectMethodHandleAccessor.invoke(DirectMethodHandleAccessor.java:103)
	at java.base/java.lang.reflect.Method.invoke(Method.java:580)
	at org.springframework.beans.factory.annotation.InitDestroyAnnotationBeanPostProcessor$LifecycleMethod.invoke(InitDestroyAnnotationBeanPostProcessor.java:457)
	at org.springframework.beans.factory.annotation.InitDestroyAnnotationBeanPostProcessor$LifecycleMetadata.invokeInitMethods(InitDestroyAnnotationBeanPostProcessor.java:401)
	at org.springframework.beans.factory.annotation.InitDestroyAnnotationBeanPostProcessor.postProcessBeforeInitialization(InitDestroyAnnotationBeanPostProcessor.java:219)
	at org.springframework.beans.factory.support.AbstractAutowireCapableBeanFactory.applyBeanPostProcessorsBeforeInitialization(AbstractAutowireCapableBeanFactory.java:419)
	at org.springframework.beans.factory.support.AbstractAutowireCapableBeanFactory.initializeBean(AbstractAutowireCapableBeanFactory.java:1762)
	at org.springframework.beans.factory.support.AbstractAutowireCapableBeanFactory.doCreateBean(AbstractAutowireCapableBeanFactory.java:598)
	at org.springframework.beans.factory.support.AbstractAutowireCapableBeanFactory.createBean(AbstractAutowireCapableBeanFactory.java:520)
	at org.springframework.beans.factory.support.AbstractBeanFactory.lambda$doGetBean$0(AbstractBeanFactory.java:325)
	at org.springframework.beans.factory.support.DefaultSingletonBeanRegistry.getSingleton(DefaultSingletonBeanRegistry.java:234)
	at org.springframework.beans.factory.support.AbstractBeanFactory.doGetBean(AbstractBeanFactory.java:323)
	at org.springframework.beans.factory.support.AbstractBeanFactory.getBean(AbstractBeanFactory.java:199)
	at org.springframework.beans.factory.support.DefaultListableBeanFactory.preInstantiateSingletons(DefaultListableBeanFactory.java:973)
	at org.springframework.context.support.AbstractApplicationContext.finishBeanFactoryInitialization(AbstractApplicationContext.java:950)
	at org.springframework.context.support.AbstractApplicationContext.refresh(AbstractApplicationContext.java:616)
	at org.springframework.boot.web.servlet.context.ServletWebServerApplicationContext.refresh(ServletWebServerApplicationContext.java:146)
	at org.springframework.boot.SpringApplication.refresh(SpringApplication.java:738)
	at org.springframework.boot.SpringApplication.refreshContext(SpringApplication.java:440)
	at org.springframework.boot.SpringApplication.run(SpringApplication.java:316)
	at org.springframework.boot.SpringApplication.run(SpringApplication.java:1306)
	at org.springframework.boot.SpringApplication.run(SpringApplication.java:1295)
	at com.exempal.shiftcounter.СontrollerApplication.main(СontrollerApplication.java:10)
	at java.base/jdk.internal.reflect.DirectMethodHandleAccessor.invoke(DirectMethodHandleAccessor.java:103)
	at java.base/java.lang.reflect.Method.invoke(Method.java:580)
	at org.springframework.boot.devtools.restart.RestartLauncher.run(RestartLauncher.java:50)
Caused by: java.net.SocketTimeoutException: Connect timed out
	at java.base/sun.nio.ch.NioSocketImpl.timedFinishConnect(NioSocketImpl.java:546)
	at java.base/sun.nio.ch.NioSocketImpl.connect(NioSocketImpl.java:592)
	at java.base/java.net.SocksSocketImpl.connect(SocksSocketImpl.java:327)
	at java.base/java.net.Socket.connect(Socket.java:751)
	at com.serotonin.modbus4j.ip.tcp.TcpMaster.openConnection(TcpMaster.java:302)
	at com.serotonin.modbus4j.ip.tcp.TcpMaster.init(TcpMaster.java:172)
	... 27 common frames omitted
2025-06-07 10:50:05 WARN  o.s.b.a.o.j.JpaBaseConfiguration$JpaWebConfiguration - spring.jpa.open-in-view is enabled by default. Therefore, database queries may be performed during view rendering. Explicitly configure spring.jpa.open-in-view to disable this warning
2025-06-07 10:50:05 INFO  o.s.b.d.a.OptionalLiveReloadServer - LiveReload server is running on port 35729
2025-06-07 10:50:05 INFO  o.a.coyote.http11.Http11NioProtocol - Starting ProtocolHandler ["http-nio-8080"]
2025-06-07 10:50:05 INFO  o.s.b.w.e.tomcat.TomcatWebServer - Tomcat started on port(s): 8080 (http) with context path ''
2025-06-07 10:50:05 INFO  c.e.s.СontrollerApplication - Started СontrollerApplication in 3.584 seconds (process running for 1831.743)
2025-06-07 10:50:05 INFO  o.s.b.d.a.ConditionEvaluationDeltaLoggingListener - Condition evaluation unchanged
2025-06-07 10:51:12 INFO  o.s.b.d.a.LocalDevToolsAutoConfiguration$RestartingClassPathChangeChangedEventListener - Restarting due to 1 class path change (0 additions, 1 deletion, 0 modifications)
2025-06-07 10:51:12 INFO  o.a.coyote.http11.Http11NioProtocol - Pausing ProtocolHandler ["http-nio-8080"]
2025-06-07 10:51:12 INFO  o.a.catalina.core.StandardService - Stopping service [Tomcat]
2025-06-07 10:51:12 INFO  o.a.coyote.http11.Http11NioProtocol - Stopping ProtocolHandler ["http-nio-8080"]
2025-06-07 10:51:12 INFO  o.a.coyote.http11.Http11NioProtocol - Destroying ProtocolHandler ["http-nio-8080"]
2025-06-07 10:51:12 INFO  c.e.s.f.s.a.adam.AdamModbusAdapter - [MODBUS] Connection closed
2025-06-07 10:51:12 INFO  o.s.o.j.LocalContainerEntityManagerFactoryBean - Closing JPA EntityManagerFactory for persistence unit 'default'
2025-06-07 10:51:12 WARN  o.s.b.f.s.DisposableBeanAdapter - Invocation of destroy method failed on bean with name 'inMemoryDatabaseShutdownExecutor': org.h2.jdbc.JdbcSQLNonTransientConnectionException: База данных уже закрыта (чтобы отключить автоматическое закрытие базы данных при останове JVM, добавьте ";DB_CLOSE_ON_EXIT=FALSE" в URL)
Database is already closed (to disable automatic closing at VM shutdown, add ";DB_CLOSE_ON_EXIT=FALSE" to the db URL) [90121-214]
2025-06-07 10:51:12 INFO  com.zaxxer.hikari.HikariDataSource - HikariPool-4 - Shutdown initiated...
2025-06-07 10:51:12 INFO  com.zaxxer.hikari.HikariDataSource - HikariPool-4 - Shutdown completed.
2025-06-07 10:51:13 INFO  c.e.s.СontrollerApplication - Starting СontrollerApplication using Java 21.0.4 with PID 22740 (C:\Users\79162\IdeaProjects\kontroller\target\classes started by 79162 in C:\Users\79162\IdeaProjects\kontroller)
2025-06-07 10:51:13 DEBUG c.e.s.СontrollerApplication - Running with Spring Boot v3.1.5, Spring v6.0.13
2025-06-07 10:51:13 INFO  c.e.s.СontrollerApplication - No active profile set, falling back to 1 default profile: "default"
2025-06-07 10:51:13 INFO  o.s.d.r.c.RepositoryConfigurationDelegate - Bootstrapping Spring Data JPA repositories in DEFAULT mode.
2025-06-07 10:51:13 INFO  o.s.d.r.c.RepositoryConfigurationDelegate - Finished Spring Data repository scanning in 57 ms. Found 2 JPA repository interfaces.
2025-06-07 10:51:14 INFO  o.s.b.w.e.tomcat.TomcatWebServer - Tomcat initialized with port(s): 8080 (http)
2025-06-07 10:51:14 INFO  o.a.coyote.http11.Http11NioProtocol - Initializing ProtocolHandler ["http-nio-8080"]
2025-06-07 10:51:14 INFO  o.a.catalina.core.StandardService - Starting service [Tomcat]
2025-06-07 10:51:14 INFO  o.a.catalina.core.StandardEngine - Starting Servlet engine: [Apache Tomcat/10.1.15]
2025-06-07 10:51:14 INFO  o.a.c.c.C.[Tomcat-1].[localhost].[/] - Initializing Spring embedded WebApplicationContext
2025-06-07 10:51:14 INFO  o.s.b.w.s.c.ServletWebServerApplicationContext - Root WebApplicationContext: initialization completed in 1025 ms
2025-06-07 10:51:14 INFO  com.zaxxer.hikari.HikariDataSource - HikariPool-5 - Starting...
2025-06-07 10:51:14 INFO  com.zaxxer.hikari.pool.HikariPool - HikariPool-5 - Added connection conn40: url=jdbc:h2:mem:testdb user=SA
2025-06-07 10:51:14 INFO  com.zaxxer.hikari.HikariDataSource - HikariPool-5 - Start completed.
2025-06-07 10:51:14 INFO  o.s.b.a.h.H2ConsoleAutoConfiguration - H2 console available at '/h2-console'. Database available at 'jdbc:h2:mem:testdb'
2025-06-07 10:51:14 INFO  o.h.jpa.internal.util.LogHelper - HHH000204: Processing PersistenceUnitInfo [name: default]
2025-06-07 10:51:14 INFO  o.s.o.j.p.SpringPersistenceUnitInfo - No LoadTimeWeaver setup: ignoring JPA class transformer
2025-06-07 10:51:14 INFO  o.h.e.t.j.p.i.JtaPlatformInitiator - HHH000489: No JTA platform available (set 'hibernate.transaction.jta.platform' to enable JTA platform integration)
2025-06-07 10:51:14 INFO  o.s.o.j.LocalContainerEntityManagerFactoryBean - Initialized JPA EntityManagerFactory for persistence unit 'default'
2025-06-07 10:51:14 WARN  o.s.b.w.s.c.AnnotationConfigServletWebServerApplicationContext - Exception encountered during context initialization - cancelling refresh attempt: org.springframework.beans.factory.BeanCreationException: Error creating bean with name 'pageController': Resolution of declared constructors on bean Class [com.exempal.shiftcounter.core.PageController] from ClassLoader [org.springframework.boot.devtools.restart.classloader.RestartClassLoader@3e341df] failed
2025-06-07 10:51:14 INFO  o.s.o.j.LocalContainerEntityManagerFactoryBean - Closing JPA EntityManagerFactory for persistence unit 'default'
2025-06-07 10:51:14 WARN  o.s.b.f.s.DisposableBeanAdapter - Invocation of destroy method failed on bean with name 'inMemoryDatabaseShutdownExecutor': org.h2.jdbc.JdbcSQLNonTransientConnectionException: База данных уже закрыта (чтобы отключить автоматическое закрытие базы данных при останове JVM, добавьте ";DB_CLOSE_ON_EXIT=FALSE" в URL)
Database is already closed (to disable automatic closing at VM shutdown, add ";DB_CLOSE_ON_EXIT=FALSE" to the db URL) [90121-214]
2025-06-07 10:51:14 INFO  com.zaxxer.hikari.HikariDataSource - HikariPool-5 - Shutdown initiated...
2025-06-07 10:51:14 INFO  com.zaxxer.hikari.HikariDataSource - HikariPool-5 - Shutdown completed.
2025-06-07 10:51:14 INFO  o.a.catalina.core.StandardService - Stopping service [Tomcat]
2025-06-07 10:51:14 INFO  o.s.b.a.l.ConditionEvaluationReportLogger - 

Error starting ApplicationContext. To display the condition evaluation report re-run your application with 'debug' enabled.
2025-06-07 10:51:14 ERROR o.s.boot.SpringApplication - Application run failed
org.springframework.beans.factory.BeanCreationException: Error creating bean with name 'pageController': Resolution of declared constructors on bean Class [com.exempal.shiftcounter.core.PageController] from ClassLoader [org.springframework.boot.devtools.restart.classloader.RestartClassLoader@3e341df] failed
	at org.springframework.beans.factory.annotation.AutowiredAnnotationBeanPostProcessor.determineCandidateConstructors(AutowiredAnnotationBeanPostProcessor.java:367)
	at org.springframework.beans.factory.support.AbstractAutowireCapableBeanFactory.determineConstructorsFromBeanPostProcessors(AbstractAutowireCapableBeanFactory.java:1291)
	at org.springframework.beans.factory.support.AbstractAutowireCapableBeanFactory.createBeanInstance(AbstractAutowireCapableBeanFactory.java:1186)
	at org.springframework.beans.factory.support.AbstractAutowireCapableBeanFactory.doCreateBean(AbstractAutowireCapableBeanFactory.java:560)
	at org.springframework.beans.factory.support.AbstractAutowireCapableBeanFactory.createBean(AbstractAutowireCapableBeanFactory.java:520)
	at org.springframework.beans.factory.support.AbstractBeanFactory.lambda$doGetBean$0(AbstractBeanFactory.java:325)
	at org.springframework.beans.factory.support.DefaultSingletonBeanRegistry.getSingleton(DefaultSingletonBeanRegistry.java:234)
	at org.springframework.beans.factory.support.AbstractBeanFactory.doGetBean(AbstractBeanFactory.java:323)
	at org.springframework.beans.factory.support.AbstractBeanFactory.getBean(AbstractBeanFactory.java:199)
	at org.springframework.beans.factory.support.DefaultListableBeanFactory.preInstantiateSingletons(DefaultListableBeanFactory.java:973)
	at org.springframework.context.support.AbstractApplicationContext.finishBeanFactoryInitialization(AbstractApplicationContext.java:950)
	at org.springframework.context.support.AbstractApplicationContext.refresh(AbstractApplicationContext.java:616)
	at org.springframework.boot.web.servlet.context.ServletWebServerApplicationContext.refresh(ServletWebServerApplicationContext.java:146)
	at org.springframework.boot.SpringApplication.refresh(SpringApplication.java:738)
	at org.springframework.boot.SpringApplication.refreshContext(SpringApplication.java:440)
	at org.springframework.boot.SpringApplication.run(SpringApplication.java:316)
	at org.springframework.boot.SpringApplication.run(SpringApplication.java:1306)
	at org.springframework.boot.SpringApplication.run(SpringApplication.java:1295)
	at com.exempal.shiftcounter.СontrollerApplication.main(СontrollerApplication.java:10)
	at java.base/jdk.internal.reflect.DirectMethodHandleAccessor.invoke(DirectMethodHandleAccessor.java:103)
	at java.base/java.lang.reflect.Method.invoke(Method.java:580)
	at org.springframework.boot.devtools.restart.RestartLauncher.run(RestartLauncher.java:50)
Caused by: java.lang.NoClassDefFoundError: com/exempal/shiftcounter/core/PageModelResolver
	at java.base/java.lang.Class.getDeclaredConstructors0(Native Method)
	at java.base/java.lang.Class.privateGetDeclaredConstructors(Class.java:3549)
	at java.base/java.lang.Class.getDeclaredConstructors(Class.java:2727)
	at org.springframework.beans.factory.annotation.AutowiredAnnotationBeanPostProcessor.determineCandidateConstructors(AutowiredAnnotationBeanPostProcessor.java:362)
	... 21 common frames omitted
Caused by: java.lang.ClassNotFoundException: com.exempal.shiftcounter.core.PageModelResolver
	at java.base/jdk.internal.loader.BuiltinClassLoader.loadClass(BuiltinClassLoader.java:641)
	at java.base/jdk.internal.loader.ClassLoaders$AppClassLoader.loadClass(ClassLoaders.java:188)
	at java.base/java.lang.ClassLoader.loadClass(ClassLoader.java:526)
	at java.base/java.lang.Class.forName0(Native Method)
	at java.base/java.lang.Class.forName(Class.java:534)
	at java.base/java.lang.Class.forName(Class.java:513)
	at org.springframework.boot.devtools.restart.classloader.RestartClassLoader.loadClass(RestartClassLoader.java:121)
	at java.base/java.lang.ClassLoader.loadClass(ClassLoader.java:526)
	... 25 common frames omitted
2025-06-07 10:51:17 INFO  c.e.s.СontrollerApplication - Starting СontrollerApplication using Java 21.0.4 with PID 22740 (C:\Users\79162\IdeaProjects\kontroller\target\classes started by 79162 in C:\Users\79162\IdeaProjects\kontroller)
2025-06-07 10:51:17 DEBUG c.e.s.СontrollerApplication - Running with Spring Boot v3.1.5, Spring v6.0.13
2025-06-07 10:51:17 INFO  c.e.s.СontrollerApplication - No active profile set, falling back to 1 default profile: "default"
2025-06-07 10:51:18 INFO  o.s.d.r.c.RepositoryConfigurationDelegate - Bootstrapping Spring Data JPA repositories in DEFAULT mode.
2025-06-07 10:51:18 INFO  o.s.d.r.c.RepositoryConfigurationDelegate - Finished Spring Data repository scanning in 60 ms. Found 2 JPA repository interfaces.
2025-06-07 10:51:18 INFO  o.s.b.w.e.tomcat.TomcatWebServer - Tomcat initialized with port(s): 8080 (http)
2025-06-07 10:51:18 INFO  o.a.coyote.http11.Http11NioProtocol - Initializing ProtocolHandler ["http-nio-8080"]
2025-06-07 10:51:18 INFO  o.a.catalina.core.StandardService - Starting service [Tomcat]
2025-06-07 10:51:18 INFO  o.a.catalina.core.StandardEngine - Starting Servlet engine: [Apache Tomcat/10.1.15]
2025-06-07 10:51:18 INFO  o.a.c.c.C.[Tomcat-2].[localhost].[/] - Initializing Spring embedded WebApplicationContext
2025-06-07 10:51:18 INFO  o.s.b.w.s.c.ServletWebServerApplicationContext - Root WebApplicationContext: initialization completed in 1115 ms
2025-06-07 10:51:18 INFO  com.zaxxer.hikari.HikariDataSource - HikariPool-6 - Starting...
2025-06-07 10:51:18 INFO  com.zaxxer.hikari.pool.HikariPool - HikariPool-6 - Added connection conn50: url=jdbc:h2:mem:testdb user=SA
2025-06-07 10:51:18 INFO  com.zaxxer.hikari.HikariDataSource - HikariPool-6 - Start completed.
2025-06-07 10:51:18 INFO  o.s.b.a.h.H2ConsoleAutoConfiguration - H2 console available at '/h2-console'. Database available at 'jdbc:h2:mem:testdb'
2025-06-07 10:51:18 INFO  o.h.jpa.internal.util.LogHelper - HHH000204: Processing PersistenceUnitInfo [name: default]
2025-06-07 10:51:18 INFO  o.s.o.j.p.SpringPersistenceUnitInfo - No LoadTimeWeaver setup: ignoring JPA class transformer
2025-06-07 10:51:19 INFO  o.h.e.t.j.p.i.JtaPlatformInitiator - HHH000489: No JTA platform available (set 'hibernate.transaction.jta.platform' to enable JTA platform integration)
2025-06-07 10:51:19 INFO  o.s.o.j.LocalContainerEntityManagerFactoryBean - Initialized JPA EntityManagerFactory for persistence unit 'default'
2025-06-07 10:51:19 ERROR c.e.s.f.s.a.adam.AdamModbusAdapter - [MODBUS] Initialization failed
com.serotonin.modbus4j.exception.ModbusInitException: java.net.SocketTimeoutException: Connect timed out
	at com.serotonin.modbus4j.ip.tcp.TcpMaster.init(TcpMaster.java:175)
	at com.exempal.shiftcounter.features.signal.adapter.adam.AdamModbusAdapter.init(AdamModbusAdapter.java:38)
	at java.base/jdk.internal.reflect.DirectMethodHandleAccessor.invoke(DirectMethodHandleAccessor.java:103)
	at java.base/java.lang.reflect.Method.invoke(Method.java:580)
	at org.springframework.beans.factory.annotation.InitDestroyAnnotationBeanPostProcessor$LifecycleMethod.invoke(InitDestroyAnnotationBeanPostProcessor.java:457)
	at org.springframework.beans.factory.annotation.InitDestroyAnnotationBeanPostProcessor$LifecycleMetadata.invokeInitMethods(InitDestroyAnnotationBeanPostProcessor.java:401)
	at org.springframework.beans.factory.annotation.InitDestroyAnnotationBeanPostProcessor.postProcessBeforeInitialization(InitDestroyAnnotationBeanPostProcessor.java:219)
	at org.springframework.beans.factory.support.AbstractAutowireCapableBeanFactory.applyBeanPostProcessorsBeforeInitialization(AbstractAutowireCapableBeanFactory.java:419)
	at org.springframework.beans.factory.support.AbstractAutowireCapableBeanFactory.initializeBean(AbstractAutowireCapableBeanFactory.java:1762)
	at org.springframework.beans.factory.support.AbstractAutowireCapableBeanFactory.doCreateBean(AbstractAutowireCapableBeanFactory.java:598)
	at org.springframework.beans.factory.support.AbstractAutowireCapableBeanFactory.createBean(AbstractAutowireCapableBeanFactory.java:520)
	at org.springframework.beans.factory.support.AbstractBeanFactory.lambda$doGetBean$0(AbstractBeanFactory.java:325)
	at org.springframework.beans.factory.support.DefaultSingletonBeanRegistry.getSingleton(DefaultSingletonBeanRegistry.java:234)
	at org.springframework.beans.factory.support.AbstractBeanFactory.doGetBean(AbstractBeanFactory.java:323)
	at org.springframework.beans.factory.support.AbstractBeanFactory.getBean(AbstractBeanFactory.java:199)
	at org.springframework.beans.factory.support.DefaultListableBeanFactory.preInstantiateSingletons(DefaultListableBeanFactory.java:973)
	at org.springframework.context.support.AbstractApplicationContext.finishBeanFactoryInitialization(AbstractApplicationContext.java:950)
	at org.springframework.context.support.AbstractApplicationContext.refresh(AbstractApplicationContext.java:616)
	at org.springframework.boot.web.servlet.context.ServletWebServerApplicationContext.refresh(ServletWebServerApplicationContext.java:146)
	at org.springframework.boot.SpringApplication.refresh(SpringApplication.java:738)
	at org.springframework.boot.SpringApplication.refreshContext(SpringApplication.java:440)
	at org.springframework.boot.SpringApplication.run(SpringApplication.java:316)
	at org.springframework.boot.SpringApplication.run(SpringApplication.java:1306)
	at org.springframework.boot.SpringApplication.run(SpringApplication.java:1295)
	at com.exempal.shiftcounter.СontrollerApplication.main(СontrollerApplication.java:10)
	at java.base/jdk.internal.reflect.DirectMethodHandleAccessor.invoke(DirectMethodHandleAccessor.java:103)
	at java.base/java.lang.reflect.Method.invoke(Method.java:580)
	at org.springframework.boot.devtools.restart.RestartLauncher.run(RestartLauncher.java:50)
Caused by: java.net.SocketTimeoutException: Connect timed out
	at java.base/sun.nio.ch.NioSocketImpl.timedFinishConnect(NioSocketImpl.java:546)
	at java.base/sun.nio.ch.NioSocketImpl.connect(NioSocketImpl.java:592)
	at java.base/java.net.SocksSocketImpl.connect(SocksSocketImpl.java:327)
	at java.base/java.net.Socket.connect(Socket.java:751)
	at com.serotonin.modbus4j.ip.tcp.TcpMaster.openConnection(TcpMaster.java:302)
	at com.serotonin.modbus4j.ip.tcp.TcpMaster.init(TcpMaster.java:172)
	... 27 common frames omitted
2025-06-07 10:51:19 WARN  o.s.b.a.o.j.JpaBaseConfiguration$JpaWebConfiguration - spring.jpa.open-in-view is enabled by default. Therefore, database queries may be performed during view rendering. Explicitly configure spring.jpa.open-in-view to disable this warning
2025-06-07 10:51:20 INFO  o.s.b.d.a.OptionalLiveReloadServer - LiveReload server is running on port 35729
2025-06-07 10:51:20 INFO  o.a.coyote.http11.Http11NioProtocol - Starting ProtocolHandler ["http-nio-8080"]
2025-06-07 10:51:20 INFO  o.s.b.w.e.tomcat.TomcatWebServer - Tomcat started on port(s): 8080 (http) with context path ''
2025-06-07 10:51:20 INFO  c.e.s.СontrollerApplication - Started СontrollerApplication in 2.649 seconds (process running for 1906.087)
2025-06-07 10:51:20 INFO  o.s.b.d.a.ConditionEvaluationDeltaLoggingListener - Condition evaluation unchanged
2025-06-07 10:51:41 INFO  c.e.s.f.s.a.adam.AdamModbusAdapter - [MODBUS] Connection closed
2025-06-07 10:51:41 INFO  o.s.o.j.LocalContainerEntityManagerFactoryBean - Closing JPA EntityManagerFactory for persistence unit 'default'
2025-06-07 10:51:41 WARN  o.s.b.f.s.DisposableBeanAdapter - Invocation of destroy method failed on bean with name 'inMemoryDatabaseShutdownExecutor': org.h2.jdbc.JdbcSQLNonTransientConnectionException: База данных уже закрыта (чтобы отключить автоматическое закрытие базы данных при останове JVM, добавьте ";DB_CLOSE_ON_EXIT=FALSE" в URL)
Database is already closed (to disable automatic closing at VM shutdown, add ";DB_CLOSE_ON_EXIT=FALSE" to the db URL) [90121-214]
2025-06-07 10:51:41 INFO  com.zaxxer.hikari.HikariDataSource - HikariPool-6 - Shutdown initiated...
2025-06-07 10:51:42 INFO  com.zaxxer.hikari.HikariDataSource - HikariPool-6 - Shutdown completed.
2025-06-07 10:51:49 INFO  c.e.s.СontrollerApplication - Starting СontrollerApplication using Java 21.0.4 with PID 13356 (C:\Users\79162\IdeaProjects\kontroller\target\classes started by 79162 in C:\Users\79162\IdeaProjects\kontroller)
2025-06-07 10:51:49 DEBUG c.e.s.СontrollerApplication - Running with Spring Boot v3.1.5, Spring v6.0.13
2025-06-07 10:51:49 INFO  c.e.s.СontrollerApplication - No active profile set, falling back to 1 default profile: "default"
2025-06-07 10:51:49 INFO  o.s.b.d.e.DevToolsPropertyDefaultsPostProcessor - Devtools property defaults active! Set 'spring.devtools.add-properties' to 'false' to disable
2025-06-07 10:51:49 INFO  o.s.b.d.e.DevToolsPropertyDefaultsPostProcessor - For additional web related logging consider setting the 'logging.level.web' property to 'DEBUG'
2025-06-07 10:51:53 INFO  o.s.d.r.c.RepositoryConfigurationDelegate - Bootstrapping Spring Data JPA repositories in DEFAULT mode.
2025-06-07 10:51:53 INFO  o.s.d.r.c.RepositoryConfigurationDelegate - Finished Spring Data repository scanning in 180 ms. Found 2 JPA repository interfaces.
2025-06-07 10:51:55 INFO  o.s.b.w.e.tomcat.TomcatWebServer - Tomcat initialized with port(s): 8080 (http)
2025-06-07 10:51:55 INFO  o.a.coyote.http11.Http11NioProtocol - Initializing ProtocolHandler ["http-nio-8080"]
2025-06-07 10:51:55 INFO  o.a.catalina.core.StandardService - Starting service [Tomcat]
2025-06-07 10:51:55 INFO  o.a.catalina.core.StandardEngine - Starting Servlet engine: [Apache Tomcat/10.1.15]
2025-06-07 10:51:55 INFO  o.a.c.c.C.[Tomcat].[localhost].[/] - Initializing Spring embedded WebApplicationContext
2025-06-07 10:51:55 INFO  o.s.b.w.s.c.ServletWebServerApplicationContext - Root WebApplicationContext: initialization completed in 6584 ms
2025-06-07 10:51:56 INFO  com.zaxxer.hikari.HikariDataSource - HikariPool-1 - Starting...
2025-06-07 10:51:56 INFO  com.zaxxer.hikari.pool.HikariPool - HikariPool-1 - Added connection conn0: url=jdbc:h2:mem:testdb user=SA
2025-06-07 10:51:56 INFO  com.zaxxer.hikari.HikariDataSource - HikariPool-1 - Start completed.
2025-06-07 10:51:56 INFO  o.s.b.a.h.H2ConsoleAutoConfiguration - H2 console available at '/h2-console'. Database available at 'jdbc:h2:mem:testdb'
2025-06-07 10:51:56 INFO  o.h.jpa.internal.util.LogHelper - HHH000204: Processing PersistenceUnitInfo [name: default]
2025-06-07 10:51:57 INFO  org.hibernate.Version - HHH000412: Hibernate ORM core version 6.2.13.Final
2025-06-07 10:51:57 INFO  org.hibernate.cfg.Environment - HHH000406: Using bytecode reflection optimizer
2025-06-07 10:51:58 INFO  o.s.o.j.p.SpringPersistenceUnitInfo - No LoadTimeWeaver setup: ignoring JPA class transformer
2025-06-07 10:52:00 INFO  o.h.e.t.j.p.i.JtaPlatformInitiator - HHH000489: No JTA platform available (set 'hibernate.transaction.jta.platform' to enable JTA platform integration)
2025-06-07 10:52:01 INFO  o.s.o.j.LocalContainerEntityManagerFactoryBean - Initialized JPA EntityManagerFactory for persistence unit 'default'
2025-06-07 10:52:02 ERROR c.e.s.f.s.a.adam.AdamModbusAdapter - [MODBUS] Initialization failed
com.serotonin.modbus4j.exception.ModbusInitException: java.net.SocketTimeoutException: Connect timed out
	at com.serotonin.modbus4j.ip.tcp.TcpMaster.init(TcpMaster.java:175)
	at com.exempal.shiftcounter.features.signal.adapter.adam.AdamModbusAdapter.init(AdamModbusAdapter.java:38)
	at java.base/jdk.internal.reflect.DirectMethodHandleAccessor.invoke(DirectMethodHandleAccessor.java:103)
	at java.base/java.lang.reflect.Method.invoke(Method.java:580)
	at org.springframework.beans.factory.annotation.InitDestroyAnnotationBeanPostProcessor$LifecycleMethod.invoke(InitDestroyAnnotationBeanPostProcessor.java:457)
	at org.springframework.beans.factory.annotation.InitDestroyAnnotationBeanPostProcessor$LifecycleMetadata.invokeInitMethods(InitDestroyAnnotationBeanPostProcessor.java:401)
	at org.springframework.beans.factory.annotation.InitDestroyAnnotationBeanPostProcessor.postProcessBeforeInitialization(InitDestroyAnnotationBeanPostProcessor.java:219)
	at org.springframework.beans.factory.support.AbstractAutowireCapableBeanFactory.applyBeanPostProcessorsBeforeInitialization(AbstractAutowireCapableBeanFactory.java:419)
	at org.springframework.beans.factory.support.AbstractAutowireCapableBeanFactory.initializeBean(AbstractAutowireCapableBeanFactory.java:1762)
	at org.springframework.beans.factory.support.AbstractAutowireCapableBeanFactory.doCreateBean(AbstractAutowireCapableBeanFactory.java:598)
	at org.springframework.beans.factory.support.AbstractAutowireCapableBeanFactory.createBean(AbstractAutowireCapableBeanFactory.java:520)
	at org.springframework.beans.factory.support.AbstractBeanFactory.lambda$doGetBean$0(AbstractBeanFactory.java:325)
	at org.springframework.beans.factory.support.DefaultSingletonBeanRegistry.getSingleton(DefaultSingletonBeanRegistry.java:234)
	at org.springframework.beans.factory.support.AbstractBeanFactory.doGetBean(AbstractBeanFactory.java:323)
	at org.springframework.beans.factory.support.AbstractBeanFactory.getBean(AbstractBeanFactory.java:199)
	at org.springframework.beans.factory.support.DefaultListableBeanFactory.preInstantiateSingletons(DefaultListableBeanFactory.java:973)
	at org.springframework.context.support.AbstractApplicationContext.finishBeanFactoryInitialization(AbstractApplicationContext.java:950)
	at org.springframework.context.support.AbstractApplicationContext.refresh(AbstractApplicationContext.java:616)
	at org.springframework.boot.web.servlet.context.ServletWebServerApplicationContext.refresh(ServletWebServerApplicationContext.java:146)
	at org.springframework.boot.SpringApplication.refresh(SpringApplication.java:738)
	at org.springframework.boot.SpringApplication.refreshContext(SpringApplication.java:440)
	at org.springframework.boot.SpringApplication.run(SpringApplication.java:316)
	at org.springframework.boot.SpringApplication.run(SpringApplication.java:1306)
	at org.springframework.boot.SpringApplication.run(SpringApplication.java:1295)
	at com.exempal.shiftcounter.СontrollerApplication.main(СontrollerApplication.java:10)
	at java.base/jdk.internal.reflect.DirectMethodHandleAccessor.invoke(DirectMethodHandleAccessor.java:103)
	at java.base/java.lang.reflect.Method.invoke(Method.java:580)
	at org.springframework.boot.devtools.restart.RestartLauncher.run(RestartLauncher.java:50)
Caused by: java.net.SocketTimeoutException: Connect timed out
	at java.base/sun.nio.ch.NioSocketImpl.timedFinishConnect(NioSocketImpl.java:546)
	at java.base/sun.nio.ch.NioSocketImpl.connect(NioSocketImpl.java:592)
	at java.base/java.net.SocksSocketImpl.connect(SocksSocketImpl.java:327)
	at java.base/java.net.Socket.connect(Socket.java:751)
	at com.serotonin.modbus4j.ip.tcp.TcpMaster.openConnection(TcpMaster.java:302)
	at com.serotonin.modbus4j.ip.tcp.TcpMaster.init(TcpMaster.java:172)
	... 27 common frames omitted
2025-06-07 10:52:02 WARN  o.s.b.a.o.j.JpaBaseConfiguration$JpaWebConfiguration - spring.jpa.open-in-view is enabled by default. Therefore, database queries may be performed during view rendering. Explicitly configure spring.jpa.open-in-view to disable this warning
2025-06-07 10:52:03 INFO  o.s.b.d.a.OptionalLiveReloadServer - LiveReload server is running on port 35729
2025-06-07 10:52:03 INFO  o.a.coyote.http11.Http11NioProtocol - Starting ProtocolHandler ["http-nio-8080"]
2025-06-07 10:52:03 INFO  o.s.b.w.e.tomcat.TomcatWebServer - Tomcat started on port(s): 8080 (http) with context path ''
2025-06-07 10:52:03 INFO  c.e.s.СontrollerApplication - Started СontrollerApplication in 16.238 seconds (process running for 18.293)
2025-06-07 10:52:15 INFO  o.a.c.c.C.[Tomcat].[localhost].[/] - Initializing Spring DispatcherServlet 'dispatcherServlet'
2025-06-07 10:52:15 INFO  o.s.web.servlet.DispatcherServlet - Initializing Servlet 'dispatcherServlet'
2025-06-07 10:52:15 INFO  o.s.web.servlet.DispatcherServlet - Completed initialization in 5 ms
2025-06-07 10:52:18 WARN  o.t.s.p.AbstractStandardFragmentInsertionTagProcessor - [THYMELEAF][http-nio-8080-exec-3][layout] Deprecated unwrapped fragment expression "${contentTemplate} :: content" found in template layout, line 21, col 10. Please use the complete syntax of fragment expressions instead ("~{${contentTemplate} :: content}"). The old, unwrapped syntax for fragment expressions will be removed in future versions of Thymeleaf.
2025-06-07 10:52:24 WARN  o.t.s.p.AbstractStandardFragmentInsertionTagProcessor - [THYMELEAF][http-nio-8080-exec-7][layout] Deprecated unwrapped fragment expression "${contentTemplate} :: content" found in template layout, line 21, col 10. Please use the complete syntax of fragment expressions instead ("~{${contentTemplate} :: content}"). The old, unwrapped syntax for fragment expressions will be removed in future versions of Thymeleaf.
2025-06-07 11:00:57 WARN  o.t.s.p.AbstractStandardFragmentInsertionTagProcessor - [THYMELEAF][http-nio-8080-exec-2][layout] Deprecated unwrapped fragment expression "${contentTemplate} :: content" found in template layout, line 21, col 10. Please use the complete syntax of fragment expressions instead ("~{${contentTemplate} :: content}"). The old, unwrapped syntax for fragment expressions will be removed in future versions of Thymeleaf.
2025-06-07 11:00:58 WARN  o.t.s.p.AbstractStandardFragmentInsertionTagProcessor - [THYMELEAF][http-nio-8080-exec-5][layout] Deprecated unwrapped fragment expression "${contentTemplate} :: content" found in template layout, line 21, col 10. Please use the complete syntax of fragment expressions instead ("~{${contentTemplate} :: content}"). The old, unwrapped syntax for fragment expressions will be removed in future versions of Thymeleaf.
2025-06-07 11:00:58 WARN  o.t.s.p.AbstractStandardFragmentInsertionTagProcessor - [THYMELEAF][http-nio-8080-exec-4][layout] Deprecated unwrapped fragment expression "${contentTemplate} :: content" found in template layout, line 21, col 10. Please use the complete syntax of fragment expressions instead ("~{${contentTemplate} :: content}"). The old, unwrapped syntax for fragment expressions will be removed in future versions of Thymeleaf.
2025-06-07 11:01:04 INFO  c.e.s.f.s.a.adam.AdamModbusAdapter - [MODBUS] Connection closed
2025-06-07 11:01:04 INFO  o.s.o.j.LocalContainerEntityManagerFactoryBean - Closing JPA EntityManagerFactory for persistence unit 'default'
2025-06-07 11:01:04 WARN  o.s.b.f.s.DisposableBeanAdapter - Invocation of destroy method failed on bean with name 'inMemoryDatabaseShutdownExecutor': org.h2.jdbc.JdbcSQLNonTransientConnectionException: База данных уже закрыта (чтобы отключить автоматическое закрытие базы данных при останове JVM, добавьте ";DB_CLOSE_ON_EXIT=FALSE" в URL)
Database is already closed (to disable automatic closing at VM shutdown, add ";DB_CLOSE_ON_EXIT=FALSE" to the db URL) [90121-214]
2025-06-07 11:01:04 INFO  com.zaxxer.hikari.HikariDataSource - HikariPool-1 - Shutdown initiated...
2025-06-07 11:01:04 INFO  com.zaxxer.hikari.HikariDataSource - HikariPool-1 - Shutdown completed.
2025-06-07 11:01:16 INFO  c.e.s.СontrollerApplication - Starting СontrollerApplication using Java 21.0.4 with PID 25332 (C:\Users\79162\IdeaProjects\kontroller\target\classes started by 79162 in C:\Users\79162\IdeaProjects\kontroller)
2025-06-07 11:01:16 DEBUG c.e.s.СontrollerApplication - Running with Spring Boot v3.1.5, Spring v6.0.13
2025-06-07 11:01:16 INFO  c.e.s.СontrollerApplication - No active profile set, falling back to 1 default profile: "default"
2025-06-07 11:01:16 INFO  o.s.b.d.e.DevToolsPropertyDefaultsPostProcessor - Devtools property defaults active! Set 'spring.devtools.add-properties' to 'false' to disable
2025-06-07 11:01:16 INFO  o.s.b.d.e.DevToolsPropertyDefaultsPostProcessor - For additional web related logging consider setting the 'logging.level.web' property to 'DEBUG'
2025-06-07 11:01:18 INFO  o.s.d.r.c.RepositoryConfigurationDelegate - Bootstrapping Spring Data JPA repositories in DEFAULT mode.
2025-06-07 11:01:18 INFO  o.s.d.r.c.RepositoryConfigurationDelegate - Finished Spring Data repository scanning in 131 ms. Found 2 JPA repository interfaces.
2025-06-07 11:01:20 INFO  o.s.b.w.e.tomcat.TomcatWebServer - Tomcat initialized with port(s): 8080 (http)
2025-06-07 11:01:20 INFO  o.a.coyote.http11.Http11NioProtocol - Initializing ProtocolHandler ["http-nio-8080"]
2025-06-07 11:01:20 INFO  o.a.catalina.core.StandardService - Starting service [Tomcat]
2025-06-07 11:01:20 INFO  o.a.catalina.core.StandardEngine - Starting Servlet engine: [Apache Tomcat/10.1.15]
2025-06-07 11:01:20 INFO  o.a.c.c.C.[Tomcat].[localhost].[/] - Initializing Spring embedded WebApplicationContext
2025-06-07 11:01:20 INFO  o.s.b.w.s.c.ServletWebServerApplicationContext - Root WebApplicationContext: initialization completed in 3538 ms
2025-06-07 11:01:20 INFO  com.zaxxer.hikari.HikariDataSource - HikariPool-1 - Starting...
2025-06-07 11:01:20 INFO  com.zaxxer.hikari.pool.HikariPool - HikariPool-1 - Added connection conn0: url=jdbc:h2:mem:testdb user=SA
2025-06-07 11:01:20 INFO  com.zaxxer.hikari.HikariDataSource - HikariPool-1 - Start completed.
2025-06-07 11:01:21 INFO  o.s.b.a.h.H2ConsoleAutoConfiguration - H2 console available at '/h2-console'. Database available at 'jdbc:h2:mem:testdb'
2025-06-07 11:01:21 INFO  o.h.jpa.internal.util.LogHelper - HHH000204: Processing PersistenceUnitInfo [name: default]
2025-06-07 11:01:21 INFO  org.hibernate.Version - HHH000412: Hibernate ORM core version 6.2.13.Final
2025-06-07 11:01:21 INFO  org.hibernate.cfg.Environment - HHH000406: Using bytecode reflection optimizer
2025-06-07 11:01:23 INFO  o.s.o.j.p.SpringPersistenceUnitInfo - No LoadTimeWeaver setup: ignoring JPA class transformer
2025-06-07 11:01:26 INFO  o.h.e.t.j.p.i.JtaPlatformInitiator - HHH000489: No JTA platform available (set 'hibernate.transaction.jta.platform' to enable JTA platform integration)
2025-06-07 11:01:26 INFO  o.s.o.j.LocalContainerEntityManagerFactoryBean - Initialized JPA EntityManagerFactory for persistence unit 'default'
2025-06-07 11:01:27 ERROR c.e.s.f.s.a.adam.AdamModbusAdapter - [MODBUS] Initialization failed
com.serotonin.modbus4j.exception.ModbusInitException: java.net.SocketTimeoutException: Connect timed out
	at com.serotonin.modbus4j.ip.tcp.TcpMaster.init(TcpMaster.java:175)
	at com.exempal.shiftcounter.features.signal.adapter.adam.AdamModbusAdapter.init(AdamModbusAdapter.java:38)
	at java.base/jdk.internal.reflect.DirectMethodHandleAccessor.invoke(DirectMethodHandleAccessor.java:103)
	at java.base/java.lang.reflect.Method.invoke(Method.java:580)
	at org.springframework.beans.factory.annotation.InitDestroyAnnotationBeanPostProcessor$LifecycleMethod.invoke(InitDestroyAnnotationBeanPostProcessor.java:457)
	at org.springframework.beans.factory.annotation.InitDestroyAnnotationBeanPostProcessor$LifecycleMetadata.invokeInitMethods(InitDestroyAnnotationBeanPostProcessor.java:401)
	at org.springframework.beans.factory.annotation.InitDestroyAnnotationBeanPostProcessor.postProcessBeforeInitialization(InitDestroyAnnotationBeanPostProcessor.java:219)
	at org.springframework.beans.factory.support.AbstractAutowireCapableBeanFactory.applyBeanPostProcessorsBeforeInitialization(AbstractAutowireCapableBeanFactory.java:419)
	at org.springframework.beans.factory.support.AbstractAutowireCapableBeanFactory.initializeBean(AbstractAutowireCapableBeanFactory.java:1762)
	at org.springframework.beans.factory.support.AbstractAutowireCapableBeanFactory.doCreateBean(AbstractAutowireCapableBeanFactory.java:598)
	at org.springframework.beans.factory.support.AbstractAutowireCapableBeanFactory.createBean(AbstractAutowireCapableBeanFactory.java:520)
	at org.springframework.beans.factory.support.AbstractBeanFactory.lambda$doGetBean$0(AbstractBeanFactory.java:325)
	at org.springframework.beans.factory.support.DefaultSingletonBeanRegistry.getSingleton(DefaultSingletonBeanRegistry.java:234)
	at org.springframework.beans.factory.support.AbstractBeanFactory.doGetBean(AbstractBeanFactory.java:323)
	at org.springframework.beans.factory.support.AbstractBeanFactory.getBean(AbstractBeanFactory.java:199)
	at org.springframework.beans.factory.support.DefaultListableBeanFactory.preInstantiateSingletons(DefaultListableBeanFactory.java:973)
	at org.springframework.context.support.AbstractApplicationContext.finishBeanFactoryInitialization(AbstractApplicationContext.java:950)
	at org.springframework.context.support.AbstractApplicationContext.refresh(AbstractApplicationContext.java:616)
	at org.springframework.boot.web.servlet.context.ServletWebServerApplicationContext.refresh(ServletWebServerApplicationContext.java:146)
	at org.springframework.boot.SpringApplication.refresh(SpringApplication.java:738)
	at org.springframework.boot.SpringApplication.refreshContext(SpringApplication.java:440)
	at org.springframework.boot.SpringApplication.run(SpringApplication.java:316)
	at org.springframework.boot.SpringApplication.run(SpringApplication.java:1306)
	at org.springframework.boot.SpringApplication.run(SpringApplication.java:1295)
	at com.exempal.shiftcounter.СontrollerApplication.main(СontrollerApplication.java:10)
	at java.base/jdk.internal.reflect.DirectMethodHandleAccessor.invoke(DirectMethodHandleAccessor.java:103)
	at java.base/java.lang.reflect.Method.invoke(Method.java:580)
	at org.springframework.boot.devtools.restart.RestartLauncher.run(RestartLauncher.java:50)
Caused by: java.net.SocketTimeoutException: Connect timed out
	at java.base/sun.nio.ch.NioSocketImpl.timedFinishConnect(NioSocketImpl.java:546)
	at java.base/sun.nio.ch.NioSocketImpl.connect(NioSocketImpl.java:592)
	at java.base/java.net.SocksSocketImpl.connect(SocksSocketImpl.java:327)
	at java.base/java.net.Socket.connect(Socket.java:751)
	at com.serotonin.modbus4j.ip.tcp.TcpMaster.openConnection(TcpMaster.java:302)
	at com.serotonin.modbus4j.ip.tcp.TcpMaster.init(TcpMaster.java:172)
	... 27 common frames omitted
2025-06-07 11:01:27 WARN  o.s.b.a.o.j.JpaBaseConfiguration$JpaWebConfiguration - spring.jpa.open-in-view is enabled by default. Therefore, database queries may be performed during view rendering. Explicitly configure spring.jpa.open-in-view to disable this warning
2025-06-07 11:01:28 INFO  o.s.b.d.a.OptionalLiveReloadServer - LiveReload server is running on port 35729
2025-06-07 11:01:28 INFO  o.a.coyote.http11.Http11NioProtocol - Starting ProtocolHandler ["http-nio-8080"]
2025-06-07 11:01:28 INFO  o.s.b.w.e.tomcat.TomcatWebServer - Tomcat started on port(s): 8080 (http) with context path ''
2025-06-07 11:01:28 INFO  c.e.s.СontrollerApplication - Started СontrollerApplication in 13.865 seconds (process running for 16.268)
2025-06-07 11:01:41 INFO  c.e.s.f.s.a.adam.AdamModbusAdapter - [MODBUS] Connection closed
2025-06-07 11:01:41 INFO  o.s.o.j.LocalContainerEntityManagerFactoryBean - Closing JPA EntityManagerFactory for persistence unit 'default'
2025-06-07 11:01:42 WARN  o.s.b.f.s.DisposableBeanAdapter - Invocation of destroy method failed on bean with name 'inMemoryDatabaseShutdownExecutor': org.h2.jdbc.JdbcSQLNonTransientConnectionException: База данных уже закрыта (чтобы отключить автоматическое закрытие базы данных при останове JVM, добавьте ";DB_CLOSE_ON_EXIT=FALSE" в URL)
Database is already closed (to disable automatic closing at VM shutdown, add ";DB_CLOSE_ON_EXIT=FALSE" to the db URL) [90121-214]
2025-06-07 11:01:42 INFO  com.zaxxer.hikari.HikariDataSource - HikariPool-1 - Shutdown initiated...
2025-06-07 11:01:42 INFO  com.zaxxer.hikari.HikariDataSource - HikariPool-1 - Shutdown completed.
