2025-10-16 12:45:47 WARN  com.zaxxer.hikari.pool.HikariPool - HikariPool-1 - Thread starvation or clock leap detected (housekeeper delta=17h11m47s308ms991µs400ns).
2025-10-16 12:45:30 INFO  o.s.w.s.c.WebSocketMessageBrokerStats - WebSocketSession[0 current WS(0)-HttpStream(0)-HttpPoll(0), 8 total, 0 closed abnormally (0 connect failure, 0 send limit, 1 transport error)], stompSubProtocol[processed CONNECT(8)-CONNECTED(8)-DISCONNECT(0)], stompBrokerRelay[null], inboundChannel[pool size = 3, active threads = 0, queued tasks = 0, completed tasks = 96], outboundChannel[pool size = 2, active threads = 0, queued tasks = 0, completed tasks = 785], sockJsScheduler[pool size = 8, active threads = 2, queued tasks = 0, completed tasks = 7303]
2025-10-16 12:45:46 WARN  com.zaxxer.hikari.pool.PoolBase - HikariPool-1 - Failed to validate connection org.postgresql.jdbc.PgConnection@2cdddce2 (Соединение уже было закрыто). Possibly consider using a shorter maxLifetime value.
2025-10-16 12:46:07 WARN  o.h.e.jdbc.spi.SqlExceptionHelper - SQL Error: 0, SQLState: 08003
2025-10-16 12:46:07 ERROR o.h.e.jdbc.spi.SqlExceptionHelper - HikariPool-1 - Connection is not available, request timed out after 61905232ms.
2025-10-16 12:46:07 ERROR o.h.e.jdbc.spi.SqlExceptionHelper - Соединение уже было закрыто
2025-10-16 12:46:52 ERROR o.a.c.c.C.[.[.[.[dispatcherServlet] - Servlet.service() for servlet [dispatcherServlet] in context with path [] threw exception [Request processing failed: org.springframework.transaction.CannotCreateTransactionException: Could not open JPA EntityManager for transaction] with root cause
org.postgresql.util.PSQLException: Соединение уже было закрыто
	at org.postgresql.jdbc.PgConnection.checkClosed(PgConnection.java:993)
	at org.postgresql.jdbc.PgConnection.setNetworkTimeout(PgConnection.java:1694)
	at com.zaxxer.hikari.pool.PoolBase.setNetworkTimeout(PoolBase.java:561)
	at com.zaxxer.hikari.pool.PoolBase.isConnectionDead(PoolBase.java:168)
	at com.zaxxer.hikari.pool.HikariPool.getConnection(HikariPool.java:170)
	at com.zaxxer.hikari.pool.HikariPool.getConnection(HikariPool.java:146)
	at com.zaxxer.hikari.HikariDataSource.getConnection(HikariDataSource.java:128)
	at org.hibernate.engine.jdbc.connections.internal.DatasourceConnectionProviderImpl.getConnection(DatasourceConnectionProviderImpl.java:122)
	at org.hibernate.internal.NonContextualJdbcConnectionAccess.obtainConnection(NonContextualJdbcConnectionAccess.java:38)
	at org.hibernate.resource.jdbc.internal.LogicalConnectionManagedImpl.acquireConnectionIfNeeded(LogicalConnectionManagedImpl.java:113)
	at org.hibernate.resource.jdbc.internal.LogicalConnectionManagedImpl.getPhysicalConnection(LogicalConnectionManagedImpl.java:143)
	at org.hibernate.resource.jdbc.internal.LogicalConnectionManagedImpl.getConnectionForTransactionManagement(LogicalConnectionManagedImpl.java:273)
	at org.hibernate.resource.jdbc.internal.LogicalConnectionManagedImpl.begin(LogicalConnectionManagedImpl.java:281)
	at org.hibernate.resource.transaction.backend.jdbc.internal.JdbcResourceLocalTransactionCoordinatorImpl$TransactionDriverControlImpl.begin(JdbcResourceLocalTransactionCoordinatorImpl.java:232)
	at org.hibernate.engine.transaction.internal.TransactionImpl.begin(TransactionImpl.java:83)
	at org.springframework.orm.jpa.vendor.HibernateJpaDialect.beginTransaction(HibernateJpaDialect.java:164)
	at org.springframework.orm.jpa.JpaTransactionManager.doBegin(JpaTransactionManager.java:420)
	at org.springframework.transaction.support.AbstractPlatformTransactionManager.startTransaction(AbstractPlatformTransactionManager.java:400)
	at org.springframework.transaction.support.AbstractPlatformTransactionManager.getTransaction(AbstractPlatformTransactionManager.java:373)
	at org.springframework.transaction.interceptor.TransactionAspectSupport.createTransactionIfNecessary(TransactionAspectSupport.java:601)
	at org.springframework.transaction.interceptor.TransactionAspectSupport.invokeWithinTransaction(TransactionAspectSupport.java:385)
	at org.springframework.transaction.interceptor.TransactionInterceptor.invoke(TransactionInterceptor.java:119)
	at org.springframework.aop.framework.ReflectiveMethodInvocation.proceed(ReflectiveMethodInvocation.java:184)
	at org.springframework.dao.support.PersistenceExceptionTranslationInterceptor.invoke(PersistenceExceptionTranslationInterceptor.java:137)
	at org.springframework.aop.framework.ReflectiveMethodInvocation.proceed(ReflectiveMethodInvocation.java:184)
	at org.springframework.data.jpa.repository.support.CrudMethodMetadataPostProcessor$CrudMethodMetadataPopulatingMethodInterceptor.invoke(CrudMethodMetadataPostProcessor.java:164)
	at org.springframework.aop.framework.ReflectiveMethodInvocation.proceed(ReflectiveMethodInvocation.java:184)
	at org.springframework.aop.interceptor.ExposeInvocationInterceptor.invoke(ExposeInvocationInterceptor.java:97)
	at org.springframework.aop.framework.ReflectiveMethodInvocation.proceed(ReflectiveMethodInvocation.java:184)
	at org.springframework.aop.framework.JdkDynamicAopProxy.invoke(JdkDynamicAopProxy.java:244)
	at jdk.proxy4/jdk.proxy4.$Proxy147.save(Unknown Source)
	at com.exempal.shiftcounter.features.signal.infrastructure.SignalJpaAdapter.save(SignalJpaAdapter.java:21)
	at com.exempal.shiftcounter.features.signal.application.SignalService.onProductSensorTriggered(SignalService.java:27)
	at com.exempal.shiftcounter.features.signal.adapter.web.SignalController.triggerSignal(SignalController.java:30)
	at java.base/jdk.internal.reflect.DirectMethodHandleAccessor.invoke(DirectMethodHandleAccessor.java:103)
	at java.base/java.lang.reflect.Method.invoke(Method.java:580)
	at org.springframework.web.method.support.InvocableHandlerMethod.doInvoke(InvocableHandlerMethod.java:205)
	at org.springframework.web.method.support.InvocableHandlerMethod.invokeForRequest(InvocableHandlerMethod.java:150)
	at org.springframework.web.servlet.mvc.method.annotation.ServletInvocableHandlerMethod.invokeAndHandle(ServletInvocableHandlerMethod.java:118)
	at org.springframework.web.servlet.mvc.method.annotation.RequestMappingHandlerAdapter.invokeHandlerMethod(RequestMappingHandlerAdapter.java:884)
	at org.springframework.web.servlet.mvc.method.annotation.RequestMappingHandlerAdapter.handleInternal(RequestMappingHandlerAdapter.java:797)
	at org.springframework.web.servlet.mvc.method.AbstractHandlerMethodAdapter.handle(AbstractHandlerMethodAdapter.java:87)
	at org.springframework.web.servlet.DispatcherServlet.doDispatch(DispatcherServlet.java:1081)
	at org.springframework.web.servlet.DispatcherServlet.doService(DispatcherServlet.java:974)
	at org.springframework.web.servlet.FrameworkServlet.processRequest(FrameworkServlet.java:1011)
	at org.springframework.web.servlet.FrameworkServlet.doPost(FrameworkServlet.java:914)
	at jakarta.servlet.http.HttpServlet.service(HttpServlet.java:590)
	at org.springframework.web.servlet.FrameworkServlet.service(FrameworkServlet.java:885)
	at jakarta.servlet.http.HttpServlet.service(HttpServlet.java:658)
	at org.apache.catalina.core.ApplicationFilterChain.internalDoFilter(ApplicationFilterChain.java:205)
	at org.apache.catalina.core.ApplicationFilterChain.doFilter(ApplicationFilterChain.java:149)
	at org.apache.tomcat.websocket.server.WsFilter.doFilter(WsFilter.java:51)
	at org.apache.catalina.core.ApplicationFilterChain.internalDoFilter(ApplicationFilterChain.java:174)
	at org.apache.catalina.core.ApplicationFilterChain.doFilter(ApplicationFilterChain.java:149)
	at org.springframework.web.filter.RequestContextFilter.doFilterInternal(RequestContextFilter.java:100)
	at org.springframework.web.filter.OncePerRequestFilter.doFilter(OncePerRequestFilter.java:116)
	at org.apache.catalina.core.ApplicationFilterChain.internalDoFilter(ApplicationFilterChain.java:174)
	at org.apache.catalina.core.ApplicationFilterChain.doFilter(ApplicationFilterChain.java:149)
	at org.springframework.web.filter.FormContentFilter.doFilterInternal(FormContentFilter.java:93)
	at org.springframework.web.filter.OncePerRequestFilter.doFilter(OncePerRequestFilter.java:116)
	at org.apache.catalina.core.ApplicationFilterChain.internalDoFilter(ApplicationFilterChain.java:174)
	at org.apache.catalina.core.ApplicationFilterChain.doFilter(ApplicationFilterChain.java:149)
	at org.springframework.web.filter.CharacterEncodingFilter.doFilterInternal(CharacterEncodingFilter.java:201)
	at org.springframework.web.filter.OncePerRequestFilter.doFilter(OncePerRequestFilter.java:116)
	at org.apache.catalina.core.ApplicationFilterChain.internalDoFilter(ApplicationFilterChain.java:174)
	at org.apache.catalina.core.ApplicationFilterChain.doFilter(ApplicationFilterChain.java:149)
	at org.apache.catalina.core.StandardWrapperValve.invoke(StandardWrapperValve.java:167)
	at org.apache.catalina.core.StandardContextValve.invoke(StandardContextValve.java:90)
	at org.apache.catalina.authenticator.AuthenticatorBase.invoke(AuthenticatorBase.java:482)
	at org.apache.catalina.core.StandardHostValve.invoke(StandardHostValve.java:115)
	at org.apache.catalina.valves.ErrorReportValve.invoke(ErrorReportValve.java:93)
	at org.apache.catalina.core.StandardEngineValve.invoke(StandardEngineValve.java:74)
	at org.apache.catalina.connector.CoyoteAdapter.service(CoyoteAdapter.java:340)
	at org.apache.coyote.http11.Http11Processor.service(Http11Processor.java:391)
	at org.apache.coyote.AbstractProcessorLight.process(AbstractProcessorLight.java:63)
	at org.apache.coyote.AbstractProtocol$ConnectionHandler.process(AbstractProtocol.java:896)
	at org.apache.tomcat.util.net.NioEndpoint$SocketProcessor.doRun(NioEndpoint.java:1744)
	at org.apache.tomcat.util.net.SocketProcessorBase.run(SocketProcessorBase.java:52)
	at org.apache.tomcat.util.threads.ThreadPoolExecutor.runWorker(ThreadPoolExecutor.java:1191)
	at org.apache.tomcat.util.threads.ThreadPoolExecutor$Worker.run(ThreadPoolExecutor.java:659)
	at org.apache.tomcat.util.threads.TaskThread$WrappingRunnable.run(TaskThread.java:61)
	at java.base/java.lang.Thread.run(Thread.java:1583)
2025-10-16 12:47:16 INFO  c.e.s.f.s.a.web.SignalController - 📡 Сигнал получен: сенсор = main, дата смены = 2025-10-15
2025-10-16 12:47:18 INFO  c.e.s.f.s.a.e.ProductDetectedListener - [EVENT] Product detected at 2025-10-16T12:47:17.006111900
2025-10-16 12:47:19 INFO  c.e.s.f.s.a.ShiftPlannerUseCase - 🆕 Создание смены на 2025-10-16
2025-10-16 12:47:20 INFO  c.e.s.f.s.i.JpaShiftAdapter - 📋 Сохраняем смену: date = 2025-10-16, labels = [00:30, 01:30, 02:30, 03:30, 08:00, 09:00, 10:00, 11:00, 12:30, 13:30, 14:30, 15:30, 16:30, 17:30, 18:30, 19:30, 20:30, 21:30, 22:30, 23:30], plan = [360, 480, 480, 480, 480, 480, 480, 480, 480, 480, 480, 480, 480, 480, 480, 480, 480, 480, 480, 360], actual = [0, 0, 0, 0, 0, 0, 0, 0, 0, 0, 0, 0, 0, 0, 0, 0, 0, 0, 0, 0]
2025-10-16 12:47:23 INFO  c.e.s.f.s.i.JpaShiftAdapter - 💾 Сохраняем actual: [0, 0, 0, 0, 0, 0, 0, 0, 0, 0, 0, 0, 0, 0, 0, 0, 0, 0, 0, 0]
2025-10-16 12:47:24 INFO  c.e.s.f.s.a.ShiftInitializerService - ✅ Смена создана: 2025-10-16 | План: [360, 480, 480, 480, 480, 480, 480, 480, 480, 480, 480, 480, 480, 480, 480, 480, 480, 480, 480, 360]
2025-10-16 12:47:25 INFO  c.e.s.f.s.i.JpaShiftAdapter - 🧪 Читаем shift из БД: 2025-10-16
2025-10-16 12:47:25 INFO  c.e.s.f.s.i.JpaShiftAdapter - ⏱ hourlyLabels = [00:30, 01:30, 02:30, 03:30, 08:00, 09:00, 10:00, 11:00, 12:30, 13:30, 14:30, 15:30, 16:30, 17:30, 18:30, 19:30, 20:30, 21:30, 22:30, 23:30]
2025-10-16 12:47:25 INFO  c.e.s.f.s.i.JpaShiftAdapter - 📊 hourlyActual = [0, 0, 0, 0, 0, 0, 0, 0, 0, 0, 0, 0, 0, 0, 0, 0, 0, 0, 0, 0]
2025-10-16 12:47:25 INFO  c.e.s.f.s.a.e.ShiftUpdatedListener - 📤 Отправлен ShiftView в /topic/shift-updates: ShiftView[date=2025-10-16, actual=[0, 0, 0, 0, 0, 0, 0, 0, 0, 0, 0, 0, 0, 0, 0, 0, 0, 0, 0, 0], plan=[360, 480, 480, 480, 480, 480, 480, 480, 480, 480, 480, 480, 480, 480, 480, 480, 480, 480, 480, 360], hours=[00:30, 01:30, 02:30, 03:30, 08:00, 09:00, 10:00, 11:00, 12:30, 13:30, 14:30, 15:30, 16:30, 17:30, 18:30, 19:30, 20:30, 21:30, 22:30, 23:30]]
2025-10-16 12:47:25 INFO  c.e.s.f.s.i.ShiftSettingsApplier - 🔧 Обновлены часы смены: [08:00, 09:00, 10:00, 11:00, 12:30, 13:30, 14:30, 15:30, 16:30, 17:30, 18:30, 19:30, 20:30, 21:30, 22:30, 23:30, 00:30, 01:30, 02:30, 03:30]
2025-10-16 12:47:25 INFO  c.e.s.f.s.i.ShiftSettingsApplier - 📊 Применяем планы: [360, 480, 480, 480, 480, 480, 480, 480, 480, 480, 480, 480, 480, 480, 480, 480, 480, 480, 480, 360]
2025-10-16 12:47:25 INFO  c.e.s.f.s.i.JpaShiftAdapter - 📋 Сохраняем смену: date = 2025-10-16, labels = [08:00, 09:00, 10:00, 11:00, 12:30, 13:30, 14:30, 15:30, 16:30, 17:30, 18:30, 19:30, 20:30, 21:30, 22:30, 23:30, 00:30, 01:30, 02:30, 03:30], plan = [360, 480, 480, 480, 480, 480, 480, 480, 480, 480, 480, 480, 480, 480, 480, 480, 480, 480, 480, 360], actual = [0, 0, 0, 0, 0, 0, 0, 0, 0, 0, 0, 0, 0, 0, 0, 0, 0, 0, 0, 0]
2025-10-16 12:47:25 INFO  c.e.s.f.s.i.JpaShiftAdapter - 💾 Сохраняем actual: [0, 0, 0, 0, 0, 0, 0, 0, 0, 0, 0, 0, 0, 0, 0, 0, 0, 0, 0, 0]
2025-10-16 12:47:26 INFO  c.e.s.f.s.i.JpaShiftAdapter - 🧪 Читаем shift из БД: 2025-10-16
2025-10-16 12:47:26 INFO  c.e.s.f.s.i.JpaShiftAdapter - ⏱ hourlyLabels = [08:00, 09:00, 10:00, 11:00, 12:30, 13:30, 14:30, 15:30, 16:30, 17:30, 18:30, 19:30, 20:30, 21:30, 22:30, 23:30, 00:30, 01:30, 02:30, 03:30]
2025-10-16 12:47:26 INFO  c.e.s.f.s.i.JpaShiftAdapter - 📊 hourlyActual = [0, 0, 0, 0, 0, 0, 0, 0, 0, 0, 0, 0, 0, 0, 0, 0, 0, 0, 0, 0]
2025-10-16 12:47:26 INFO  c.e.s.f.s.i.JpaShiftAdapter - 🧪 Читаем shift из БД: 2025-10-16
2025-10-16 12:47:26 INFO  c.e.s.f.s.i.JpaShiftAdapter - ⏱ hourlyLabels = [08:00, 09:00, 10:00, 11:00, 12:30, 13:30, 14:30, 15:30, 16:30, 17:30, 18:30, 19:30, 20:30, 21:30, 22:30, 23:30, 00:30, 01:30, 02:30, 03:30]
2025-10-16 12:47:26 INFO  c.e.s.f.s.i.JpaShiftAdapter - 📊 hourlyActual = [0, 0, 0, 0, 0, 0, 0, 0, 0, 0, 0, 0, 0, 0, 0, 0, 0, 0, 0, 0]
2025-10-16 12:47:26 INFO  c.e.s.f.s.a.e.ShiftUpdatedListener - 📤 Отправлен ShiftView в /topic/shift-updates: ShiftView[date=2025-10-16, actual=[0, 0, 0, 0, 0, 0, 0, 0, 0, 0, 0, 0, 0, 0, 0, 0, 0, 0, 0, 0], plan=[360, 480, 480, 480, 480, 480, 480, 480, 480, 480, 480, 480, 480, 480, 480, 480, 480, 480, 480, 360], hours=[08:00, 09:00, 10:00, 11:00, 12:30, 13:30, 14:30, 15:30, 16:30, 17:30, 18:30, 19:30, 20:30, 21:30, 22:30, 23:30, 00:30, 01:30, 02:30, 03:30]]
2025-10-16 12:47:26 INFO  c.e.s.f.s.i.ShiftSettingsApplier - 🔧 Обновлены часы смены: [08:00, 09:00, 10:00, 11:00, 12:30, 13:30, 14:30, 15:30, 16:30, 17:30, 18:30, 19:30, 20:30, 21:30, 22:30, 23:30, 00:30, 01:30, 02:30, 03:30]
2025-10-16 12:47:26 INFO  c.e.s.f.s.i.ShiftSettingsApplier - 📊 Применяем планы: [360, 480, 480, 480, 480, 480, 480, 480, 480, 480, 480, 480, 480, 480, 480, 480, 480, 480, 480, 360]
2025-10-16 12:47:26 INFO  c.e.s.f.s.i.JpaShiftAdapter - 📋 Сохраняем смену: date = 2025-10-16, labels = [08:00, 09:00, 10:00, 11:00, 12:30, 13:30, 14:30, 15:30, 16:30, 17:30, 18:30, 19:30, 20:30, 21:30, 22:30, 23:30, 00:30, 01:30, 02:30, 03:30], plan = [360, 480, 480, 480, 480, 480, 480, 480, 480, 480, 480, 480, 480, 480, 480, 480, 480, 480, 480, 360], actual = [0, 0, 0, 0, 1, 0, 0, 0, 0, 0, 0, 0, 0, 0, 0, 0, 0, 0, 0, 0]
2025-10-16 12:47:26 INFO  c.e.s.f.s.i.JpaShiftAdapter - 💾 Сохраняем actual: [0, 0, 0, 0, 1, 0, 0, 0, 0, 0, 0, 0, 0, 0, 0, 0, 0, 0, 0, 0]
2025-10-16 12:47:26 INFO  c.e.s.f.s.a.ShiftPlannerUseCase - 💾 Смена сохранена: 2025-10-16
2025-10-16 12:47:26 INFO  c.e.s.f.s.i.JpaShiftAdapter - 🧪 Читаем shift из БД: 2025-10-16
2025-10-16 12:47:26 INFO  c.e.s.f.s.i.JpaShiftAdapter - ⏱ hourlyLabels = [08:00, 09:00, 10:00, 11:00, 12:30, 13:30, 14:30, 15:30, 16:30, 17:30, 18:30, 19:30, 20:30, 21:30, 22:30, 23:30, 00:30, 01:30, 02:30, 03:30]
2025-10-16 12:47:26 INFO  c.e.s.f.s.i.JpaShiftAdapter - 📊 hourlyActual = [0, 0, 0, 0, 1, 0, 0, 0, 0, 0, 0, 0, 0, 0, 0, 0, 0, 0, 0, 0]
2025-10-16 12:47:26 INFO  c.e.s.f.s.a.e.ShiftUpdatedListener - 📤 Отправлен ShiftView в /topic/shift-updates: ShiftView[date=2025-10-16, actual=[0, 0, 0, 0, 1, 0, 0, 0, 0, 0, 0, 0, 0, 0, 0, 0, 0, 0, 0, 0], plan=[360, 480, 480, 480, 480, 480, 480, 480, 480, 480, 480, 480, 480, 480, 480, 480, 480, 480, 480, 360], hours=[08:00, 09:00, 10:00, 11:00, 12:30, 13:30, 14:30, 15:30, 16:30, 17:30, 18:30, 19:30, 20:30, 21:30, 22:30, 23:30, 00:30, 01:30, 02:30, 03:30]]
2025-10-16 12:47:26 INFO  c.e.s.f.s.i.JpaShiftAdapter - 🧪 Читаем shift из БД: 2025-10-16
2025-10-16 12:47:26 INFO  c.e.s.f.s.i.JpaShiftAdapter - ⏱ hourlyLabels = [08:00, 09:00, 10:00, 11:00, 12:30, 13:30, 14:30, 15:30, 16:30, 17:30, 18:30, 19:30, 20:30, 21:30, 22:30, 23:30, 00:30, 01:30, 02:30, 03:30]
2025-10-16 12:47:26 INFO  c.e.s.f.s.i.JpaShiftAdapter - 📊 hourlyActual = [0, 0, 0, 0, 1, 0, 0, 0, 0, 0, 0, 0, 0, 0, 0, 0, 0, 0, 0, 0]
2025-10-16 12:47:26 DEBUG c.e.s.f.s.i.ShiftSettingsApplier - ✅ Настройки не изменились, смена актуальна: 2025-10-16
2025-10-16 12:47:29 INFO  c.e.s.f.c.a.StoppageReconcilesService - Reconciled date=2025-10-16, hourIndex=4 -> saved 2 auto-stoppage(s)
2025-10-16 12:47:41 INFO  c.e.s.f.s.a.web.SignalController - 📡 Сигнал получен: сенсор = main, дата смены = 2025-10-15
2025-10-16 12:47:41 INFO  c.e.s.f.s.a.e.ProductDetectedListener - [EVENT] Product detected at 2025-10-16T12:47:41.114563500
2025-10-16 12:47:41 INFO  c.e.s.f.s.i.JpaShiftAdapter - 🧪 Читаем shift из БД: 2025-10-16
2025-10-16 12:47:41 INFO  c.e.s.f.s.i.JpaShiftAdapter - ⏱ hourlyLabels = [08:00, 09:00, 10:00, 11:00, 12:30, 13:30, 14:30, 15:30, 16:30, 17:30, 18:30, 19:30, 20:30, 21:30, 22:30, 23:30, 00:30, 01:30, 02:30, 03:30]
2025-10-16 12:47:41 INFO  c.e.s.f.s.i.JpaShiftAdapter - 📊 hourlyActual = [0, 0, 0, 0, 1, 0, 0, 0, 0, 0, 0, 0, 0, 0, 0, 0, 0, 0, 0, 0]
2025-10-16 12:47:42 DEBUG c.e.s.f.s.i.ShiftSettingsApplier - ✅ Настройки не изменились, смена актуальна: 2025-10-16
2025-10-16 12:47:42 INFO  c.e.s.f.s.i.ShiftSettingsApplier - 🔧 Обновлены часы смены: [08:00, 09:00, 10:00, 11:00, 12:30, 13:30, 14:30, 15:30, 16:30, 17:30, 18:30, 19:30, 20:30, 21:30, 22:30, 23:30, 00:30, 01:30, 02:30, 03:30]
2025-10-16 12:47:42 INFO  c.e.s.f.s.i.ShiftSettingsApplier - 📊 Применяем планы: [360, 480, 480, 480, 480, 480, 480, 480, 480, 480, 480, 480, 480, 480, 480, 480, 480, 480, 480, 360]
2025-10-16 12:47:42 INFO  c.e.s.f.s.i.JpaShiftAdapter - 📋 Сохраняем смену: date = 2025-10-16, labels = [08:00, 09:00, 10:00, 11:00, 12:30, 13:30, 14:30, 15:30, 16:30, 17:30, 18:30, 19:30, 20:30, 21:30, 22:30, 23:30, 00:30, 01:30, 02:30, 03:30], plan = [360, 480, 480, 480, 480, 480, 480, 480, 480, 480, 480, 480, 480, 480, 480, 480, 480, 480, 480, 360], actual = [0, 0, 0, 0, 2, 0, 0, 0, 0, 0, 0, 0, 0, 0, 0, 0, 0, 0, 0, 0]
2025-10-16 12:47:42 INFO  c.e.s.f.s.i.JpaShiftAdapter - 💾 Сохраняем actual: [0, 0, 0, 0, 2, 0, 0, 0, 0, 0, 0, 0, 0, 0, 0, 0, 0, 0, 0, 0]
2025-10-16 12:47:42 INFO  c.e.s.f.s.a.ShiftPlannerUseCase - 💾 Смена сохранена: 2025-10-16
2025-10-16 12:47:42 INFO  c.e.s.f.s.i.JpaShiftAdapter - 🧪 Читаем shift из БД: 2025-10-16
2025-10-16 12:47:42 INFO  c.e.s.f.s.i.JpaShiftAdapter - ⏱ hourlyLabels = [08:00, 09:00, 10:00, 11:00, 12:30, 13:30, 14:30, 15:30, 16:30, 17:30, 18:30, 19:30, 20:30, 21:30, 22:30, 23:30, 00:30, 01:30, 02:30, 03:30]
2025-10-16 12:47:42 INFO  c.e.s.f.s.i.JpaShiftAdapter - 📊 hourlyActual = [0, 0, 0, 0, 2, 0, 0, 0, 0, 0, 0, 0, 0, 0, 0, 0, 0, 0, 0, 0]
2025-10-16 12:47:42 INFO  c.e.s.f.s.a.e.ShiftUpdatedListener - 📤 Отправлен ShiftView в /topic/shift-updates: ShiftView[date=2025-10-16, actual=[0, 0, 0, 0, 2, 0, 0, 0, 0, 0, 0, 0, 0, 0, 0, 0, 0, 0, 0, 0], plan=[360, 480, 480, 480, 480, 480, 480, 480, 480, 480, 480, 480, 480, 480, 480, 480, 480, 480, 480, 360], hours=[08:00, 09:00, 10:00, 11:00, 12:30, 13:30, 14:30, 15:30, 16:30, 17:30, 18:30, 19:30, 20:30, 21:30, 22:30, 23:30, 00:30, 01:30, 02:30, 03:30]]
2025-10-16 12:47:42 INFO  c.e.s.f.s.i.JpaShiftAdapter - 🧪 Читаем shift из БД: 2025-10-16
2025-10-16 12:47:42 INFO  c.e.s.f.s.i.JpaShiftAdapter - ⏱ hourlyLabels = [08:00, 09:00, 10:00, 11:00, 12:30, 13:30, 14:30, 15:30, 16:30, 17:30, 18:30, 19:30, 20:30, 21:30, 22:30, 23:30, 00:30, 01:30, 02:30, 03:30]
2025-10-16 12:47:42 INFO  c.e.s.f.s.i.JpaShiftAdapter - 📊 hourlyActual = [0, 0, 0, 0, 2, 0, 0, 0, 0, 0, 0, 0, 0, 0, 0, 0, 0, 0, 0, 0]
2025-10-16 12:47:42 DEBUG c.e.s.f.s.i.ShiftSettingsApplier - ✅ Настройки не изменились, смена актуальна: 2025-10-16
2025-10-16 12:47:42 INFO  c.e.s.f.c.a.StoppageReconcilesService - Reconciled date=2025-10-16, hourIndex=4 -> saved 2 auto-stoppage(s)
2025-10-16 12:47:52 INFO  c.e.s.f.s.a.web.SignalController - 📡 Сигнал получен: сенсор = main, дата смены = 2025-10-15
2025-10-16 12:47:52 INFO  c.e.s.f.s.a.e.ProductDetectedListener - [EVENT] Product detected at 2025-10-16T12:47:52.488812100
2025-10-16 12:47:52 INFO  c.e.s.f.s.i.JpaShiftAdapter - 🧪 Читаем shift из БД: 2025-10-16
2025-10-16 12:47:52 INFO  c.e.s.f.s.i.JpaShiftAdapter - ⏱ hourlyLabels = [08:00, 09:00, 10:00, 11:00, 12:30, 13:30, 14:30, 15:30, 16:30, 17:30, 18:30, 19:30, 20:30, 21:30, 22:30, 23:30, 00:30, 01:30, 02:30, 03:30]
2025-10-16 12:47:52 INFO  c.e.s.f.s.i.JpaShiftAdapter - 📊 hourlyActual = [0, 0, 0, 0, 2, 0, 0, 0, 0, 0, 0, 0, 0, 0, 0, 0, 0, 0, 0, 0]
2025-10-16 12:47:53 DEBUG c.e.s.f.s.i.ShiftSettingsApplier - ✅ Настройки не изменились, смена актуальна: 2025-10-16
2025-10-16 12:47:53 INFO  c.e.s.f.s.i.ShiftSettingsApplier - 🔧 Обновлены часы смены: [08:00, 09:00, 10:00, 11:00, 12:30, 13:30, 14:30, 15:30, 16:30, 17:30, 18:30, 19:30, 20:30, 21:30, 22:30, 23:30, 00:30, 01:30, 02:30, 03:30]
2025-10-16 12:47:53 INFO  c.e.s.f.s.i.ShiftSettingsApplier - 📊 Применяем планы: [360, 480, 480, 480, 480, 480, 480, 480, 480, 480, 480, 480, 480, 480, 480, 480, 480, 480, 480, 360]
2025-10-16 12:47:53 INFO  c.e.s.f.s.i.JpaShiftAdapter - 📋 Сохраняем смену: date = 2025-10-16, labels = [08:00, 09:00, 10:00, 11:00, 12:30, 13:30, 14:30, 15:30, 16:30, 17:30, 18:30, 19:30, 20:30, 21:30, 22:30, 23:30, 00:30, 01:30, 02:30, 03:30], plan = [360, 480, 480, 480, 480, 480, 480, 480, 480, 480, 480, 480, 480, 480, 480, 480, 480, 480, 480, 360], actual = [0, 0, 0, 0, 3, 0, 0, 0, 0, 0, 0, 0, 0, 0, 0, 0, 0, 0, 0, 0]
2025-10-16 12:47:53 INFO  c.e.s.f.s.i.JpaShiftAdapter - 💾 Сохраняем actual: [0, 0, 0, 0, 3, 0, 0, 0, 0, 0, 0, 0, 0, 0, 0, 0, 0, 0, 0, 0]
2025-10-16 12:47:53 INFO  c.e.s.f.s.a.ShiftPlannerUseCase - 💾 Смена сохранена: 2025-10-16
2025-10-16 12:47:53 INFO  c.e.s.f.s.i.JpaShiftAdapter - 🧪 Читаем shift из БД: 2025-10-16
2025-10-16 12:47:53 INFO  c.e.s.f.s.i.JpaShiftAdapter - ⏱ hourlyLabels = [08:00, 09:00, 10:00, 11:00, 12:30, 13:30, 14:30, 15:30, 16:30, 17:30, 18:30, 19:30, 20:30, 21:30, 22:30, 23:30, 00:30, 01:30, 02:30, 03:30]
2025-10-16 12:47:53 INFO  c.e.s.f.s.i.JpaShiftAdapter - 📊 hourlyActual = [0, 0, 0, 0, 3, 0, 0, 0, 0, 0, 0, 0, 0, 0, 0, 0, 0, 0, 0, 0]
2025-10-16 12:47:53 INFO  c.e.s.f.s.a.e.ShiftUpdatedListener - 📤 Отправлен ShiftView в /topic/shift-updates: ShiftView[date=2025-10-16, actual=[0, 0, 0, 0, 3, 0, 0, 0, 0, 0, 0, 0, 0, 0, 0, 0, 0, 0, 0, 0], plan=[360, 480, 480, 480, 480, 480, 480, 480, 480, 480, 480, 480, 480, 480, 480, 480, 480, 480, 480, 360], hours=[08:00, 09:00, 10:00, 11:00, 12:30, 13:30, 14:30, 15:30, 16:30, 17:30, 18:30, 19:30, 20:30, 21:30, 22:30, 23:30, 00:30, 01:30, 02:30, 03:30]]
2025-10-16 12:47:53 INFO  c.e.s.f.s.i.JpaShiftAdapter - 🧪 Читаем shift из БД: 2025-10-16
2025-10-16 12:47:53 INFO  c.e.s.f.s.i.JpaShiftAdapter - ⏱ hourlyLabels = [08:00, 09:00, 10:00, 11:00, 12:30, 13:30, 14:30, 15:30, 16:30, 17:30, 18:30, 19:30, 20:30, 21:30, 22:30, 23:30, 00:30, 01:30, 02:30, 03:30]
2025-10-16 12:47:53 INFO  c.e.s.f.s.i.JpaShiftAdapter - 📊 hourlyActual = [0, 0, 0, 0, 3, 0, 0, 0, 0, 0, 0, 0, 0, 0, 0, 0, 0, 0, 0, 0]
2025-10-16 12:47:53 DEBUG c.e.s.f.s.i.ShiftSettingsApplier - ✅ Настройки не изменились, смена актуальна: 2025-10-16
2025-10-16 12:47:54 INFO  c.e.s.f.c.a.StoppageReconcilesService - Reconciled date=2025-10-16, hourIndex=4 -> saved 2 auto-stoppage(s)
2025-10-16 12:48:04 INFO  c.e.s.f.s.a.web.SignalController - 📡 Сигнал получен: сенсор = main, дата смены = 2025-10-15
2025-10-16 12:48:05 INFO  c.e.s.f.s.a.e.ProductDetectedListener - [EVENT] Product detected at 2025-10-16T12:48:04.902148600
2025-10-16 12:48:06 INFO  c.e.s.f.s.i.JpaShiftAdapter - 🧪 Читаем shift из БД: 2025-10-16
2025-10-16 12:48:06 INFO  c.e.s.f.s.i.JpaShiftAdapter - ⏱ hourlyLabels = [08:00, 09:00, 10:00, 11:00, 12:30, 13:30, 14:30, 15:30, 16:30, 17:30, 18:30, 19:30, 20:30, 21:30, 22:30, 23:30, 00:30, 01:30, 02:30, 03:30]
2025-10-16 12:48:06 INFO  c.e.s.f.s.i.JpaShiftAdapter - 📊 hourlyActual = [0, 0, 0, 0, 3, 0, 0, 0, 0, 0, 0, 0, 0, 0, 0, 0, 0, 0, 0, 0]
2025-10-16 12:48:06 DEBUG c.e.s.f.s.i.ShiftSettingsApplier - ✅ Настройки не изменились, смена актуальна: 2025-10-16
2025-10-16 12:48:06 INFO  c.e.s.f.s.i.ShiftSettingsApplier - 🔧 Обновлены часы смены: [08:00, 09:00, 10:00, 11:00, 12:30, 13:30, 14:30, 15:30, 16:30, 17:30, 18:30, 19:30, 20:30, 21:30, 22:30, 23:30, 00:30, 01:30, 02:30, 03:30]
2025-10-16 12:48:06 INFO  c.e.s.f.s.i.ShiftSettingsApplier - 📊 Применяем планы: [360, 480, 480, 480, 480, 480, 480, 480, 480, 480, 480, 480, 480, 480, 480, 480, 480, 480, 480, 360]
2025-10-16 12:48:06 INFO  c.e.s.f.s.i.JpaShiftAdapter - 📋 Сохраняем смену: date = 2025-10-16, labels = [08:00, 09:00, 10:00, 11:00, 12:30, 13:30, 14:30, 15:30, 16:30, 17:30, 18:30, 19:30, 20:30, 21:30, 22:30, 23:30, 00:30, 01:30, 02:30, 03:30], plan = [360, 480, 480, 480, 480, 480, 480, 480, 480, 480, 480, 480, 480, 480, 480, 480, 480, 480, 480, 360], actual = [0, 0, 0, 0, 4, 0, 0, 0, 0, 0, 0, 0, 0, 0, 0, 0, 0, 0, 0, 0]
2025-10-16 12:48:06 INFO  c.e.s.f.s.i.JpaShiftAdapter - 💾 Сохраняем actual: [0, 0, 0, 0, 4, 0, 0, 0, 0, 0, 0, 0, 0, 0, 0, 0, 0, 0, 0, 0]
2025-10-16 12:48:06 INFO  c.e.s.f.s.a.ShiftPlannerUseCase - 💾 Смена сохранена: 2025-10-16
2025-10-16 12:48:06 INFO  c.e.s.f.s.i.JpaShiftAdapter - 🧪 Читаем shift из БД: 2025-10-16
2025-10-16 12:48:06 INFO  c.e.s.f.s.i.JpaShiftAdapter - ⏱ hourlyLabels = [08:00, 09:00, 10:00, 11:00, 12:30, 13:30, 14:30, 15:30, 16:30, 17:30, 18:30, 19:30, 20:30, 21:30, 22:30, 23:30, 00:30, 01:30, 02:30, 03:30]
2025-10-16 12:48:07 INFO  c.e.s.f.s.i.JpaShiftAdapter - 📊 hourlyActual = [0, 0, 0, 0, 4, 0, 0, 0, 0, 0, 0, 0, 0, 0, 0, 0, 0, 0, 0, 0]
2025-10-16 12:48:07 INFO  c.e.s.f.s.a.e.ShiftUpdatedListener - 📤 Отправлен ShiftView в /topic/shift-updates: ShiftView[date=2025-10-16, actual=[0, 0, 0, 0, 4, 0, 0, 0, 0, 0, 0, 0, 0, 0, 0, 0, 0, 0, 0, 0], plan=[360, 480, 480, 480, 480, 480, 480, 480, 480, 480, 480, 480, 480, 480, 480, 480, 480, 480, 480, 360], hours=[08:00, 09:00, 10:00, 11:00, 12:30, 13:30, 14:30, 15:30, 16:30, 17:30, 18:30, 19:30, 20:30, 21:30, 22:30, 23:30, 00:30, 01:30, 02:30, 03:30]]
2025-10-16 12:48:07 INFO  c.e.s.f.s.i.JpaShiftAdapter - 🧪 Читаем shift из БД: 2025-10-16
2025-10-16 12:48:07 INFO  c.e.s.f.s.i.JpaShiftAdapter - ⏱ hourlyLabels = [08:00, 09:00, 10:00, 11:00, 12:30, 13:30, 14:30, 15:30, 16:30, 17:30, 18:30, 19:30, 20:30, 21:30, 22:30, 23:30, 00:30, 01:30, 02:30, 03:30]
2025-10-16 12:48:07 INFO  c.e.s.f.s.i.JpaShiftAdapter - 📊 hourlyActual = [0, 0, 0, 0, 4, 0, 0, 0, 0, 0, 0, 0, 0, 0, 0, 0, 0, 0, 0, 0]
2025-10-16 12:48:07 DEBUG c.e.s.f.s.i.ShiftSettingsApplier - ✅ Настройки не изменились, смена актуальна: 2025-10-16
2025-10-16 12:48:08 INFO  c.e.s.f.c.a.StoppageReconcilesService - Reconciled date=2025-10-16, hourIndex=4 -> saved 2 auto-stoppage(s)
2025-10-16 12:48:18 INFO  c.e.s.f.s.a.web.SignalController - 📡 Сигнал получен: сенсор = main, дата смены = 2025-10-15
2025-10-16 12:48:18 INFO  c.e.s.f.s.a.e.ProductDetectedListener - [EVENT] Product detected at 2025-10-16T12:48:18.404127600
2025-10-16 12:48:18 INFO  c.e.s.f.s.i.JpaShiftAdapter - 🧪 Читаем shift из БД: 2025-10-16
2025-10-16 12:48:18 INFO  c.e.s.f.s.i.JpaShiftAdapter - ⏱ hourlyLabels = [08:00, 09:00, 10:00, 11:00, 12:30, 13:30, 14:30, 15:30, 16:30, 17:30, 18:30, 19:30, 20:30, 21:30, 22:30, 23:30, 00:30, 01:30, 02:30, 03:30]
2025-10-16 12:48:18 INFO  c.e.s.f.s.i.JpaShiftAdapter - 📊 hourlyActual = [0, 0, 0, 0, 4, 0, 0, 0, 0, 0, 0, 0, 0, 0, 0, 0, 0, 0, 0, 0]
2025-10-16 12:48:18 DEBUG c.e.s.f.s.i.ShiftSettingsApplier - ✅ Настройки не изменились, смена актуальна: 2025-10-16
2025-10-16 12:48:18 INFO  c.e.s.f.s.i.ShiftSettingsApplier - 🔧 Обновлены часы смены: [08:00, 09:00, 10:00, 11:00, 12:30, 13:30, 14:30, 15:30, 16:30, 17:30, 18:30, 19:30, 20:30, 21:30, 22:30, 23:30, 00:30, 01:30, 02:30, 03:30]
2025-10-16 12:48:18 INFO  c.e.s.f.s.i.ShiftSettingsApplier - 📊 Применяем планы: [360, 480, 480, 480, 480, 480, 480, 480, 480, 480, 480, 480, 480, 480, 480, 480, 480, 480, 480, 360]
2025-10-16 12:48:18 INFO  c.e.s.f.s.i.JpaShiftAdapter - 📋 Сохраняем смену: date = 2025-10-16, labels = [08:00, 09:00, 10:00, 11:00, 12:30, 13:30, 14:30, 15:30, 16:30, 17:30, 18:30, 19:30, 20:30, 21:30, 22:30, 23:30, 00:30, 01:30, 02:30, 03:30], plan = [360, 480, 480, 480, 480, 480, 480, 480, 480, 480, 480, 480, 480, 480, 480, 480, 480, 480, 480, 360], actual = [0, 0, 0, 0, 5, 0, 0, 0, 0, 0, 0, 0, 0, 0, 0, 0, 0, 0, 0, 0]
2025-10-16 12:48:18 INFO  c.e.s.f.s.i.JpaShiftAdapter - 💾 Сохраняем actual: [0, 0, 0, 0, 5, 0, 0, 0, 0, 0, 0, 0, 0, 0, 0, 0, 0, 0, 0, 0]
2025-10-16 12:48:18 INFO  c.e.s.f.s.a.ShiftPlannerUseCase - 💾 Смена сохранена: 2025-10-16
2025-10-16 12:48:18 INFO  c.e.s.f.s.i.JpaShiftAdapter - 🧪 Читаем shift из БД: 2025-10-16
2025-10-16 12:48:18 INFO  c.e.s.f.s.i.JpaShiftAdapter - ⏱ hourlyLabels = [08:00, 09:00, 10:00, 11:00, 12:30, 13:30, 14:30, 15:30, 16:30, 17:30, 18:30, 19:30, 20:30, 21:30, 22:30, 23:30, 00:30, 01:30, 02:30, 03:30]
2025-10-16 12:48:18 INFO  c.e.s.f.s.i.JpaShiftAdapter - 📊 hourlyActual = [0, 0, 0, 0, 5, 0, 0, 0, 0, 0, 0, 0, 0, 0, 0, 0, 0, 0, 0, 0]
2025-10-16 12:48:18 INFO  c.e.s.f.s.a.e.ShiftUpdatedListener - 📤 Отправлен ShiftView в /topic/shift-updates: ShiftView[date=2025-10-16, actual=[0, 0, 0, 0, 5, 0, 0, 0, 0, 0, 0, 0, 0, 0, 0, 0, 0, 0, 0, 0], plan=[360, 480, 480, 480, 480, 480, 480, 480, 480, 480, 480, 480, 480, 480, 480, 480, 480, 480, 480, 360], hours=[08:00, 09:00, 10:00, 11:00, 12:30, 13:30, 14:30, 15:30, 16:30, 17:30, 18:30, 19:30, 20:30, 21:30, 22:30, 23:30, 00:30, 01:30, 02:30, 03:30]]
2025-10-16 12:48:19 INFO  c.e.s.f.s.i.JpaShiftAdapter - 🧪 Читаем shift из БД: 2025-10-16
2025-10-16 12:48:19 INFO  c.e.s.f.s.i.JpaShiftAdapter - ⏱ hourlyLabels = [08:00, 09:00, 10:00, 11:00, 12:30, 13:30, 14:30, 15:30, 16:30, 17:30, 18:30, 19:30, 20:30, 21:30, 22:30, 23:30, 00:30, 01:30, 02:30, 03:30]
2025-10-16 12:48:19 INFO  c.e.s.f.s.i.JpaShiftAdapter - 📊 hourlyActual = [0, 0, 0, 0, 5, 0, 0, 0, 0, 0, 0, 0, 0, 0, 0, 0, 0, 0, 0, 0]
2025-10-16 12:48:19 DEBUG c.e.s.f.s.i.ShiftSettingsApplier - ✅ Настройки не изменились, смена актуальна: 2025-10-16
2025-10-16 12:48:19 INFO  c.e.s.f.c.a.StoppageReconcilesService - Reconciled date=2025-10-16, hourIndex=4 -> saved 2 auto-stoppage(s)
2025-10-16 12:48:29 INFO  c.e.s.f.s.a.web.SignalController - 📡 Сигнал получен: сенсор = main, дата смены = 2025-10-15
2025-10-16 12:48:31 INFO  c.e.s.f.s.a.e.ProductDetectedListener - [EVENT] Product detected at 2025-10-16T12:48:29.255302
2025-10-16 12:48:31 INFO  c.e.s.f.s.i.JpaShiftAdapter - 🧪 Читаем shift из БД: 2025-10-16
2025-10-16 12:48:31 INFO  c.e.s.f.s.i.JpaShiftAdapter - ⏱ hourlyLabels = [08:00, 09:00, 10:00, 11:00, 12:30, 13:30, 14:30, 15:30, 16:30, 17:30, 18:30, 19:30, 20:30, 21:30, 22:30, 23:30, 00:30, 01:30, 02:30, 03:30]
2025-10-16 12:48:31 INFO  c.e.s.f.s.i.JpaShiftAdapter - 📊 hourlyActual = [0, 0, 0, 0, 5, 0, 0, 0, 0, 0, 0, 0, 0, 0, 0, 0, 0, 0, 0, 0]
2025-10-16 12:48:31 DEBUG c.e.s.f.s.i.ShiftSettingsApplier - ✅ Настройки не изменились, смена актуальна: 2025-10-16
2025-10-16 12:48:31 INFO  c.e.s.f.s.i.ShiftSettingsApplier - 🔧 Обновлены часы смены: [08:00, 09:00, 10:00, 11:00, 12:30, 13:30, 14:30, 15:30, 16:30, 17:30, 18:30, 19:30, 20:30, 21:30, 22:30, 23:30, 00:30, 01:30, 02:30, 03:30]
2025-10-16 12:48:31 INFO  c.e.s.f.s.i.ShiftSettingsApplier - 📊 Применяем планы: [360, 480, 480, 480, 480, 480, 480, 480, 480, 480, 480, 480, 480, 480, 480, 480, 480, 480, 480, 360]
2025-10-16 12:48:31 INFO  c.e.s.f.s.i.JpaShiftAdapter - 📋 Сохраняем смену: date = 2025-10-16, labels = [08:00, 09:00, 10:00, 11:00, 12:30, 13:30, 14:30, 15:30, 16:30, 17:30, 18:30, 19:30, 20:30, 21:30, 22:30, 23:30, 00:30, 01:30, 02:30, 03:30], plan = [360, 480, 480, 480, 480, 480, 480, 480, 480, 480, 480, 480, 480, 480, 480, 480, 480, 480, 480, 360], actual = [0, 0, 0, 0, 6, 0, 0, 0, 0, 0, 0, 0, 0, 0, 0, 0, 0, 0, 0, 0]
2025-10-16 12:48:31 INFO  c.e.s.f.s.i.JpaShiftAdapter - 💾 Сохраняем actual: [0, 0, 0, 0, 6, 0, 0, 0, 0, 0, 0, 0, 0, 0, 0, 0, 0, 0, 0, 0]
2025-10-16 12:48:31 INFO  c.e.s.f.s.a.ShiftPlannerUseCase - 💾 Смена сохранена: 2025-10-16
2025-10-16 12:48:32 INFO  c.e.s.f.s.i.JpaShiftAdapter - 🧪 Читаем shift из БД: 2025-10-16
2025-10-16 12:48:32 INFO  c.e.s.f.s.i.JpaShiftAdapter - ⏱ hourlyLabels = [08:00, 09:00, 10:00, 11:00, 12:30, 13:30, 14:30, 15:30, 16:30, 17:30, 18:30, 19:30, 20:30, 21:30, 22:30, 23:30, 00:30, 01:30, 02:30, 03:30]
2025-10-16 12:48:32 INFO  c.e.s.f.s.i.JpaShiftAdapter - 📊 hourlyActual = [0, 0, 0, 0, 6, 0, 0, 0, 0, 0, 0, 0, 0, 0, 0, 0, 0, 0, 0, 0]
2025-10-16 12:48:32 INFO  c.e.s.f.s.a.e.ShiftUpdatedListener - 📤 Отправлен ShiftView в /topic/shift-updates: ShiftView[date=2025-10-16, actual=[0, 0, 0, 0, 6, 0, 0, 0, 0, 0, 0, 0, 0, 0, 0, 0, 0, 0, 0, 0], plan=[360, 480, 480, 480, 480, 480, 480, 480, 480, 480, 480, 480, 480, 480, 480, 480, 480, 480, 480, 360], hours=[08:00, 09:00, 10:00, 11:00, 12:30, 13:30, 14:30, 15:30, 16:30, 17:30, 18:30, 19:30, 20:30, 21:30, 22:30, 23:30, 00:30, 01:30, 02:30, 03:30]]
2025-10-16 12:48:32 INFO  c.e.s.f.s.i.JpaShiftAdapter - 🧪 Читаем shift из БД: 2025-10-16
2025-10-16 12:48:32 INFO  c.e.s.f.s.i.JpaShiftAdapter - ⏱ hourlyLabels = [08:00, 09:00, 10:00, 11:00, 12:30, 13:30, 14:30, 15:30, 16:30, 17:30, 18:30, 19:30, 20:30, 21:30, 22:30, 23:30, 00:30, 01:30, 02:30, 03:30]
2025-10-16 12:48:32 INFO  c.e.s.f.s.i.JpaShiftAdapter - 📊 hourlyActual = [0, 0, 0, 0, 6, 0, 0, 0, 0, 0, 0, 0, 0, 0, 0, 0, 0, 0, 0, 0]
2025-10-16 12:48:32 DEBUG c.e.s.f.s.i.ShiftSettingsApplier - ✅ Настройки не изменились, смена актуальна: 2025-10-16
2025-10-16 12:48:32 INFO  c.e.s.f.c.a.StoppageReconcilesService - Reconciled date=2025-10-16, hourIndex=4 -> saved 2 auto-stoppage(s)
2025-10-16 12:48:42 INFO  c.e.s.f.s.a.web.SignalController - 📡 Сигнал получен: сенсор = main, дата смены = 2025-10-15
2025-10-16 12:48:42 INFO  c.e.s.f.s.a.e.ProductDetectedListener - [EVENT] Product detected at 2025-10-16T12:48:42.505833700
2025-10-16 12:48:43 INFO  c.e.s.f.s.i.JpaShiftAdapter - 🧪 Читаем shift из БД: 2025-10-16
2025-10-16 12:48:43 INFO  c.e.s.f.s.i.JpaShiftAdapter - ⏱ hourlyLabels = [08:00, 09:00, 10:00, 11:00, 12:30, 13:30, 14:30, 15:30, 16:30, 17:30, 18:30, 19:30, 20:30, 21:30, 22:30, 23:30, 00:30, 01:30, 02:30, 03:30]
2025-10-16 12:48:43 INFO  c.e.s.f.s.i.JpaShiftAdapter - 📊 hourlyActual = [0, 0, 0, 0, 6, 0, 0, 0, 0, 0, 0, 0, 0, 0, 0, 0, 0, 0, 0, 0]
2025-10-16 12:48:43 DEBUG c.e.s.f.s.i.ShiftSettingsApplier - ✅ Настройки не изменились, смена актуальна: 2025-10-16
2025-10-16 12:48:43 INFO  c.e.s.f.s.i.ShiftSettingsApplier - 🔧 Обновлены часы смены: [08:00, 09:00, 10:00, 11:00, 12:30, 13:30, 14:30, 15:30, 16:30, 17:30, 18:30, 19:30, 20:30, 21:30, 22:30, 23:30, 00:30, 01:30, 02:30, 03:30]
2025-10-16 12:48:43 INFO  c.e.s.f.s.i.ShiftSettingsApplier - 📊 Применяем планы: [360, 480, 480, 480, 480, 480, 480, 480, 480, 480, 480, 480, 480, 480, 480, 480, 480, 480, 480, 360]
2025-10-16 12:48:43 INFO  c.e.s.f.s.i.JpaShiftAdapter - 📋 Сохраняем смену: date = 2025-10-16, labels = [08:00, 09:00, 10:00, 11:00, 12:30, 13:30, 14:30, 15:30, 16:30, 17:30, 18:30, 19:30, 20:30, 21:30, 22:30, 23:30, 00:30, 01:30, 02:30, 03:30], plan = [360, 480, 480, 480, 480, 480, 480, 480, 480, 480, 480, 480, 480, 480, 480, 480, 480, 480, 480, 360], actual = [0, 0, 0, 0, 7, 0, 0, 0, 0, 0, 0, 0, 0, 0, 0, 0, 0, 0, 0, 0]
2025-10-16 12:48:43 INFO  c.e.s.f.s.i.JpaShiftAdapter - 💾 Сохраняем actual: [0, 0, 0, 0, 7, 0, 0, 0, 0, 0, 0, 0, 0, 0, 0, 0, 0, 0, 0, 0]
2025-10-16 12:48:43 INFO  c.e.s.f.s.a.ShiftPlannerUseCase - 💾 Смена сохранена: 2025-10-16
2025-10-16 12:48:43 INFO  c.e.s.f.s.i.JpaShiftAdapter - 🧪 Читаем shift из БД: 2025-10-16
2025-10-16 12:48:43 INFO  c.e.s.f.s.i.JpaShiftAdapter - ⏱ hourlyLabels = [08:00, 09:00, 10:00, 11:00, 12:30, 13:30, 14:30, 15:30, 16:30, 17:30, 18:30, 19:30, 20:30, 21:30, 22:30, 23:30, 00:30, 01:30, 02:30, 03:30]
2025-10-16 12:48:43 INFO  c.e.s.f.s.i.JpaShiftAdapter - 📊 hourlyActual = [0, 0, 0, 0, 7, 0, 0, 0, 0, 0, 0, 0, 0, 0, 0, 0, 0, 0, 0, 0]
2025-10-16 12:48:43 INFO  c.e.s.f.s.a.e.ShiftUpdatedListener - 📤 Отправлен ShiftView в /topic/shift-updates: ShiftView[date=2025-10-16, actual=[0, 0, 0, 0, 7, 0, 0, 0, 0, 0, 0, 0, 0, 0, 0, 0, 0, 0, 0, 0], plan=[360, 480, 480, 480, 480, 480, 480, 480, 480, 480, 480, 480, 480, 480, 480, 480, 480, 480, 480, 360], hours=[08:00, 09:00, 10:00, 11:00, 12:30, 13:30, 14:30, 15:30, 16:30, 17:30, 18:30, 19:30, 20:30, 21:30, 22:30, 23:30, 00:30, 01:30, 02:30, 03:30]]
2025-10-16 12:48:43 INFO  c.e.s.f.s.i.JpaShiftAdapter - 🧪 Читаем shift из БД: 2025-10-16
2025-10-16 12:48:43 INFO  c.e.s.f.s.i.JpaShiftAdapter - ⏱ hourlyLabels = [08:00, 09:00, 10:00, 11:00, 12:30, 13:30, 14:30, 15:30, 16:30, 17:30, 18:30, 19:30, 20:30, 21:30, 22:30, 23:30, 00:30, 01:30, 02:30, 03:30]
2025-10-16 12:48:43 INFO  c.e.s.f.s.i.JpaShiftAdapter - 📊 hourlyActual = [0, 0, 0, 0, 7, 0, 0, 0, 0, 0, 0, 0, 0, 0, 0, 0, 0, 0, 0, 0]
2025-10-16 12:48:43 DEBUG c.e.s.f.s.i.ShiftSettingsApplier - ✅ Настройки не изменились, смена актуальна: 2025-10-16
2025-10-16 12:48:43 INFO  c.e.s.f.c.a.StoppageReconcilesService - Reconciled date=2025-10-16, hourIndex=4 -> saved 2 auto-stoppage(s)
2025-10-16 12:48:53 INFO  c.e.s.f.s.a.web.SignalController - 📡 Сигнал получен: сенсор = main, дата смены = 2025-10-15
2025-10-16 12:48:54 INFO  c.e.s.f.s.a.e.ProductDetectedListener - [EVENT] Product detected at 2025-10-16T12:48:53.964751700
2025-10-16 12:48:54 INFO  c.e.s.f.s.i.JpaShiftAdapter - 🧪 Читаем shift из БД: 2025-10-16
2025-10-16 12:48:54 INFO  c.e.s.f.s.i.JpaShiftAdapter - ⏱ hourlyLabels = [08:00, 09:00, 10:00, 11:00, 12:30, 13:30, 14:30, 15:30, 16:30, 17:30, 18:30, 19:30, 20:30, 21:30, 22:30, 23:30, 00:30, 01:30, 02:30, 03:30]
2025-10-16 12:48:54 INFO  c.e.s.f.s.i.JpaShiftAdapter - 📊 hourlyActual = [0, 0, 0, 0, 7, 0, 0, 0, 0, 0, 0, 0, 0, 0, 0, 0, 0, 0, 0, 0]
2025-10-16 12:48:54 DEBUG c.e.s.f.s.i.ShiftSettingsApplier - ✅ Настройки не изменились, смена актуальна: 2025-10-16
2025-10-16 12:48:54 INFO  c.e.s.f.s.i.ShiftSettingsApplier - 🔧 Обновлены часы смены: [08:00, 09:00, 10:00, 11:00, 12:30, 13:30, 14:30, 15:30, 16:30, 17:30, 18:30, 19:30, 20:30, 21:30, 22:30, 23:30, 00:30, 01:30, 02:30, 03:30]
2025-10-16 12:48:54 INFO  c.e.s.f.s.i.ShiftSettingsApplier - 📊 Применяем планы: [360, 480, 480, 480, 480, 480, 480, 480, 480, 480, 480, 480, 480, 480, 480, 480, 480, 480, 480, 360]
2025-10-16 12:48:54 INFO  c.e.s.f.s.i.JpaShiftAdapter - 📋 Сохраняем смену: date = 2025-10-16, labels = [08:00, 09:00, 10:00, 11:00, 12:30, 13:30, 14:30, 15:30, 16:30, 17:30, 18:30, 19:30, 20:30, 21:30, 22:30, 23:30, 00:30, 01:30, 02:30, 03:30], plan = [360, 480, 480, 480, 480, 480, 480, 480, 480, 480, 480, 480, 480, 480, 480, 480, 480, 480, 480, 360], actual = [0, 0, 0, 0, 8, 0, 0, 0, 0, 0, 0, 0, 0, 0, 0, 0, 0, 0, 0, 0]
2025-10-16 12:48:54 INFO  c.e.s.f.s.i.JpaShiftAdapter - 💾 Сохраняем actual: [0, 0, 0, 0, 8, 0, 0, 0, 0, 0, 0, 0, 0, 0, 0, 0, 0, 0, 0, 0]
2025-10-16 12:48:54 INFO  c.e.s.f.s.a.ShiftPlannerUseCase - 💾 Смена сохранена: 2025-10-16
2025-10-16 12:48:54 INFO  c.e.s.f.s.i.JpaShiftAdapter - 🧪 Читаем shift из БД: 2025-10-16
2025-10-16 12:48:54 INFO  c.e.s.f.s.i.JpaShiftAdapter - ⏱ hourlyLabels = [08:00, 09:00, 10:00, 11:00, 12:30, 13:30, 14:30, 15:30, 16:30, 17:30, 18:30, 19:30, 20:30, 21:30, 22:30, 23:30, 00:30, 01:30, 02:30, 03:30]
2025-10-16 12:48:54 INFO  c.e.s.f.s.i.JpaShiftAdapter - 📊 hourlyActual = [0, 0, 0, 0, 8, 0, 0, 0, 0, 0, 0, 0, 0, 0, 0, 0, 0, 0, 0, 0]
2025-10-16 12:48:54 INFO  c.e.s.f.s.a.e.ShiftUpdatedListener - 📤 Отправлен ShiftView в /topic/shift-updates: ShiftView[date=2025-10-16, actual=[0, 0, 0, 0, 8, 0, 0, 0, 0, 0, 0, 0, 0, 0, 0, 0, 0, 0, 0, 0], plan=[360, 480, 480, 480, 480, 480, 480, 480, 480, 480, 480, 480, 480, 480, 480, 480, 480, 480, 480, 360], hours=[08:00, 09:00, 10:00, 11:00, 12:30, 13:30, 14:30, 15:30, 16:30, 17:30, 18:30, 19:30, 20:30, 21:30, 22:30, 23:30, 00:30, 01:30, 02:30, 03:30]]
2025-10-16 12:48:54 INFO  c.e.s.f.s.i.JpaShiftAdapter - 🧪 Читаем shift из БД: 2025-10-16
2025-10-16 12:48:54 INFO  c.e.s.f.s.i.JpaShiftAdapter - ⏱ hourlyLabels = [08:00, 09:00, 10:00, 11:00, 12:30, 13:30, 14:30, 15:30, 16:30, 17:30, 18:30, 19:30, 20:30, 21:30, 22:30, 23:30, 00:30, 01:30, 02:30, 03:30]
2025-10-16 12:48:54 INFO  c.e.s.f.s.i.JpaShiftAdapter - 📊 hourlyActual = [0, 0, 0, 0, 8, 0, 0, 0, 0, 0, 0, 0, 0, 0, 0, 0, 0, 0, 0, 0]
2025-10-16 12:48:54 DEBUG c.e.s.f.s.i.ShiftSettingsApplier - ✅ Настройки не изменились, смена актуальна: 2025-10-16
2025-10-16 12:48:54 INFO  c.e.s.f.c.a.StoppageReconcilesService - Reconciled date=2025-10-16, hourIndex=4 -> saved 2 auto-stoppage(s)
2025-10-16 12:49:04 INFO  c.e.s.f.s.a.web.SignalController - 📡 Сигнал получен: сенсор = main, дата смены = 2025-10-15
2025-10-16 12:49:07 INFO  c.e.s.f.s.a.e.ProductDetectedListener - [EVENT] Product detected at 2025-10-16T12:49:04.998121600
2025-10-16 12:49:09 INFO  c.e.s.f.s.i.JpaShiftAdapter - 🧪 Читаем shift из БД: 2025-10-16
2025-10-16 12:49:09 INFO  c.e.s.f.s.i.JpaShiftAdapter - ⏱ hourlyLabels = [08:00, 09:00, 10:00, 11:00, 12:30, 13:30, 14:30, 15:30, 16:30, 17:30, 18:30, 19:30, 20:30, 21:30, 22:30, 23:30, 00:30, 01:30, 02:30, 03:30]
2025-10-16 12:49:09 INFO  c.e.s.f.s.i.JpaShiftAdapter - 📊 hourlyActual = [0, 0, 0, 0, 8, 0, 0, 0, 0, 0, 0, 0, 0, 0, 0, 0, 0, 0, 0, 0]
2025-10-16 12:49:09 DEBUG c.e.s.f.s.i.ShiftSettingsApplier - ✅ Настройки не изменились, смена актуальна: 2025-10-16
2025-10-16 12:49:09 INFO  c.e.s.f.s.i.ShiftSettingsApplier - 🔧 Обновлены часы смены: [08:00, 09:00, 10:00, 11:00, 12:30, 13:30, 14:30, 15:30, 16:30, 17:30, 18:30, 19:30, 20:30, 21:30, 22:30, 23:30, 00:30, 01:30, 02:30, 03:30]
2025-10-16 12:49:09 INFO  c.e.s.f.s.i.ShiftSettingsApplier - 📊 Применяем планы: [360, 480, 480, 480, 480, 480, 480, 480, 480, 480, 480, 480, 480, 480, 480, 480, 480, 480, 480, 360]
2025-10-16 12:49:09 INFO  c.e.s.f.s.i.JpaShiftAdapter - 📋 Сохраняем смену: date = 2025-10-16, labels = [08:00, 09:00, 10:00, 11:00, 12:30, 13:30, 14:30, 15:30, 16:30, 17:30, 18:30, 19:30, 20:30, 21:30, 22:30, 23:30, 00:30, 01:30, 02:30, 03:30], plan = [360, 480, 480, 480, 480, 480, 480, 480, 480, 480, 480, 480, 480, 480, 480, 480, 480, 480, 480, 360], actual = [0, 0, 0, 0, 9, 0, 0, 0, 0, 0, 0, 0, 0, 0, 0, 0, 0, 0, 0, 0]
2025-10-16 12:49:09 INFO  c.e.s.f.s.i.JpaShiftAdapter - 💾 Сохраняем actual: [0, 0, 0, 0, 9, 0, 0, 0, 0, 0, 0, 0, 0, 0, 0, 0, 0, 0, 0, 0]
2025-10-16 12:49:09 INFO  c.e.s.f.s.a.ShiftPlannerUseCase - 💾 Смена сохранена: 2025-10-16
2025-10-16 12:49:09 INFO  c.e.s.f.s.i.JpaShiftAdapter - 🧪 Читаем shift из БД: 2025-10-16
2025-10-16 12:49:09 INFO  c.e.s.f.s.i.JpaShiftAdapter - ⏱ hourlyLabels = [08:00, 09:00, 10:00, 11:00, 12:30, 13:30, 14:30, 15:30, 16:30, 17:30, 18:30, 19:30, 20:30, 21:30, 22:30, 23:30, 00:30, 01:30, 02:30, 03:30]
2025-10-16 12:49:09 INFO  c.e.s.f.s.i.JpaShiftAdapter - 📊 hourlyActual = [0, 0, 0, 0, 9, 0, 0, 0, 0, 0, 0, 0, 0, 0, 0, 0, 0, 0, 0, 0]
2025-10-16 12:49:09 INFO  c.e.s.f.s.a.e.ShiftUpdatedListener - 📤 Отправлен ShiftView в /topic/shift-updates: ShiftView[date=2025-10-16, actual=[0, 0, 0, 0, 9, 0, 0, 0, 0, 0, 0, 0, 0, 0, 0, 0, 0, 0, 0, 0], plan=[360, 480, 480, 480, 480, 480, 480, 480, 480, 480, 480, 480, 480, 480, 480, 480, 480, 480, 480, 360], hours=[08:00, 09:00, 10:00, 11:00, 12:30, 13:30, 14:30, 15:30, 16:30, 17:30, 18:30, 19:30, 20:30, 21:30, 22:30, 23:30, 00:30, 01:30, 02:30, 03:30]]
2025-10-16 12:49:09 INFO  c.e.s.f.s.i.JpaShiftAdapter - 🧪 Читаем shift из БД: 2025-10-16
2025-10-16 12:49:09 INFO  c.e.s.f.s.i.JpaShiftAdapter - ⏱ hourlyLabels = [08:00, 09:00, 10:00, 11:00, 12:30, 13:30, 14:30, 15:30, 16:30, 17:30, 18:30, 19:30, 20:30, 21:30, 22:30, 23:30, 00:30, 01:30, 02:30, 03:30]
2025-10-16 12:49:09 INFO  c.e.s.f.s.i.JpaShiftAdapter - 📊 hourlyActual = [0, 0, 0, 0, 9, 0, 0, 0, 0, 0, 0, 0, 0, 0, 0, 0, 0, 0, 0, 0]
2025-10-16 12:49:10 DEBUG c.e.s.f.s.i.ShiftSettingsApplier - ✅ Настройки не изменились, смена актуальна: 2025-10-16
2025-10-16 12:49:10 INFO  c.e.s.f.c.a.StoppageReconcilesService - Reconciled date=2025-10-16, hourIndex=4 -> saved 2 auto-stoppage(s)
2025-10-16 12:49:20 INFO  c.e.s.f.s.a.web.SignalController - 📡 Сигнал получен: сенсор = main, дата смены = 2025-10-15
2025-10-16 12:49:26 INFO  c.e.s.f.s.a.e.ProductDetectedListener - [EVENT] Product detected at 2025-10-16T12:49:20.416644300
2025-10-16 12:49:27 INFO  c.e.s.f.s.i.JpaShiftAdapter - 🧪 Читаем shift из БД: 2025-10-16
2025-10-16 12:49:27 INFO  c.e.s.f.s.i.JpaShiftAdapter - ⏱ hourlyLabels = [08:00, 09:00, 10:00, 11:00, 12:30, 13:30, 14:30, 15:30, 16:30, 17:30, 18:30, 19:30, 20:30, 21:30, 22:30, 23:30, 00:30, 01:30, 02:30, 03:30]
2025-10-16 12:49:27 INFO  c.e.s.f.s.i.JpaShiftAdapter - 📊 hourlyActual = [0, 0, 0, 0, 9, 0, 0, 0, 0, 0, 0, 0, 0, 0, 0, 0, 0, 0, 0, 0]
2025-10-16 12:49:27 DEBUG c.e.s.f.s.i.ShiftSettingsApplier - ✅ Настройки не изменились, смена актуальна: 2025-10-16
2025-10-16 12:49:27 INFO  c.e.s.f.s.i.ShiftSettingsApplier - 🔧 Обновлены часы смены: [08:00, 09:00, 10:00, 11:00, 12:30, 13:30, 14:30, 15:30, 16:30, 17:30, 18:30, 19:30, 20:30, 21:30, 22:30, 23:30, 00:30, 01:30, 02:30, 03:30]
2025-10-16 12:49:27 INFO  c.e.s.f.s.i.ShiftSettingsApplier - 📊 Применяем планы: [360, 480, 480, 480, 480, 480, 480, 480, 480, 480, 480, 480, 480, 480, 480, 480, 480, 480, 480, 360]
2025-10-16 12:49:27 INFO  c.e.s.f.s.i.JpaShiftAdapter - 📋 Сохраняем смену: date = 2025-10-16, labels = [08:00, 09:00, 10:00, 11:00, 12:30, 13:30, 14:30, 15:30, 16:30, 17:30, 18:30, 19:30, 20:30, 21:30, 22:30, 23:30, 00:30, 01:30, 02:30, 03:30], plan = [360, 480, 480, 480, 480, 480, 480, 480, 480, 480, 480, 480, 480, 480, 480, 480, 480, 480, 480, 360], actual = [0, 0, 0, 0, 10, 0, 0, 0, 0, 0, 0, 0, 0, 0, 0, 0, 0, 0, 0, 0]
2025-10-16 12:49:28 INFO  c.e.s.f.s.i.JpaShiftAdapter - 💾 Сохраняем actual: [0, 0, 0, 0, 10, 0, 0, 0, 0, 0, 0, 0, 0, 0, 0, 0, 0, 0, 0, 0]
2025-10-16 12:49:29 INFO  c.e.s.f.s.a.ShiftPlannerUseCase - 💾 Смена сохранена: 2025-10-16
2025-10-16 12:49:29 INFO  c.e.s.f.s.i.JpaShiftAdapter - 🧪 Читаем shift из БД: 2025-10-16
2025-10-16 12:49:29 INFO  c.e.s.f.s.i.JpaShiftAdapter - ⏱ hourlyLabels = [08:00, 09:00, 10:00, 11:00, 12:30, 13:30, 14:30, 15:30, 16:30, 17:30, 18:30, 19:30, 20:30, 21:30, 22:30, 23:30, 00:30, 01:30, 02:30, 03:30]
2025-10-16 12:49:29 INFO  c.e.s.f.s.i.JpaShiftAdapter - 📊 hourlyActual = [0, 0, 0, 0, 10, 0, 0, 0, 0, 0, 0, 0, 0, 0, 0, 0, 0, 0, 0, 0]
2025-10-16 12:49:29 INFO  c.e.s.f.s.a.e.ShiftUpdatedListener - 📤 Отправлен ShiftView в /topic/shift-updates: ShiftView[date=2025-10-16, actual=[0, 0, 0, 0, 10, 0, 0, 0, 0, 0, 0, 0, 0, 0, 0, 0, 0, 0, 0, 0], plan=[360, 480, 480, 480, 480, 480, 480, 480, 480, 480, 480, 480, 480, 480, 480, 480, 480, 480, 480, 360], hours=[08:00, 09:00, 10:00, 11:00, 12:30, 13:30, 14:30, 15:30, 16:30, 17:30, 18:30, 19:30, 20:30, 21:30, 22:30, 23:30, 00:30, 01:30, 02:30, 03:30]]
2025-10-16 12:49:30 INFO  c.e.s.f.s.i.JpaShiftAdapter - 🧪 Читаем shift из БД: 2025-10-16
2025-10-16 12:49:30 INFO  c.e.s.f.s.i.JpaShiftAdapter - ⏱ hourlyLabels = [08:00, 09:00, 10:00, 11:00, 12:30, 13:30, 14:30, 15:30, 16:30, 17:30, 18:30, 19:30, 20:30, 21:30, 22:30, 23:30, 00:30, 01:30, 02:30, 03:30]
2025-10-16 12:49:30 INFO  c.e.s.f.s.i.JpaShiftAdapter - 📊 hourlyActual = [0, 0, 0, 0, 10, 0, 0, 0, 0, 0, 0, 0, 0, 0, 0, 0, 0, 0, 0, 0]
2025-10-16 12:49:30 DEBUG c.e.s.f.s.i.ShiftSettingsApplier - ✅ Настройки не изменились, смена актуальна: 2025-10-16
2025-10-16 12:49:31 INFO  c.e.s.f.c.a.StoppageReconcilesService - Reconciled date=2025-10-16, hourIndex=4 -> saved 2 auto-stoppage(s)
2025-10-16 12:49:42 INFO  c.e.s.f.s.a.web.SignalController - 📡 Сигнал получен: сенсор = main, дата смены = 2025-10-15
2025-10-16 12:49:43 INFO  c.e.s.f.s.a.e.ProductDetectedListener - [EVENT] Product detected at 2025-10-16T12:49:42.409647700
2025-10-16 12:49:44 INFO  c.e.s.f.s.i.JpaShiftAdapter - 🧪 Читаем shift из БД: 2025-10-16
2025-10-16 12:49:44 INFO  c.e.s.f.s.i.JpaShiftAdapter - ⏱ hourlyLabels = [08:00, 09:00, 10:00, 11:00, 12:30, 13:30, 14:30, 15:30, 16:30, 17:30, 18:30, 19:30, 20:30, 21:30, 22:30, 23:30, 00:30, 01:30, 02:30, 03:30]
2025-10-16 12:49:44 INFO  c.e.s.f.s.i.JpaShiftAdapter - 📊 hourlyActual = [0, 0, 0, 0, 10, 0, 0, 0, 0, 0, 0, 0, 0, 0, 0, 0, 0, 0, 0, 0]
2025-10-16 12:49:44 DEBUG c.e.s.f.s.i.ShiftSettingsApplier - ✅ Настройки не изменились, смена актуальна: 2025-10-16
2025-10-16 12:49:44 INFO  c.e.s.f.s.i.ShiftSettingsApplier - 🔧 Обновлены часы смены: [08:00, 09:00, 10:00, 11:00, 12:30, 13:30, 14:30, 15:30, 16:30, 17:30, 18:30, 19:30, 20:30, 21:30, 22:30, 23:30, 00:30, 01:30, 02:30, 03:30]
2025-10-16 12:49:44 INFO  c.e.s.f.s.i.ShiftSettingsApplier - 📊 Применяем планы: [360, 480, 480, 480, 480, 480, 480, 480, 480, 480, 480, 480, 480, 480, 480, 480, 480, 480, 480, 360]
2025-10-16 12:49:44 INFO  c.e.s.f.s.i.JpaShiftAdapter - 📋 Сохраняем смену: date = 2025-10-16, labels = [08:00, 09:00, 10:00, 11:00, 12:30, 13:30, 14:30, 15:30, 16:30, 17:30, 18:30, 19:30, 20:30, 21:30, 22:30, 23:30, 00:30, 01:30, 02:30, 03:30], plan = [360, 480, 480, 480, 480, 480, 480, 480, 480, 480, 480, 480, 480, 480, 480, 480, 480, 480, 480, 360], actual = [0, 0, 0, 0, 11, 0, 0, 0, 0, 0, 0, 0, 0, 0, 0, 0, 0, 0, 0, 0]
2025-10-16 12:49:44 INFO  c.e.s.f.s.i.JpaShiftAdapter - 💾 Сохраняем actual: [0, 0, 0, 0, 11, 0, 0, 0, 0, 0, 0, 0, 0, 0, 0, 0, 0, 0, 0, 0]
2025-10-16 12:49:45 INFO  c.e.s.f.s.a.ShiftPlannerUseCase - 💾 Смена сохранена: 2025-10-16
2025-10-16 12:49:45 INFO  c.e.s.f.s.i.JpaShiftAdapter - 🧪 Читаем shift из БД: 2025-10-16
2025-10-16 12:49:45 INFO  c.e.s.f.s.i.JpaShiftAdapter - ⏱ hourlyLabels = [08:00, 09:00, 10:00, 11:00, 12:30, 13:30, 14:30, 15:30, 16:30, 17:30, 18:30, 19:30, 20:30, 21:30, 22:30, 23:30, 00:30, 01:30, 02:30, 03:30]
2025-10-16 12:49:45 INFO  c.e.s.f.s.i.JpaShiftAdapter - 📊 hourlyActual = [0, 0, 0, 0, 11, 0, 0, 0, 0, 0, 0, 0, 0, 0, 0, 0, 0, 0, 0, 0]
2025-10-16 12:49:45 INFO  c.e.s.f.s.a.e.ShiftUpdatedListener - 📤 Отправлен ShiftView в /topic/shift-updates: ShiftView[date=2025-10-16, actual=[0, 0, 0, 0, 11, 0, 0, 0, 0, 0, 0, 0, 0, 0, 0, 0, 0, 0, 0, 0], plan=[360, 480, 480, 480, 480, 480, 480, 480, 480, 480, 480, 480, 480, 480, 480, 480, 480, 480, 480, 360], hours=[08:00, 09:00, 10:00, 11:00, 12:30, 13:30, 14:30, 15:30, 16:30, 17:30, 18:30, 19:30, 20:30, 21:30, 22:30, 23:30, 00:30, 01:30, 02:30, 03:30]]
2025-10-16 12:49:45 INFO  c.e.s.f.s.i.JpaShiftAdapter - 🧪 Читаем shift из БД: 2025-10-16
2025-10-16 12:49:45 INFO  c.e.s.f.s.i.JpaShiftAdapter - ⏱ hourlyLabels = [08:00, 09:00, 10:00, 11:00, 12:30, 13:30, 14:30, 15:30, 16:30, 17:30, 18:30, 19:30, 20:30, 21:30, 22:30, 23:30, 00:30, 01:30, 02:30, 03:30]
2025-10-16 12:49:45 INFO  c.e.s.f.s.i.JpaShiftAdapter - 📊 hourlyActual = [0, 0, 0, 0, 11, 0, 0, 0, 0, 0, 0, 0, 0, 0, 0, 0, 0, 0, 0, 0]
2025-10-16 12:49:45 DEBUG c.e.s.f.s.i.ShiftSettingsApplier - ✅ Настройки не изменились, смена актуальна: 2025-10-16
2025-10-16 12:49:45 INFO  c.e.s.f.c.a.StoppageReconcilesService - Reconciled date=2025-10-16, hourIndex=4 -> saved 2 auto-stoppage(s)
2025-10-16 12:49:55 INFO  c.e.s.f.s.a.web.SignalController - 📡 Сигнал получен: сенсор = main, дата смены = 2025-10-15
2025-10-16 12:49:55 INFO  c.e.s.f.s.a.e.ProductDetectedListener - [EVENT] Product detected at 2025-10-16T12:49:55.512731400
2025-10-16 12:49:55 INFO  c.e.s.f.s.i.JpaShiftAdapter - 🧪 Читаем shift из БД: 2025-10-16
2025-10-16 12:49:55 INFO  c.e.s.f.s.i.JpaShiftAdapter - ⏱ hourlyLabels = [08:00, 09:00, 10:00, 11:00, 12:30, 13:30, 14:30, 15:30, 16:30, 17:30, 18:30, 19:30, 20:30, 21:30, 22:30, 23:30, 00:30, 01:30, 02:30, 03:30]
2025-10-16 12:49:55 INFO  c.e.s.f.s.i.JpaShiftAdapter - 📊 hourlyActual = [0, 0, 0, 0, 11, 0, 0, 0, 0, 0, 0, 0, 0, 0, 0, 0, 0, 0, 0, 0]
2025-10-16 12:49:55 DEBUG c.e.s.f.s.i.ShiftSettingsApplier - ✅ Настройки не изменились, смена актуальна: 2025-10-16
2025-10-16 12:49:55 INFO  c.e.s.f.s.i.ShiftSettingsApplier - 🔧 Обновлены часы смены: [08:00, 09:00, 10:00, 11:00, 12:30, 13:30, 14:30, 15:30, 16:30, 17:30, 18:30, 19:30, 20:30, 21:30, 22:30, 23:30, 00:30, 01:30, 02:30, 03:30]
2025-10-16 12:49:55 INFO  c.e.s.f.s.i.ShiftSettingsApplier - 📊 Применяем планы: [360, 480, 480, 480, 480, 480, 480, 480, 480, 480, 480, 480, 480, 480, 480, 480, 480, 480, 480, 360]
2025-10-16 12:49:55 INFO  c.e.s.f.s.i.JpaShiftAdapter - 📋 Сохраняем смену: date = 2025-10-16, labels = [08:00, 09:00, 10:00, 11:00, 12:30, 13:30, 14:30, 15:30, 16:30, 17:30, 18:30, 19:30, 20:30, 21:30, 22:30, 23:30, 00:30, 01:30, 02:30, 03:30], plan = [360, 480, 480, 480, 480, 480, 480, 480, 480, 480, 480, 480, 480, 480, 480, 480, 480, 480, 480, 360], actual = [0, 0, 0, 0, 12, 0, 0, 0, 0, 0, 0, 0, 0, 0, 0, 0, 0, 0, 0, 0]
2025-10-16 12:49:55 INFO  c.e.s.f.s.i.JpaShiftAdapter - 💾 Сохраняем actual: [0, 0, 0, 0, 12, 0, 0, 0, 0, 0, 0, 0, 0, 0, 0, 0, 0, 0, 0, 0]
2025-10-16 12:49:55 INFO  c.e.s.f.s.a.ShiftPlannerUseCase - 💾 Смена сохранена: 2025-10-16
2025-10-16 12:49:55 INFO  c.e.s.f.s.i.JpaShiftAdapter - 🧪 Читаем shift из БД: 2025-10-16
2025-10-16 12:49:55 INFO  c.e.s.f.s.i.JpaShiftAdapter - ⏱ hourlyLabels = [08:00, 09:00, 10:00, 11:00, 12:30, 13:30, 14:30, 15:30, 16:30, 17:30, 18:30, 19:30, 20:30, 21:30, 22:30, 23:30, 00:30, 01:30, 02:30, 03:30]
2025-10-16 12:49:55 INFO  c.e.s.f.s.i.JpaShiftAdapter - 📊 hourlyActual = [0, 0, 0, 0, 12, 0, 0, 0, 0, 0, 0, 0, 0, 0, 0, 0, 0, 0, 0, 0]
2025-10-16 12:49:55 INFO  c.e.s.f.s.a.e.ShiftUpdatedListener - 📤 Отправлен ShiftView в /topic/shift-updates: ShiftView[date=2025-10-16, actual=[0, 0, 0, 0, 12, 0, 0, 0, 0, 0, 0, 0, 0, 0, 0, 0, 0, 0, 0, 0], plan=[360, 480, 480, 480, 480, 480, 480, 480, 480, 480, 480, 480, 480, 480, 480, 480, 480, 480, 480, 360], hours=[08:00, 09:00, 10:00, 11:00, 12:30, 13:30, 14:30, 15:30, 16:30, 17:30, 18:30, 19:30, 20:30, 21:30, 22:30, 23:30, 00:30, 01:30, 02:30, 03:30]]
2025-10-16 12:49:55 INFO  c.e.s.f.s.i.JpaShiftAdapter - 🧪 Читаем shift из БД: 2025-10-16
2025-10-16 12:49:55 INFO  c.e.s.f.s.i.JpaShiftAdapter - ⏱ hourlyLabels = [08:00, 09:00, 10:00, 11:00, 12:30, 13:30, 14:30, 15:30, 16:30, 17:30, 18:30, 19:30, 20:30, 21:30, 22:30, 23:30, 00:30, 01:30, 02:30, 03:30]
2025-10-16 12:49:55 INFO  c.e.s.f.s.i.JpaShiftAdapter - 📊 hourlyActual = [0, 0, 0, 0, 12, 0, 0, 0, 0, 0, 0, 0, 0, 0, 0, 0, 0, 0, 0, 0]
2025-10-16 12:49:55 DEBUG c.e.s.f.s.i.ShiftSettingsApplier - ✅ Настройки не изменились, смена актуальна: 2025-10-16
2025-10-16 12:49:55 INFO  c.e.s.f.c.a.StoppageReconcilesService - Reconciled date=2025-10-16, hourIndex=4 -> saved 2 auto-stoppage(s)
2025-10-16 12:50:06 INFO  c.e.s.f.s.a.web.SignalController - 📡 Сигнал получен: сенсор = main, дата смены = 2025-10-15
2025-10-16 12:50:06 INFO  c.e.s.f.s.a.e.ProductDetectedListener - [EVENT] Product detected at 2025-10-16T12:50:06.252349100
2025-10-16 12:50:06 INFO  c.e.s.f.s.i.JpaShiftAdapter - 🧪 Читаем shift из БД: 2025-10-16
2025-10-16 12:50:06 INFO  c.e.s.f.s.i.JpaShiftAdapter - ⏱ hourlyLabels = [08:00, 09:00, 10:00, 11:00, 12:30, 13:30, 14:30, 15:30, 16:30, 17:30, 18:30, 19:30, 20:30, 21:30, 22:30, 23:30, 00:30, 01:30, 02:30, 03:30]
2025-10-16 12:50:06 INFO  c.e.s.f.s.i.JpaShiftAdapter - 📊 hourlyActual = [0, 0, 0, 0, 12, 0, 0, 0, 0, 0, 0, 0, 0, 0, 0, 0, 0, 0, 0, 0]
2025-10-16 12:50:06 DEBUG c.e.s.f.s.i.ShiftSettingsApplier - ✅ Настройки не изменились, смена актуальна: 2025-10-16
2025-10-16 12:50:06 INFO  c.e.s.f.s.i.ShiftSettingsApplier - 🔧 Обновлены часы смены: [08:00, 09:00, 10:00, 11:00, 12:30, 13:30, 14:30, 15:30, 16:30, 17:30, 18:30, 19:30, 20:30, 21:30, 22:30, 23:30, 00:30, 01:30, 02:30, 03:30]
2025-10-16 12:50:06 INFO  c.e.s.f.s.i.ShiftSettingsApplier - 📊 Применяем планы: [360, 480, 480, 480, 480, 480, 480, 480, 480, 480, 480, 480, 480, 480, 480, 480, 480, 480, 480, 360]
2025-10-16 12:50:06 INFO  c.e.s.f.s.i.JpaShiftAdapter - 📋 Сохраняем смену: date = 2025-10-16, labels = [08:00, 09:00, 10:00, 11:00, 12:30, 13:30, 14:30, 15:30, 16:30, 17:30, 18:30, 19:30, 20:30, 21:30, 22:30, 23:30, 00:30, 01:30, 02:30, 03:30], plan = [360, 480, 480, 480, 480, 480, 480, 480, 480, 480, 480, 480, 480, 480, 480, 480, 480, 480, 480, 360], actual = [0, 0, 0, 0, 13, 0, 0, 0, 0, 0, 0, 0, 0, 0, 0, 0, 0, 0, 0, 0]
2025-10-16 12:50:06 INFO  c.e.s.f.s.i.JpaShiftAdapter - 💾 Сохраняем actual: [0, 0, 0, 0, 13, 0, 0, 0, 0, 0, 0, 0, 0, 0, 0, 0, 0, 0, 0, 0]
2025-10-16 12:50:06 INFO  c.e.s.f.s.a.ShiftPlannerUseCase - 💾 Смена сохранена: 2025-10-16
2025-10-16 12:50:06 INFO  c.e.s.f.s.i.JpaShiftAdapter - 🧪 Читаем shift из БД: 2025-10-16
2025-10-16 12:50:06 INFO  c.e.s.f.s.i.JpaShiftAdapter - ⏱ hourlyLabels = [08:00, 09:00, 10:00, 11:00, 12:30, 13:30, 14:30, 15:30, 16:30, 17:30, 18:30, 19:30, 20:30, 21:30, 22:30, 23:30, 00:30, 01:30, 02:30, 03:30]
2025-10-16 12:50:06 INFO  c.e.s.f.s.i.JpaShiftAdapter - 📊 hourlyActual = [0, 0, 0, 0, 13, 0, 0, 0, 0, 0, 0, 0, 0, 0, 0, 0, 0, 0, 0, 0]
2025-10-16 12:50:06 INFO  c.e.s.f.s.a.e.ShiftUpdatedListener - 📤 Отправлен ShiftView в /topic/shift-updates: ShiftView[date=2025-10-16, actual=[0, 0, 0, 0, 13, 0, 0, 0, 0, 0, 0, 0, 0, 0, 0, 0, 0, 0, 0, 0], plan=[360, 480, 480, 480, 480, 480, 480, 480, 480, 480, 480, 480, 480, 480, 480, 480, 480, 480, 480, 360], hours=[08:00, 09:00, 10:00, 11:00, 12:30, 13:30, 14:30, 15:30, 16:30, 17:30, 18:30, 19:30, 20:30, 21:30, 22:30, 23:30, 00:30, 01:30, 02:30, 03:30]]
2025-10-16 12:50:06 INFO  c.e.s.f.s.i.JpaShiftAdapter - 🧪 Читаем shift из БД: 2025-10-16
2025-10-16 12:50:06 INFO  c.e.s.f.s.i.JpaShiftAdapter - ⏱ hourlyLabels = [08:00, 09:00, 10:00, 11:00, 12:30, 13:30, 14:30, 15:30, 16:30, 17:30, 18:30, 19:30, 20:30, 21:30, 22:30, 23:30, 00:30, 01:30, 02:30, 03:30]
2025-10-16 12:50:06 INFO  c.e.s.f.s.i.JpaShiftAdapter - 📊 hourlyActual = [0, 0, 0, 0, 13, 0, 0, 0, 0, 0, 0, 0, 0, 0, 0, 0, 0, 0, 0, 0]
2025-10-16 12:50:06 DEBUG c.e.s.f.s.i.ShiftSettingsApplier - ✅ Настройки не изменились, смена актуальна: 2025-10-16
2025-10-16 12:50:06 INFO  c.e.s.f.c.a.StoppageReconcilesService - Reconciled date=2025-10-16, hourIndex=4 -> saved 2 auto-stoppage(s)
2025-10-16 12:50:17 INFO  c.e.s.f.s.a.web.SignalController - 📡 Сигнал получен: сенсор = main, дата смены = 2025-10-15
2025-10-16 12:50:18 INFO  c.e.s.f.s.a.e.ProductDetectedListener - [EVENT] Product detected at 2025-10-16T12:50:17.136641
2025-10-16 12:50:18 INFO  c.e.s.f.s.i.JpaShiftAdapter - 🧪 Читаем shift из БД: 2025-10-16
2025-10-16 12:50:18 INFO  c.e.s.f.s.i.JpaShiftAdapter - ⏱ hourlyLabels = [08:00, 09:00, 10:00, 11:00, 12:30, 13:30, 14:30, 15:30, 16:30, 17:30, 18:30, 19:30, 20:30, 21:30, 22:30, 23:30, 00:30, 01:30, 02:30, 03:30]
2025-10-16 12:50:18 INFO  c.e.s.f.s.i.JpaShiftAdapter - 📊 hourlyActual = [0, 0, 0, 0, 13, 0, 0, 0, 0, 0, 0, 0, 0, 0, 0, 0, 0, 0, 0, 0]
2025-10-16 12:50:18 DEBUG c.e.s.f.s.i.ShiftSettingsApplier - ✅ Настройки не изменились, смена актуальна: 2025-10-16
2025-10-16 12:50:18 INFO  c.e.s.f.s.i.ShiftSettingsApplier - 🔧 Обновлены часы смены: [08:00, 09:00, 10:00, 11:00, 12:30, 13:30, 14:30, 15:30, 16:30, 17:30, 18:30, 19:30, 20:30, 21:30, 22:30, 23:30, 00:30, 01:30, 02:30, 03:30]
2025-10-16 12:50:18 INFO  c.e.s.f.s.i.ShiftSettingsApplier - 📊 Применяем планы: [360, 480, 480, 480, 480, 480, 480, 480, 480, 480, 480, 480, 480, 480, 480, 480, 480, 480, 480, 360]
2025-10-16 12:50:19 INFO  c.e.s.f.s.i.JpaShiftAdapter - 📋 Сохраняем смену: date = 2025-10-16, labels = [08:00, 09:00, 10:00, 11:00, 12:30, 13:30, 14:30, 15:30, 16:30, 17:30, 18:30, 19:30, 20:30, 21:30, 22:30, 23:30, 00:30, 01:30, 02:30, 03:30], plan = [360, 480, 480, 480, 480, 480, 480, 480, 480, 480, 480, 480, 480, 480, 480, 480, 480, 480, 480, 360], actual = [0, 0, 0, 0, 14, 0, 0, 0, 0, 0, 0, 0, 0, 0, 0, 0, 0, 0, 0, 0]
2025-10-16 12:50:19 INFO  c.e.s.f.s.i.JpaShiftAdapter - 💾 Сохраняем actual: [0, 0, 0, 0, 14, 0, 0, 0, 0, 0, 0, 0, 0, 0, 0, 0, 0, 0, 0, 0]
2025-10-16 12:50:19 INFO  c.e.s.f.s.a.ShiftPlannerUseCase - 💾 Смена сохранена: 2025-10-16
2025-10-16 12:50:19 INFO  c.e.s.f.s.i.JpaShiftAdapter - 🧪 Читаем shift из БД: 2025-10-16
2025-10-16 12:50:19 INFO  c.e.s.f.s.i.JpaShiftAdapter - ⏱ hourlyLabels = [08:00, 09:00, 10:00, 11:00, 12:30, 13:30, 14:30, 15:30, 16:30, 17:30, 18:30, 19:30, 20:30, 21:30, 22:30, 23:30, 00:30, 01:30, 02:30, 03:30]
2025-10-16 12:50:19 INFO  c.e.s.f.s.i.JpaShiftAdapter - 📊 hourlyActual = [0, 0, 0, 0, 14, 0, 0, 0, 0, 0, 0, 0, 0, 0, 0, 0, 0, 0, 0, 0]
2025-10-16 12:50:19 INFO  c.e.s.f.s.a.e.ShiftUpdatedListener - 📤 Отправлен ShiftView в /topic/shift-updates: ShiftView[date=2025-10-16, actual=[0, 0, 0, 0, 14, 0, 0, 0, 0, 0, 0, 0, 0, 0, 0, 0, 0, 0, 0, 0], plan=[360, 480, 480, 480, 480, 480, 480, 480, 480, 480, 480, 480, 480, 480, 480, 480, 480, 480, 480, 360], hours=[08:00, 09:00, 10:00, 11:00, 12:30, 13:30, 14:30, 15:30, 16:30, 17:30, 18:30, 19:30, 20:30, 21:30, 22:30, 23:30, 00:30, 01:30, 02:30, 03:30]]
2025-10-16 12:50:19 INFO  c.e.s.f.s.i.JpaShiftAdapter - 🧪 Читаем shift из БД: 2025-10-16
2025-10-16 12:50:19 INFO  c.e.s.f.s.i.JpaShiftAdapter - ⏱ hourlyLabels = [08:00, 09:00, 10:00, 11:00, 12:30, 13:30, 14:30, 15:30, 16:30, 17:30, 18:30, 19:30, 20:30, 21:30, 22:30, 23:30, 00:30, 01:30, 02:30, 03:30]
2025-10-16 12:50:19 INFO  c.e.s.f.s.i.JpaShiftAdapter - 📊 hourlyActual = [0, 0, 0, 0, 14, 0, 0, 0, 0, 0, 0, 0, 0, 0, 0, 0, 0, 0, 0, 0]
2025-10-16 12:50:19 DEBUG c.e.s.f.s.i.ShiftSettingsApplier - ✅ Настройки не изменились, смена актуальна: 2025-10-16
2025-10-16 12:50:19 INFO  c.e.s.f.c.a.StoppageReconcilesService - Reconciled date=2025-10-16, hourIndex=4 -> saved 2 auto-stoppage(s)
2025-10-16 12:50:30 INFO  c.e.s.f.s.a.web.SignalController - 📡 Сигнал получен: сенсор = main, дата смены = 2025-10-15
2025-10-16 12:50:30 INFO  c.e.s.f.s.a.e.ProductDetectedListener - [EVENT] Product detected at 2025-10-16T12:50:30.271248100
2025-10-16 12:50:30 INFO  c.e.s.f.s.i.JpaShiftAdapter - 🧪 Читаем shift из БД: 2025-10-16
2025-10-16 12:50:30 INFO  c.e.s.f.s.i.JpaShiftAdapter - ⏱ hourlyLabels = [08:00, 09:00, 10:00, 11:00, 12:30, 13:30, 14:30, 15:30, 16:30, 17:30, 18:30, 19:30, 20:30, 21:30, 22:30, 23:30, 00:30, 01:30, 02:30, 03:30]
2025-10-16 12:50:30 INFO  c.e.s.f.s.i.JpaShiftAdapter - 📊 hourlyActual = [0, 0, 0, 0, 14, 0, 0, 0, 0, 0, 0, 0, 0, 0, 0, 0, 0, 0, 0, 0]
2025-10-16 12:50:30 DEBUG c.e.s.f.s.i.ShiftSettingsApplier - ✅ Настройки не изменились, смена актуальна: 2025-10-16
2025-10-16 12:50:30 INFO  c.e.s.f.s.i.ShiftSettingsApplier - 🔧 Обновлены часы смены: [08:00, 09:00, 10:00, 11:00, 12:30, 13:30, 14:30, 15:30, 16:30, 17:30, 18:30, 19:30, 20:30, 21:30, 22:30, 23:30, 00:30, 01:30, 02:30, 03:30]
2025-10-16 12:50:30 INFO  c.e.s.f.s.i.ShiftSettingsApplier - 📊 Применяем планы: [360, 480, 480, 480, 480, 480, 480, 480, 480, 480, 480, 480, 480, 480, 480, 480, 480, 480, 480, 360]
2025-10-16 12:50:30 INFO  c.e.s.f.s.i.JpaShiftAdapter - 📋 Сохраняем смену: date = 2025-10-16, labels = [08:00, 09:00, 10:00, 11:00, 12:30, 13:30, 14:30, 15:30, 16:30, 17:30, 18:30, 19:30, 20:30, 21:30, 22:30, 23:30, 00:30, 01:30, 02:30, 03:30], plan = [360, 480, 480, 480, 480, 480, 480, 480, 480, 480, 480, 480, 480, 480, 480, 480, 480, 480, 480, 360], actual = [0, 0, 0, 0, 15, 0, 0, 0, 0, 0, 0, 0, 0, 0, 0, 0, 0, 0, 0, 0]
2025-10-16 12:50:30 INFO  c.e.s.f.s.i.JpaShiftAdapter - 💾 Сохраняем actual: [0, 0, 0, 0, 15, 0, 0, 0, 0, 0, 0, 0, 0, 0, 0, 0, 0, 0, 0, 0]
2025-10-16 12:50:30 INFO  c.e.s.f.s.a.ShiftPlannerUseCase - 💾 Смена сохранена: 2025-10-16
2025-10-16 12:50:30 INFO  c.e.s.f.s.i.JpaShiftAdapter - 🧪 Читаем shift из БД: 2025-10-16
2025-10-16 12:50:30 INFO  c.e.s.f.s.i.JpaShiftAdapter - ⏱ hourlyLabels = [08:00, 09:00, 10:00, 11:00, 12:30, 13:30, 14:30, 15:30, 16:30, 17:30, 18:30, 19:30, 20:30, 21:30, 22:30, 23:30, 00:30, 01:30, 02:30, 03:30]
2025-10-16 12:50:30 INFO  c.e.s.f.s.i.JpaShiftAdapter - 📊 hourlyActual = [0, 0, 0, 0, 15, 0, 0, 0, 0, 0, 0, 0, 0, 0, 0, 0, 0, 0, 0, 0]
2025-10-16 12:50:30 INFO  c.e.s.f.s.a.e.ShiftUpdatedListener - 📤 Отправлен ShiftView в /topic/shift-updates: ShiftView[date=2025-10-16, actual=[0, 0, 0, 0, 15, 0, 0, 0, 0, 0, 0, 0, 0, 0, 0, 0, 0, 0, 0, 0], plan=[360, 480, 480, 480, 480, 480, 480, 480, 480, 480, 480, 480, 480, 480, 480, 480, 480, 480, 480, 360], hours=[08:00, 09:00, 10:00, 11:00, 12:30, 13:30, 14:30, 15:30, 16:30, 17:30, 18:30, 19:30, 20:30, 21:30, 22:30, 23:30, 00:30, 01:30, 02:30, 03:30]]
2025-10-16 12:50:31 INFO  c.e.s.f.s.i.JpaShiftAdapter - 🧪 Читаем shift из БД: 2025-10-16
2025-10-16 12:50:31 INFO  c.e.s.f.s.i.JpaShiftAdapter - ⏱ hourlyLabels = [08:00, 09:00, 10:00, 11:00, 12:30, 13:30, 14:30, 15:30, 16:30, 17:30, 18:30, 19:30, 20:30, 21:30, 22:30, 23:30, 00:30, 01:30, 02:30, 03:30]
2025-10-16 12:50:31 INFO  c.e.s.f.s.i.JpaShiftAdapter - 📊 hourlyActual = [0, 0, 0, 0, 15, 0, 0, 0, 0, 0, 0, 0, 0, 0, 0, 0, 0, 0, 0, 0]
2025-10-16 12:50:31 DEBUG c.e.s.f.s.i.ShiftSettingsApplier - ✅ Настройки не изменились, смена актуальна: 2025-10-16
2025-10-16 12:50:32 INFO  c.e.s.f.c.a.StoppageReconcilesService - Reconciled date=2025-10-16, hourIndex=4 -> saved 2 auto-stoppage(s)
2025-10-16 12:50:42 INFO  c.e.s.f.s.a.web.SignalController - 📡 Сигнал получен: сенсор = main, дата смены = 2025-10-15
2025-10-16 12:50:42 INFO  c.e.s.f.s.a.e.ProductDetectedListener - [EVENT] Product detected at 2025-10-16T12:50:42.318793100
2025-10-16 12:50:42 INFO  c.e.s.f.s.i.JpaShiftAdapter - 🧪 Читаем shift из БД: 2025-10-16
2025-10-16 12:50:42 INFO  c.e.s.f.s.i.JpaShiftAdapter - ⏱ hourlyLabels = [08:00, 09:00, 10:00, 11:00, 12:30, 13:30, 14:30, 15:30, 16:30, 17:30, 18:30, 19:30, 20:30, 21:30, 22:30, 23:30, 00:30, 01:30, 02:30, 03:30]
2025-10-16 12:50:42 INFO  c.e.s.f.s.i.JpaShiftAdapter - 📊 hourlyActual = [0, 0, 0, 0, 15, 0, 0, 0, 0, 0, 0, 0, 0, 0, 0, 0, 0, 0, 0, 0]
2025-10-16 12:50:42 DEBUG c.e.s.f.s.i.ShiftSettingsApplier - ✅ Настройки не изменились, смена актуальна: 2025-10-16
2025-10-16 12:50:42 INFO  c.e.s.f.s.i.ShiftSettingsApplier - 🔧 Обновлены часы смены: [08:00, 09:00, 10:00, 11:00, 12:30, 13:30, 14:30, 15:30, 16:30, 17:30, 18:30, 19:30, 20:30, 21:30, 22:30, 23:30, 00:30, 01:30, 02:30, 03:30]
2025-10-16 12:50:42 INFO  c.e.s.f.s.i.ShiftSettingsApplier - 📊 Применяем планы: [360, 480, 480, 480, 480, 480, 480, 480, 480, 480, 480, 480, 480, 480, 480, 480, 480, 480, 480, 360]
2025-10-16 12:50:42 INFO  c.e.s.f.s.i.JpaShiftAdapter - 📋 Сохраняем смену: date = 2025-10-16, labels = [08:00, 09:00, 10:00, 11:00, 12:30, 13:30, 14:30, 15:30, 16:30, 17:30, 18:30, 19:30, 20:30, 21:30, 22:30, 23:30, 00:30, 01:30, 02:30, 03:30], plan = [360, 480, 480, 480, 480, 480, 480, 480, 480, 480, 480, 480, 480, 480, 480, 480, 480, 480, 480, 360], actual = [0, 0, 0, 0, 16, 0, 0, 0, 0, 0, 0, 0, 0, 0, 0, 0, 0, 0, 0, 0]
2025-10-16 12:50:42 INFO  c.e.s.f.s.i.JpaShiftAdapter - 💾 Сохраняем actual: [0, 0, 0, 0, 16, 0, 0, 0, 0, 0, 0, 0, 0, 0, 0, 0, 0, 0, 0, 0]
2025-10-16 12:50:42 INFO  c.e.s.f.s.a.ShiftPlannerUseCase - 💾 Смена сохранена: 2025-10-16
2025-10-16 12:50:42 INFO  c.e.s.f.s.i.JpaShiftAdapter - 🧪 Читаем shift из БД: 2025-10-16
2025-10-16 12:50:42 INFO  c.e.s.f.s.i.JpaShiftAdapter - ⏱ hourlyLabels = [08:00, 09:00, 10:00, 11:00, 12:30, 13:30, 14:30, 15:30, 16:30, 17:30, 18:30, 19:30, 20:30, 21:30, 22:30, 23:30, 00:30, 01:30, 02:30, 03:30]
2025-10-16 12:50:42 INFO  c.e.s.f.s.i.JpaShiftAdapter - 📊 hourlyActual = [0, 0, 0, 0, 16, 0, 0, 0, 0, 0, 0, 0, 0, 0, 0, 0, 0, 0, 0, 0]
2025-10-16 12:50:42 INFO  c.e.s.f.s.a.e.ShiftUpdatedListener - 📤 Отправлен ShiftView в /topic/shift-updates: ShiftView[date=2025-10-16, actual=[0, 0, 0, 0, 16, 0, 0, 0, 0, 0, 0, 0, 0, 0, 0, 0, 0, 0, 0, 0], plan=[360, 480, 480, 480, 480, 480, 480, 480, 480, 480, 480, 480, 480, 480, 480, 480, 480, 480, 480, 360], hours=[08:00, 09:00, 10:00, 11:00, 12:30, 13:30, 14:30, 15:30, 16:30, 17:30, 18:30, 19:30, 20:30, 21:30, 22:30, 23:30, 00:30, 01:30, 02:30, 03:30]]
2025-10-16 12:50:42 INFO  c.e.s.f.s.i.JpaShiftAdapter - 🧪 Читаем shift из БД: 2025-10-16
2025-10-16 12:50:42 INFO  c.e.s.f.s.i.JpaShiftAdapter - ⏱ hourlyLabels = [08:00, 09:00, 10:00, 11:00, 12:30, 13:30, 14:30, 15:30, 16:30, 17:30, 18:30, 19:30, 20:30, 21:30, 22:30, 23:30, 00:30, 01:30, 02:30, 03:30]
2025-10-16 12:50:42 INFO  c.e.s.f.s.i.JpaShiftAdapter - 📊 hourlyActual = [0, 0, 0, 0, 16, 0, 0, 0, 0, 0, 0, 0, 0, 0, 0, 0, 0, 0, 0, 0]
2025-10-16 12:50:42 DEBUG c.e.s.f.s.i.ShiftSettingsApplier - ✅ Настройки не изменились, смена актуальна: 2025-10-16
2025-10-16 12:50:42 INFO  c.e.s.f.c.a.StoppageReconcilesService - Reconciled date=2025-10-16, hourIndex=4 -> saved 2 auto-stoppage(s)
2025-10-16 12:50:52 INFO  c.e.s.f.s.a.web.SignalController - 📡 Сигнал получен: сенсор = main, дата смены = 2025-10-15
2025-10-16 12:50:52 INFO  c.e.s.f.s.a.e.ProductDetectedListener - [EVENT] Product detected at 2025-10-16T12:50:52.674543200
2025-10-16 12:50:52 INFO  c.e.s.f.s.i.JpaShiftAdapter - 🧪 Читаем shift из БД: 2025-10-16
2025-10-16 12:50:52 INFO  c.e.s.f.s.i.JpaShiftAdapter - ⏱ hourlyLabels = [08:00, 09:00, 10:00, 11:00, 12:30, 13:30, 14:30, 15:30, 16:30, 17:30, 18:30, 19:30, 20:30, 21:30, 22:30, 23:30, 00:30, 01:30, 02:30, 03:30]
2025-10-16 12:50:52 INFO  c.e.s.f.s.i.JpaShiftAdapter - 📊 hourlyActual = [0, 0, 0, 0, 16, 0, 0, 0, 0, 0, 0, 0, 0, 0, 0, 0, 0, 0, 0, 0]
2025-10-16 12:50:53 DEBUG c.e.s.f.s.i.ShiftSettingsApplier - ✅ Настройки не изменились, смена актуальна: 2025-10-16
2025-10-16 12:50:53 INFO  c.e.s.f.s.i.ShiftSettingsApplier - 🔧 Обновлены часы смены: [08:00, 09:00, 10:00, 11:00, 12:30, 13:30, 14:30, 15:30, 16:30, 17:30, 18:30, 19:30, 20:30, 21:30, 22:30, 23:30, 00:30, 01:30, 02:30, 03:30]
2025-10-16 12:50:53 INFO  c.e.s.f.s.i.ShiftSettingsApplier - 📊 Применяем планы: [360, 480, 480, 480, 480, 480, 480, 480, 480, 480, 480, 480, 480, 480, 480, 480, 480, 480, 480, 360]
2025-10-16 12:50:53 INFO  c.e.s.f.s.i.JpaShiftAdapter - 📋 Сохраняем смену: date = 2025-10-16, labels = [08:00, 09:00, 10:00, 11:00, 12:30, 13:30, 14:30, 15:30, 16:30, 17:30, 18:30, 19:30, 20:30, 21:30, 22:30, 23:30, 00:30, 01:30, 02:30, 03:30], plan = [360, 480, 480, 480, 480, 480, 480, 480, 480, 480, 480, 480, 480, 480, 480, 480, 480, 480, 480, 360], actual = [0, 0, 0, 0, 17, 0, 0, 0, 0, 0, 0, 0, 0, 0, 0, 0, 0, 0, 0, 0]
2025-10-16 12:50:53 INFO  c.e.s.f.s.i.JpaShiftAdapter - 💾 Сохраняем actual: [0, 0, 0, 0, 17, 0, 0, 0, 0, 0, 0, 0, 0, 0, 0, 0, 0, 0, 0, 0]
2025-10-16 12:50:53 INFO  c.e.s.f.s.a.ShiftPlannerUseCase - 💾 Смена сохранена: 2025-10-16
2025-10-16 12:50:53 INFO  c.e.s.f.s.i.JpaShiftAdapter - 🧪 Читаем shift из БД: 2025-10-16
2025-10-16 12:50:53 INFO  c.e.s.f.s.i.JpaShiftAdapter - ⏱ hourlyLabels = [08:00, 09:00, 10:00, 11:00, 12:30, 13:30, 14:30, 15:30, 16:30, 17:30, 18:30, 19:30, 20:30, 21:30, 22:30, 23:30, 00:30, 01:30, 02:30, 03:30]
2025-10-16 12:50:53 INFO  c.e.s.f.s.i.JpaShiftAdapter - 📊 hourlyActual = [0, 0, 0, 0, 17, 0, 0, 0, 0, 0, 0, 0, 0, 0, 0, 0, 0, 0, 0, 0]
2025-10-16 12:50:53 INFO  c.e.s.f.s.a.e.ShiftUpdatedListener - 📤 Отправлен ShiftView в /topic/shift-updates: ShiftView[date=2025-10-16, actual=[0, 0, 0, 0, 17, 0, 0, 0, 0, 0, 0, 0, 0, 0, 0, 0, 0, 0, 0, 0], plan=[360, 480, 480, 480, 480, 480, 480, 480, 480, 480, 480, 480, 480, 480, 480, 480, 480, 480, 480, 360], hours=[08:00, 09:00, 10:00, 11:00, 12:30, 13:30, 14:30, 15:30, 16:30, 17:30, 18:30, 19:30, 20:30, 21:30, 22:30, 23:30, 00:30, 01:30, 02:30, 03:30]]
2025-10-16 12:50:53 INFO  c.e.s.f.s.i.JpaShiftAdapter - 🧪 Читаем shift из БД: 2025-10-16
2025-10-16 12:50:53 INFO  c.e.s.f.s.i.JpaShiftAdapter - ⏱ hourlyLabels = [08:00, 09:00, 10:00, 11:00, 12:30, 13:30, 14:30, 15:30, 16:30, 17:30, 18:30, 19:30, 20:30, 21:30, 22:30, 23:30, 00:30, 01:30, 02:30, 03:30]
2025-10-16 12:50:53 INFO  c.e.s.f.s.i.JpaShiftAdapter - 📊 hourlyActual = [0, 0, 0, 0, 17, 0, 0, 0, 0, 0, 0, 0, 0, 0, 0, 0, 0, 0, 0, 0]
2025-10-16 12:50:53 DEBUG c.e.s.f.s.i.ShiftSettingsApplier - ✅ Настройки не изменились, смена актуальна: 2025-10-16
2025-10-16 12:50:53 INFO  c.e.s.f.c.a.StoppageReconcilesService - Reconciled date=2025-10-16, hourIndex=4 -> saved 2 auto-stoppage(s)
2025-10-16 12:51:03 INFO  c.e.s.f.s.a.web.SignalController - 📡 Сигнал получен: сенсор = main, дата смены = 2025-10-15
2025-10-16 12:51:03 INFO  c.e.s.f.s.a.e.ProductDetectedListener - [EVENT] Product detected at 2025-10-16T12:51:03.323840700
2025-10-16 12:51:03 INFO  c.e.s.f.s.i.JpaShiftAdapter - 🧪 Читаем shift из БД: 2025-10-16
2025-10-16 12:51:03 INFO  c.e.s.f.s.i.JpaShiftAdapter - ⏱ hourlyLabels = [08:00, 09:00, 10:00, 11:00, 12:30, 13:30, 14:30, 15:30, 16:30, 17:30, 18:30, 19:30, 20:30, 21:30, 22:30, 23:30, 00:30, 01:30, 02:30, 03:30]
2025-10-16 12:51:03 INFO  c.e.s.f.s.i.JpaShiftAdapter - 📊 hourlyActual = [0, 0, 0, 0, 17, 0, 0, 0, 0, 0, 0, 0, 0, 0, 0, 0, 0, 0, 0, 0]
2025-10-16 12:51:03 DEBUG c.e.s.f.s.i.ShiftSettingsApplier - ✅ Настройки не изменились, смена актуальна: 2025-10-16
2025-10-16 12:51:03 INFO  c.e.s.f.s.i.ShiftSettingsApplier - 🔧 Обновлены часы смены: [08:00, 09:00, 10:00, 11:00, 12:30, 13:30, 14:30, 15:30, 16:30, 17:30, 18:30, 19:30, 20:30, 21:30, 22:30, 23:30, 00:30, 01:30, 02:30, 03:30]
2025-10-16 12:51:03 INFO  c.e.s.f.s.i.ShiftSettingsApplier - 📊 Применяем планы: [360, 480, 480, 480, 480, 480, 480, 480, 480, 480, 480, 480, 480, 480, 480, 480, 480, 480, 480, 360]
2025-10-16 12:51:03 INFO  c.e.s.f.s.i.JpaShiftAdapter - 📋 Сохраняем смену: date = 2025-10-16, labels = [08:00, 09:00, 10:00, 11:00, 12:30, 13:30, 14:30, 15:30, 16:30, 17:30, 18:30, 19:30, 20:30, 21:30, 22:30, 23:30, 00:30, 01:30, 02:30, 03:30], plan = [360, 480, 480, 480, 480, 480, 480, 480, 480, 480, 480, 480, 480, 480, 480, 480, 480, 480, 480, 360], actual = [0, 0, 0, 0, 18, 0, 0, 0, 0, 0, 0, 0, 0, 0, 0, 0, 0, 0, 0, 0]
2025-10-16 12:51:03 INFO  c.e.s.f.s.i.JpaShiftAdapter - 💾 Сохраняем actual: [0, 0, 0, 0, 18, 0, 0, 0, 0, 0, 0, 0, 0, 0, 0, 0, 0, 0, 0, 0]
2025-10-16 12:51:03 INFO  c.e.s.f.s.a.ShiftPlannerUseCase - 💾 Смена сохранена: 2025-10-16
2025-10-16 12:51:03 INFO  c.e.s.f.s.i.JpaShiftAdapter - 🧪 Читаем shift из БД: 2025-10-16
2025-10-16 12:51:03 INFO  c.e.s.f.s.i.JpaShiftAdapter - ⏱ hourlyLabels = [08:00, 09:00, 10:00, 11:00, 12:30, 13:30, 14:30, 15:30, 16:30, 17:30, 18:30, 19:30, 20:30, 21:30, 22:30, 23:30, 00:30, 01:30, 02:30, 03:30]
2025-10-16 12:51:03 INFO  c.e.s.f.s.i.JpaShiftAdapter - 📊 hourlyActual = [0, 0, 0, 0, 18, 0, 0, 0, 0, 0, 0, 0, 0, 0, 0, 0, 0, 0, 0, 0]
2025-10-16 12:51:03 INFO  c.e.s.f.s.a.e.ShiftUpdatedListener - 📤 Отправлен ShiftView в /topic/shift-updates: ShiftView[date=2025-10-16, actual=[0, 0, 0, 0, 18, 0, 0, 0, 0, 0, 0, 0, 0, 0, 0, 0, 0, 0, 0, 0], plan=[360, 480, 480, 480, 480, 480, 480, 480, 480, 480, 480, 480, 480, 480, 480, 480, 480, 480, 480, 360], hours=[08:00, 09:00, 10:00, 11:00, 12:30, 13:30, 14:30, 15:30, 16:30, 17:30, 18:30, 19:30, 20:30, 21:30, 22:30, 23:30, 00:30, 01:30, 02:30, 03:30]]
2025-10-16 12:51:03 INFO  c.e.s.f.s.i.JpaShiftAdapter - 🧪 Читаем shift из БД: 2025-10-16
2025-10-16 12:51:03 INFO  c.e.s.f.s.i.JpaShiftAdapter - ⏱ hourlyLabels = [08:00, 09:00, 10:00, 11:00, 12:30, 13:30, 14:30, 15:30, 16:30, 17:30, 18:30, 19:30, 20:30, 21:30, 22:30, 23:30, 00:30, 01:30, 02:30, 03:30]
2025-10-16 12:51:03 INFO  c.e.s.f.s.i.JpaShiftAdapter - 📊 hourlyActual = [0, 0, 0, 0, 18, 0, 0, 0, 0, 0, 0, 0, 0, 0, 0, 0, 0, 0, 0, 0]
2025-10-16 12:51:03 DEBUG c.e.s.f.s.i.ShiftSettingsApplier - ✅ Настройки не изменились, смена актуальна: 2025-10-16
2025-10-16 12:51:03 INFO  c.e.s.f.c.a.StoppageReconcilesService - Reconciled date=2025-10-16, hourIndex=4 -> saved 2 auto-stoppage(s)
2025-10-16 12:51:13 INFO  c.e.s.f.s.a.web.SignalController - 📡 Сигнал получен: сенсор = main, дата смены = 2025-10-15
2025-10-16 12:51:13 INFO  c.e.s.f.s.a.e.ProductDetectedListener - [EVENT] Product detected at 2025-10-16T12:51:13.841124600
2025-10-16 12:51:13 INFO  c.e.s.f.s.i.JpaShiftAdapter - 🧪 Читаем shift из БД: 2025-10-16
2025-10-16 12:51:13 INFO  c.e.s.f.s.i.JpaShiftAdapter - ⏱ hourlyLabels = [08:00, 09:00, 10:00, 11:00, 12:30, 13:30, 14:30, 15:30, 16:30, 17:30, 18:30, 19:30, 20:30, 21:30, 22:30, 23:30, 00:30, 01:30, 02:30, 03:30]
2025-10-16 12:51:13 INFO  c.e.s.f.s.i.JpaShiftAdapter - 📊 hourlyActual = [0, 0, 0, 0, 18, 0, 0, 0, 0, 0, 0, 0, 0, 0, 0, 0, 0, 0, 0, 0]
2025-10-16 12:51:14 DEBUG c.e.s.f.s.i.ShiftSettingsApplier - ✅ Настройки не изменились, смена актуальна: 2025-10-16
2025-10-16 12:51:14 INFO  c.e.s.f.s.i.ShiftSettingsApplier - 🔧 Обновлены часы смены: [08:00, 09:00, 10:00, 11:00, 12:30, 13:30, 14:30, 15:30, 16:30, 17:30, 18:30, 19:30, 20:30, 21:30, 22:30, 23:30, 00:30, 01:30, 02:30, 03:30]
2025-10-16 12:51:14 INFO  c.e.s.f.s.i.ShiftSettingsApplier - 📊 Применяем планы: [360, 480, 480, 480, 480, 480, 480, 480, 480, 480, 480, 480, 480, 480, 480, 480, 480, 480, 480, 360]
2025-10-16 12:51:14 INFO  c.e.s.f.s.i.JpaShiftAdapter - 📋 Сохраняем смену: date = 2025-10-16, labels = [08:00, 09:00, 10:00, 11:00, 12:30, 13:30, 14:30, 15:30, 16:30, 17:30, 18:30, 19:30, 20:30, 21:30, 22:30, 23:30, 00:30, 01:30, 02:30, 03:30], plan = [360, 480, 480, 480, 480, 480, 480, 480, 480, 480, 480, 480, 480, 480, 480, 480, 480, 480, 480, 360], actual = [0, 0, 0, 0, 19, 0, 0, 0, 0, 0, 0, 0, 0, 0, 0, 0, 0, 0, 0, 0]
2025-10-16 12:51:14 INFO  c.e.s.f.s.i.JpaShiftAdapter - 💾 Сохраняем actual: [0, 0, 0, 0, 19, 0, 0, 0, 0, 0, 0, 0, 0, 0, 0, 0, 0, 0, 0, 0]
2025-10-16 12:51:14 INFO  c.e.s.f.s.a.ShiftPlannerUseCase - 💾 Смена сохранена: 2025-10-16
2025-10-16 12:51:14 INFO  c.e.s.f.s.i.JpaShiftAdapter - 🧪 Читаем shift из БД: 2025-10-16
2025-10-16 12:51:14 INFO  c.e.s.f.s.i.JpaShiftAdapter - ⏱ hourlyLabels = [08:00, 09:00, 10:00, 11:00, 12:30, 13:30, 14:30, 15:30, 16:30, 17:30, 18:30, 19:30, 20:30, 21:30, 22:30, 23:30, 00:30, 01:30, 02:30, 03:30]
2025-10-16 12:51:14 INFO  c.e.s.f.s.i.JpaShiftAdapter - 📊 hourlyActual = [0, 0, 0, 0, 19, 0, 0, 0, 0, 0, 0, 0, 0, 0, 0, 0, 0, 0, 0, 0]
2025-10-16 12:51:14 INFO  c.e.s.f.s.a.e.ShiftUpdatedListener - 📤 Отправлен ShiftView в /topic/shift-updates: ShiftView[date=2025-10-16, actual=[0, 0, 0, 0, 19, 0, 0, 0, 0, 0, 0, 0, 0, 0, 0, 0, 0, 0, 0, 0], plan=[360, 480, 480, 480, 480, 480, 480, 480, 480, 480, 480, 480, 480, 480, 480, 480, 480, 480, 480, 360], hours=[08:00, 09:00, 10:00, 11:00, 12:30, 13:30, 14:30, 15:30, 16:30, 17:30, 18:30, 19:30, 20:30, 21:30, 22:30, 23:30, 00:30, 01:30, 02:30, 03:30]]
2025-10-16 12:51:14 INFO  c.e.s.f.s.i.JpaShiftAdapter - 🧪 Читаем shift из БД: 2025-10-16
2025-10-16 12:51:14 INFO  c.e.s.f.s.i.JpaShiftAdapter - ⏱ hourlyLabels = [08:00, 09:00, 10:00, 11:00, 12:30, 13:30, 14:30, 15:30, 16:30, 17:30, 18:30, 19:30, 20:30, 21:30, 22:30, 23:30, 00:30, 01:30, 02:30, 03:30]
2025-10-16 12:51:14 INFO  c.e.s.f.s.i.JpaShiftAdapter - 📊 hourlyActual = [0, 0, 0, 0, 19, 0, 0, 0, 0, 0, 0, 0, 0, 0, 0, 0, 0, 0, 0, 0]
2025-10-16 12:51:14 DEBUG c.e.s.f.s.i.ShiftSettingsApplier - ✅ Настройки не изменились, смена актуальна: 2025-10-16
2025-10-16 12:51:14 INFO  c.e.s.f.c.a.StoppageReconcilesService - Reconciled date=2025-10-16, hourIndex=4 -> saved 2 auto-stoppage(s)
2025-10-16 12:51:24 INFO  c.e.s.f.s.a.web.SignalController - 📡 Сигнал получен: сенсор = main, дата смены = 2025-10-15
2025-10-16 12:51:24 INFO  c.e.s.f.s.a.e.ProductDetectedListener - [EVENT] Product detected at 2025-10-16T12:51:24.445814200
2025-10-16 12:51:24 INFO  c.e.s.f.s.i.JpaShiftAdapter - 🧪 Читаем shift из БД: 2025-10-16
2025-10-16 12:51:24 INFO  c.e.s.f.s.i.JpaShiftAdapter - ⏱ hourlyLabels = [08:00, 09:00, 10:00, 11:00, 12:30, 13:30, 14:30, 15:30, 16:30, 17:30, 18:30, 19:30, 20:30, 21:30, 22:30, 23:30, 00:30, 01:30, 02:30, 03:30]
2025-10-16 12:51:24 INFO  c.e.s.f.s.i.JpaShiftAdapter - 📊 hourlyActual = [0, 0, 0, 0, 19, 0, 0, 0, 0, 0, 0, 0, 0, 0, 0, 0, 0, 0, 0, 0]
2025-10-16 12:51:24 DEBUG c.e.s.f.s.i.ShiftSettingsApplier - ✅ Настройки не изменились, смена актуальна: 2025-10-16
2025-10-16 12:51:24 INFO  c.e.s.f.s.i.ShiftSettingsApplier - 🔧 Обновлены часы смены: [08:00, 09:00, 10:00, 11:00, 12:30, 13:30, 14:30, 15:30, 16:30, 17:30, 18:30, 19:30, 20:30, 21:30, 22:30, 23:30, 00:30, 01:30, 02:30, 03:30]
2025-10-16 12:51:24 INFO  c.e.s.f.s.i.ShiftSettingsApplier - 📊 Применяем планы: [360, 480, 480, 480, 480, 480, 480, 480, 480, 480, 480, 480, 480, 480, 480, 480, 480, 480, 480, 360]
2025-10-16 12:51:24 INFO  c.e.s.f.s.i.JpaShiftAdapter - 📋 Сохраняем смену: date = 2025-10-16, labels = [08:00, 09:00, 10:00, 11:00, 12:30, 13:30, 14:30, 15:30, 16:30, 17:30, 18:30, 19:30, 20:30, 21:30, 22:30, 23:30, 00:30, 01:30, 02:30, 03:30], plan = [360, 480, 480, 480, 480, 480, 480, 480, 480, 480, 480, 480, 480, 480, 480, 480, 480, 480, 480, 360], actual = [0, 0, 0, 0, 20, 0, 0, 0, 0, 0, 0, 0, 0, 0, 0, 0, 0, 0, 0, 0]
2025-10-16 12:51:24 INFO  c.e.s.f.s.i.JpaShiftAdapter - 💾 Сохраняем actual: [0, 0, 0, 0, 20, 0, 0, 0, 0, 0, 0, 0, 0, 0, 0, 0, 0, 0, 0, 0]
2025-10-16 12:51:24 INFO  c.e.s.f.s.a.ShiftPlannerUseCase - 💾 Смена сохранена: 2025-10-16
2025-10-16 12:51:24 INFO  c.e.s.f.s.i.JpaShiftAdapter - 🧪 Читаем shift из БД: 2025-10-16
2025-10-16 12:51:24 INFO  c.e.s.f.s.i.JpaShiftAdapter - ⏱ hourlyLabels = [08:00, 09:00, 10:00, 11:00, 12:30, 13:30, 14:30, 15:30, 16:30, 17:30, 18:30, 19:30, 20:30, 21:30, 22:30, 23:30, 00:30, 01:30, 02:30, 03:30]
2025-10-16 12:51:24 INFO  c.e.s.f.s.i.JpaShiftAdapter - 📊 hourlyActual = [0, 0, 0, 0, 20, 0, 0, 0, 0, 0, 0, 0, 0, 0, 0, 0, 0, 0, 0, 0]
2025-10-16 12:51:24 INFO  c.e.s.f.s.a.e.ShiftUpdatedListener - 📤 Отправлен ShiftView в /topic/shift-updates: ShiftView[date=2025-10-16, actual=[0, 0, 0, 0, 20, 0, 0, 0, 0, 0, 0, 0, 0, 0, 0, 0, 0, 0, 0, 0], plan=[360, 480, 480, 480, 480, 480, 480, 480, 480, 480, 480, 480, 480, 480, 480, 480, 480, 480, 480, 360], hours=[08:00, 09:00, 10:00, 11:00, 12:30, 13:30, 14:30, 15:30, 16:30, 17:30, 18:30, 19:30, 20:30, 21:30, 22:30, 23:30, 00:30, 01:30, 02:30, 03:30]]
2025-10-16 12:51:24 INFO  c.e.s.f.s.i.JpaShiftAdapter - 🧪 Читаем shift из БД: 2025-10-16
2025-10-16 12:51:24 INFO  c.e.s.f.s.i.JpaShiftAdapter - ⏱ hourlyLabels = [08:00, 09:00, 10:00, 11:00, 12:30, 13:30, 14:30, 15:30, 16:30, 17:30, 18:30, 19:30, 20:30, 21:30, 22:30, 23:30, 00:30, 01:30, 02:30, 03:30]
2025-10-16 12:51:24 INFO  c.e.s.f.s.i.JpaShiftAdapter - 📊 hourlyActual = [0, 0, 0, 0, 20, 0, 0, 0, 0, 0, 0, 0, 0, 0, 0, 0, 0, 0, 0, 0]
2025-10-16 12:51:24 DEBUG c.e.s.f.s.i.ShiftSettingsApplier - ✅ Настройки не изменились, смена актуальна: 2025-10-16
2025-10-16 12:51:24 INFO  c.e.s.f.c.a.StoppageReconcilesService - Reconciled date=2025-10-16, hourIndex=4 -> saved 2 auto-stoppage(s)
2025-10-16 12:51:34 INFO  c.e.s.f.s.a.web.SignalController - 📡 Сигнал получен: сенсор = main, дата смены = 2025-10-15
2025-10-16 12:51:34 INFO  c.e.s.f.s.a.e.ProductDetectedListener - [EVENT] Product detected at 2025-10-16T12:51:34.838176700
2025-10-16 12:51:34 INFO  c.e.s.f.s.i.JpaShiftAdapter - 🧪 Читаем shift из БД: 2025-10-16
2025-10-16 12:51:34 INFO  c.e.s.f.s.i.JpaShiftAdapter - ⏱ hourlyLabels = [08:00, 09:00, 10:00, 11:00, 12:30, 13:30, 14:30, 15:30, 16:30, 17:30, 18:30, 19:30, 20:30, 21:30, 22:30, 23:30, 00:30, 01:30, 02:30, 03:30]
2025-10-16 12:51:34 INFO  c.e.s.f.s.i.JpaShiftAdapter - 📊 hourlyActual = [0, 0, 0, 0, 20, 0, 0, 0, 0, 0, 0, 0, 0, 0, 0, 0, 0, 0, 0, 0]
2025-10-16 12:51:34 DEBUG c.e.s.f.s.i.ShiftSettingsApplier - ✅ Настройки не изменились, смена актуальна: 2025-10-16
2025-10-16 12:51:34 INFO  c.e.s.f.s.i.ShiftSettingsApplier - 🔧 Обновлены часы смены: [08:00, 09:00, 10:00, 11:00, 12:30, 13:30, 14:30, 15:30, 16:30, 17:30, 18:30, 19:30, 20:30, 21:30, 22:30, 23:30, 00:30, 01:30, 02:30, 03:30]
2025-10-16 12:51:34 INFO  c.e.s.f.s.i.ShiftSettingsApplier - 📊 Применяем планы: [360, 480, 480, 480, 480, 480, 480, 480, 480, 480, 480, 480, 480, 480, 480, 480, 480, 480, 480, 360]
2025-10-16 12:51:34 INFO  c.e.s.f.s.i.JpaShiftAdapter - 📋 Сохраняем смену: date = 2025-10-16, labels = [08:00, 09:00, 10:00, 11:00, 12:30, 13:30, 14:30, 15:30, 16:30, 17:30, 18:30, 19:30, 20:30, 21:30, 22:30, 23:30, 00:30, 01:30, 02:30, 03:30], plan = [360, 480, 480, 480, 480, 480, 480, 480, 480, 480, 480, 480, 480, 480, 480, 480, 480, 480, 480, 360], actual = [0, 0, 0, 0, 21, 0, 0, 0, 0, 0, 0, 0, 0, 0, 0, 0, 0, 0, 0, 0]
2025-10-16 12:51:34 INFO  c.e.s.f.s.i.JpaShiftAdapter - 💾 Сохраняем actual: [0, 0, 0, 0, 21, 0, 0, 0, 0, 0, 0, 0, 0, 0, 0, 0, 0, 0, 0, 0]
2025-10-16 12:51:35 INFO  c.e.s.f.s.a.ShiftPlannerUseCase - 💾 Смена сохранена: 2025-10-16
2025-10-16 12:51:35 INFO  c.e.s.f.s.i.JpaShiftAdapter - 🧪 Читаем shift из БД: 2025-10-16
2025-10-16 12:51:35 INFO  c.e.s.f.s.i.JpaShiftAdapter - ⏱ hourlyLabels = [08:00, 09:00, 10:00, 11:00, 12:30, 13:30, 14:30, 15:30, 16:30, 17:30, 18:30, 19:30, 20:30, 21:30, 22:30, 23:30, 00:30, 01:30, 02:30, 03:30]
2025-10-16 12:51:35 INFO  c.e.s.f.s.i.JpaShiftAdapter - 📊 hourlyActual = [0, 0, 0, 0, 21, 0, 0, 0, 0, 0, 0, 0, 0, 0, 0, 0, 0, 0, 0, 0]
2025-10-16 12:51:35 INFO  c.e.s.f.s.a.e.ShiftUpdatedListener - 📤 Отправлен ShiftView в /topic/shift-updates: ShiftView[date=2025-10-16, actual=[0, 0, 0, 0, 21, 0, 0, 0, 0, 0, 0, 0, 0, 0, 0, 0, 0, 0, 0, 0], plan=[360, 480, 480, 480, 480, 480, 480, 480, 480, 480, 480, 480, 480, 480, 480, 480, 480, 480, 480, 360], hours=[08:00, 09:00, 10:00, 11:00, 12:30, 13:30, 14:30, 15:30, 16:30, 17:30, 18:30, 19:30, 20:30, 21:30, 22:30, 23:30, 00:30, 01:30, 02:30, 03:30]]
2025-10-16 12:51:35 INFO  c.e.s.f.s.i.JpaShiftAdapter - 🧪 Читаем shift из БД: 2025-10-16
2025-10-16 12:51:35 INFO  c.e.s.f.s.i.JpaShiftAdapter - ⏱ hourlyLabels = [08:00, 09:00, 10:00, 11:00, 12:30, 13:30, 14:30, 15:30, 16:30, 17:30, 18:30, 19:30, 20:30, 21:30, 22:30, 23:30, 00:30, 01:30, 02:30, 03:30]
2025-10-16 12:51:35 INFO  c.e.s.f.s.i.JpaShiftAdapter - 📊 hourlyActual = [0, 0, 0, 0, 21, 0, 0, 0, 0, 0, 0, 0, 0, 0, 0, 0, 0, 0, 0, 0]
2025-10-16 12:51:35 DEBUG c.e.s.f.s.i.ShiftSettingsApplier - ✅ Настройки не изменились, смена актуальна: 2025-10-16
2025-10-16 12:51:35 INFO  c.e.s.f.c.a.StoppageReconcilesService - Reconciled date=2025-10-16, hourIndex=4 -> saved 2 auto-stoppage(s)
2025-10-16 12:51:45 INFO  c.e.s.f.s.a.web.SignalController - 📡 Сигнал получен: сенсор = main, дата смены = 2025-10-15
2025-10-16 12:51:45 INFO  c.e.s.f.s.a.e.ProductDetectedListener - [EVENT] Product detected at 2025-10-16T12:51:45.469455700
2025-10-16 12:51:46 INFO  c.e.s.f.s.i.JpaShiftAdapter - 🧪 Читаем shift из БД: 2025-10-16
2025-10-16 12:51:46 INFO  c.e.s.f.s.i.JpaShiftAdapter - ⏱ hourlyLabels = [08:00, 09:00, 10:00, 11:00, 12:30, 13:30, 14:30, 15:30, 16:30, 17:30, 18:30, 19:30, 20:30, 21:30, 22:30, 23:30, 00:30, 01:30, 02:30, 03:30]
2025-10-16 12:51:46 INFO  c.e.s.f.s.i.JpaShiftAdapter - 📊 hourlyActual = [0, 0, 0, 0, 21, 0, 0, 0, 0, 0, 0, 0, 0, 0, 0, 0, 0, 0, 0, 0]
2025-10-16 12:51:46 DEBUG c.e.s.f.s.i.ShiftSettingsApplier - ✅ Настройки не изменились, смена актуальна: 2025-10-16
2025-10-16 12:51:46 INFO  c.e.s.f.s.i.ShiftSettingsApplier - 🔧 Обновлены часы смены: [08:00, 09:00, 10:00, 11:00, 12:30, 13:30, 14:30, 15:30, 16:30, 17:30, 18:30, 19:30, 20:30, 21:30, 22:30, 23:30, 00:30, 01:30, 02:30, 03:30]
2025-10-16 12:51:46 INFO  c.e.s.f.s.i.ShiftSettingsApplier - 📊 Применяем планы: [360, 480, 480, 480, 480, 480, 480, 480, 480, 480, 480, 480, 480, 480, 480, 480, 480, 480, 480, 360]
2025-10-16 12:51:46 INFO  c.e.s.f.s.i.JpaShiftAdapter - 📋 Сохраняем смену: date = 2025-10-16, labels = [08:00, 09:00, 10:00, 11:00, 12:30, 13:30, 14:30, 15:30, 16:30, 17:30, 18:30, 19:30, 20:30, 21:30, 22:30, 23:30, 00:30, 01:30, 02:30, 03:30], plan = [360, 480, 480, 480, 480, 480, 480, 480, 480, 480, 480, 480, 480, 480, 480, 480, 480, 480, 480, 360], actual = [0, 0, 0, 0, 22, 0, 0, 0, 0, 0, 0, 0, 0, 0, 0, 0, 0, 0, 0, 0]
2025-10-16 12:51:46 INFO  c.e.s.f.s.i.JpaShiftAdapter - 💾 Сохраняем actual: [0, 0, 0, 0, 22, 0, 0, 0, 0, 0, 0, 0, 0, 0, 0, 0, 0, 0, 0, 0]
2025-10-16 12:51:46 INFO  c.e.s.f.s.a.ShiftPlannerUseCase - 💾 Смена сохранена: 2025-10-16
2025-10-16 12:51:46 INFO  c.e.s.f.s.i.JpaShiftAdapter - 🧪 Читаем shift из БД: 2025-10-16
2025-10-16 12:51:46 INFO  c.e.s.f.s.i.JpaShiftAdapter - ⏱ hourlyLabels = [08:00, 09:00, 10:00, 11:00, 12:30, 13:30, 14:30, 15:30, 16:30, 17:30, 18:30, 19:30, 20:30, 21:30, 22:30, 23:30, 00:30, 01:30, 02:30, 03:30]
2025-10-16 12:51:46 INFO  c.e.s.f.s.i.JpaShiftAdapter - 📊 hourlyActual = [0, 0, 0, 0, 22, 0, 0, 0, 0, 0, 0, 0, 0, 0, 0, 0, 0, 0, 0, 0]
2025-10-16 12:51:46 INFO  c.e.s.f.s.a.e.ShiftUpdatedListener - 📤 Отправлен ShiftView в /topic/shift-updates: ShiftView[date=2025-10-16, actual=[0, 0, 0, 0, 22, 0, 0, 0, 0, 0, 0, 0, 0, 0, 0, 0, 0, 0, 0, 0], plan=[360, 480, 480, 480, 480, 480, 480, 480, 480, 480, 480, 480, 480, 480, 480, 480, 480, 480, 480, 360], hours=[08:00, 09:00, 10:00, 11:00, 12:30, 13:30, 14:30, 15:30, 16:30, 17:30, 18:30, 19:30, 20:30, 21:30, 22:30, 23:30, 00:30, 01:30, 02:30, 03:30]]
2025-10-16 12:51:46 INFO  c.e.s.f.s.i.JpaShiftAdapter - 🧪 Читаем shift из БД: 2025-10-16
2025-10-16 12:51:46 INFO  c.e.s.f.s.i.JpaShiftAdapter - ⏱ hourlyLabels = [08:00, 09:00, 10:00, 11:00, 12:30, 13:30, 14:30, 15:30, 16:30, 17:30, 18:30, 19:30, 20:30, 21:30, 22:30, 23:30, 00:30, 01:30, 02:30, 03:30]
2025-10-16 12:51:46 INFO  c.e.s.f.s.i.JpaShiftAdapter - 📊 hourlyActual = [0, 0, 0, 0, 22, 0, 0, 0, 0, 0, 0, 0, 0, 0, 0, 0, 0, 0, 0, 0]
2025-10-16 12:51:46 DEBUG c.e.s.f.s.i.ShiftSettingsApplier - ✅ Настройки не изменились, смена актуальна: 2025-10-16
2025-10-16 12:51:46 INFO  c.e.s.f.c.a.StoppageReconcilesService - Reconciled date=2025-10-16, hourIndex=4 -> saved 2 auto-stoppage(s)
2025-10-16 12:51:56 INFO  c.e.s.f.s.a.web.SignalController - 📡 Сигнал получен: сенсор = main, дата смены = 2025-10-15
2025-10-16 12:51:57 INFO  c.e.s.f.s.a.e.ProductDetectedListener - [EVENT] Product detected at 2025-10-16T12:51:56.757058300
2025-10-16 12:51:57 INFO  c.e.s.f.s.i.JpaShiftAdapter - 🧪 Читаем shift из БД: 2025-10-16
2025-10-16 12:51:57 INFO  c.e.s.f.s.i.JpaShiftAdapter - ⏱ hourlyLabels = [08:00, 09:00, 10:00, 11:00, 12:30, 13:30, 14:30, 15:30, 16:30, 17:30, 18:30, 19:30, 20:30, 21:30, 22:30, 23:30, 00:30, 01:30, 02:30, 03:30]
2025-10-16 12:51:57 INFO  c.e.s.f.s.i.JpaShiftAdapter - 📊 hourlyActual = [0, 0, 0, 0, 22, 0, 0, 0, 0, 0, 0, 0, 0, 0, 0, 0, 0, 0, 0, 0]
2025-10-16 12:51:57 DEBUG c.e.s.f.s.i.ShiftSettingsApplier - ✅ Настройки не изменились, смена актуальна: 2025-10-16
2025-10-16 12:51:57 INFO  c.e.s.f.s.i.ShiftSettingsApplier - 🔧 Обновлены часы смены: [08:00, 09:00, 10:00, 11:00, 12:30, 13:30, 14:30, 15:30, 16:30, 17:30, 18:30, 19:30, 20:30, 21:30, 22:30, 23:30, 00:30, 01:30, 02:30, 03:30]
2025-10-16 12:51:57 INFO  c.e.s.f.s.i.ShiftSettingsApplier - 📊 Применяем планы: [360, 480, 480, 480, 480, 480, 480, 480, 480, 480, 480, 480, 480, 480, 480, 480, 480, 480, 480, 360]
2025-10-16 12:51:57 INFO  c.e.s.f.s.i.JpaShiftAdapter - 📋 Сохраняем смену: date = 2025-10-16, labels = [08:00, 09:00, 10:00, 11:00, 12:30, 13:30, 14:30, 15:30, 16:30, 17:30, 18:30, 19:30, 20:30, 21:30, 22:30, 23:30, 00:30, 01:30, 02:30, 03:30], plan = [360, 480, 480, 480, 480, 480, 480, 480, 480, 480, 480, 480, 480, 480, 480, 480, 480, 480, 480, 360], actual = [0, 0, 0, 0, 23, 0, 0, 0, 0, 0, 0, 0, 0, 0, 0, 0, 0, 0, 0, 0]
2025-10-16 12:51:57 INFO  c.e.s.f.s.i.JpaShiftAdapter - 💾 Сохраняем actual: [0, 0, 0, 0, 23, 0, 0, 0, 0, 0, 0, 0, 0, 0, 0, 0, 0, 0, 0, 0]
2025-10-16 12:51:57 INFO  c.e.s.f.s.a.ShiftPlannerUseCase - 💾 Смена сохранена: 2025-10-16
2025-10-16 12:51:57 INFO  c.e.s.f.s.i.JpaShiftAdapter - 🧪 Читаем shift из БД: 2025-10-16
2025-10-16 12:51:57 INFO  c.e.s.f.s.i.JpaShiftAdapter - ⏱ hourlyLabels = [08:00, 09:00, 10:00, 11:00, 12:30, 13:30, 14:30, 15:30, 16:30, 17:30, 18:30, 19:30, 20:30, 21:30, 22:30, 23:30, 00:30, 01:30, 02:30, 03:30]
2025-10-16 12:51:57 INFO  c.e.s.f.s.i.JpaShiftAdapter - 📊 hourlyActual = [0, 0, 0, 0, 23, 0, 0, 0, 0, 0, 0, 0, 0, 0, 0, 0, 0, 0, 0, 0]
2025-10-16 12:51:57 INFO  c.e.s.f.s.a.e.ShiftUpdatedListener - 📤 Отправлен ShiftView в /topic/shift-updates: ShiftView[date=2025-10-16, actual=[0, 0, 0, 0, 23, 0, 0, 0, 0, 0, 0, 0, 0, 0, 0, 0, 0, 0, 0, 0], plan=[360, 480, 480, 480, 480, 480, 480, 480, 480, 480, 480, 480, 480, 480, 480, 480, 480, 480, 480, 360], hours=[08:00, 09:00, 10:00, 11:00, 12:30, 13:30, 14:30, 15:30, 16:30, 17:30, 18:30, 19:30, 20:30, 21:30, 22:30, 23:30, 00:30, 01:30, 02:30, 03:30]]
2025-10-16 12:51:57 INFO  c.e.s.f.s.i.JpaShiftAdapter - 🧪 Читаем shift из БД: 2025-10-16
2025-10-16 12:51:57 INFO  c.e.s.f.s.i.JpaShiftAdapter - ⏱ hourlyLabels = [08:00, 09:00, 10:00, 11:00, 12:30, 13:30, 14:30, 15:30, 16:30, 17:30, 18:30, 19:30, 20:30, 21:30, 22:30, 23:30, 00:30, 01:30, 02:30, 03:30]
2025-10-16 12:51:57 INFO  c.e.s.f.s.i.JpaShiftAdapter - 📊 hourlyActual = [0, 0, 0, 0, 23, 0, 0, 0, 0, 0, 0, 0, 0, 0, 0, 0, 0, 0, 0, 0]
2025-10-16 12:51:57 DEBUG c.e.s.f.s.i.ShiftSettingsApplier - ✅ Настройки не изменились, смена актуальна: 2025-10-16
2025-10-16 12:51:57 INFO  c.e.s.f.c.a.StoppageReconcilesService - Reconciled date=2025-10-16, hourIndex=4 -> saved 2 auto-stoppage(s)
2025-10-16 12:52:07 INFO  c.e.s.f.s.a.web.SignalController - 📡 Сигнал получен: сенсор = main, дата смены = 2025-10-15
2025-10-16 12:52:08 INFO  c.e.s.f.s.a.e.ProductDetectedListener - [EVENT] Product detected at 2025-10-16T12:52:07.882426
2025-10-16 12:52:08 INFO  c.e.s.f.s.i.JpaShiftAdapter - 🧪 Читаем shift из БД: 2025-10-16
2025-10-16 12:52:08 INFO  c.e.s.f.s.i.JpaShiftAdapter - ⏱ hourlyLabels = [08:00, 09:00, 10:00, 11:00, 12:30, 13:30, 14:30, 15:30, 16:30, 17:30, 18:30, 19:30, 20:30, 21:30, 22:30, 23:30, 00:30, 01:30, 02:30, 03:30]
2025-10-16 12:52:08 INFO  c.e.s.f.s.i.JpaShiftAdapter - 📊 hourlyActual = [0, 0, 0, 0, 23, 0, 0, 0, 0, 0, 0, 0, 0, 0, 0, 0, 0, 0, 0, 0]
2025-10-16 12:52:08 DEBUG c.e.s.f.s.i.ShiftSettingsApplier - ✅ Настройки не изменились, смена актуальна: 2025-10-16
2025-10-16 12:52:08 INFO  c.e.s.f.s.i.ShiftSettingsApplier - 🔧 Обновлены часы смены: [08:00, 09:00, 10:00, 11:00, 12:30, 13:30, 14:30, 15:30, 16:30, 17:30, 18:30, 19:30, 20:30, 21:30, 22:30, 23:30, 00:30, 01:30, 02:30, 03:30]
2025-10-16 12:52:08 INFO  c.e.s.f.s.i.ShiftSettingsApplier - 📊 Применяем планы: [360, 480, 480, 480, 480, 480, 480, 480, 480, 480, 480, 480, 480, 480, 480, 480, 480, 480, 480, 360]
2025-10-16 12:52:08 INFO  c.e.s.f.s.i.JpaShiftAdapter - 📋 Сохраняем смену: date = 2025-10-16, labels = [08:00, 09:00, 10:00, 11:00, 12:30, 13:30, 14:30, 15:30, 16:30, 17:30, 18:30, 19:30, 20:30, 21:30, 22:30, 23:30, 00:30, 01:30, 02:30, 03:30], plan = [360, 480, 480, 480, 480, 480, 480, 480, 480, 480, 480, 480, 480, 480, 480, 480, 480, 480, 480, 360], actual = [0, 0, 0, 0, 24, 0, 0, 0, 0, 0, 0, 0, 0, 0, 0, 0, 0, 0, 0, 0]
2025-10-16 12:52:08 INFO  c.e.s.f.s.i.JpaShiftAdapter - 💾 Сохраняем actual: [0, 0, 0, 0, 24, 0, 0, 0, 0, 0, 0, 0, 0, 0, 0, 0, 0, 0, 0, 0]
2025-10-16 12:52:08 INFO  c.e.s.f.s.a.ShiftPlannerUseCase - 💾 Смена сохранена: 2025-10-16
2025-10-16 12:52:08 INFO  c.e.s.f.s.i.JpaShiftAdapter - 🧪 Читаем shift из БД: 2025-10-16
2025-10-16 12:52:08 INFO  c.e.s.f.s.i.JpaShiftAdapter - ⏱ hourlyLabels = [08:00, 09:00, 10:00, 11:00, 12:30, 13:30, 14:30, 15:30, 16:30, 17:30, 18:30, 19:30, 20:30, 21:30, 22:30, 23:30, 00:30, 01:30, 02:30, 03:30]
2025-10-16 12:52:08 INFO  c.e.s.f.s.i.JpaShiftAdapter - 📊 hourlyActual = [0, 0, 0, 0, 24, 0, 0, 0, 0, 0, 0, 0, 0, 0, 0, 0, 0, 0, 0, 0]
2025-10-16 12:52:08 INFO  c.e.s.f.s.a.e.ShiftUpdatedListener - 📤 Отправлен ShiftView в /topic/shift-updates: ShiftView[date=2025-10-16, actual=[0, 0, 0, 0, 24, 0, 0, 0, 0, 0, 0, 0, 0, 0, 0, 0, 0, 0, 0, 0], plan=[360, 480, 480, 480, 480, 480, 480, 480, 480, 480, 480, 480, 480, 480, 480, 480, 480, 480, 480, 360], hours=[08:00, 09:00, 10:00, 11:00, 12:30, 13:30, 14:30, 15:30, 16:30, 17:30, 18:30, 19:30, 20:30, 21:30, 22:30, 23:30, 00:30, 01:30, 02:30, 03:30]]
2025-10-16 12:52:08 INFO  c.e.s.f.s.i.JpaShiftAdapter - 🧪 Читаем shift из БД: 2025-10-16
2025-10-16 12:52:08 INFO  c.e.s.f.s.i.JpaShiftAdapter - ⏱ hourlyLabels = [08:00, 09:00, 10:00, 11:00, 12:30, 13:30, 14:30, 15:30, 16:30, 17:30, 18:30, 19:30, 20:30, 21:30, 22:30, 23:30, 00:30, 01:30, 02:30, 03:30]
2025-10-16 12:52:08 INFO  c.e.s.f.s.i.JpaShiftAdapter - 📊 hourlyActual = [0, 0, 0, 0, 24, 0, 0, 0, 0, 0, 0, 0, 0, 0, 0, 0, 0, 0, 0, 0]
2025-10-16 12:52:08 DEBUG c.e.s.f.s.i.ShiftSettingsApplier - ✅ Настройки не изменились, смена актуальна: 2025-10-16
2025-10-16 12:52:08 INFO  c.e.s.f.c.a.StoppageReconcilesService - Reconciled date=2025-10-16, hourIndex=4 -> saved 2 auto-stoppage(s)
2025-10-16 12:52:19 INFO  c.e.s.f.s.a.web.SignalController - 📡 Сигнал получен: сенсор = main, дата смены = 2025-10-15
2025-10-16 12:52:20 INFO  c.e.s.f.s.a.e.ProductDetectedListener - [EVENT] Product detected at 2025-10-16T12:52:19.514047900
2025-10-16 12:52:20 INFO  c.e.s.f.s.i.JpaShiftAdapter - 🧪 Читаем shift из БД: 2025-10-16
2025-10-16 12:52:20 INFO  c.e.s.f.s.i.JpaShiftAdapter - ⏱ hourlyLabels = [08:00, 09:00, 10:00, 11:00, 12:30, 13:30, 14:30, 15:30, 16:30, 17:30, 18:30, 19:30, 20:30, 21:30, 22:30, 23:30, 00:30, 01:30, 02:30, 03:30]
2025-10-16 12:52:20 INFO  c.e.s.f.s.i.JpaShiftAdapter - 📊 hourlyActual = [0, 0, 0, 0, 24, 0, 0, 0, 0, 0, 0, 0, 0, 0, 0, 0, 0, 0, 0, 0]
2025-10-16 12:52:31 DEBUG c.e.s.f.s.i.ShiftSettingsApplier - ✅ Настройки не изменились, смена актуальна: 2025-10-16
2025-10-16 12:52:31 INFO  c.e.s.f.s.i.ShiftSettingsApplier - 🔧 Обновлены часы смены: [08:00, 09:00, 10:00, 11:00, 12:30, 13:30, 14:30, 15:30, 16:30, 17:30, 18:30, 19:30, 20:30, 21:30, 22:30, 23:30, 00:30, 01:30, 02:30, 03:30]
2025-10-16 12:52:31 INFO  c.e.s.f.s.i.ShiftSettingsApplier - 📊 Применяем планы: [360, 480, 480, 480, 480, 480, 480, 480, 480, 480, 480, 480, 480, 480, 480, 480, 480, 480, 480, 360]
2025-10-16 12:52:32 INFO  c.e.s.f.s.i.JpaShiftAdapter - 📋 Сохраняем смену: date = 2025-10-16, labels = [08:00, 09:00, 10:00, 11:00, 12:30, 13:30, 14:30, 15:30, 16:30, 17:30, 18:30, 19:30, 20:30, 21:30, 22:30, 23:30, 00:30, 01:30, 02:30, 03:30], plan = [360, 480, 480, 480, 480, 480, 480, 480, 480, 480, 480, 480, 480, 480, 480, 480, 480, 480, 480, 360], actual = [0, 0, 0, 0, 25, 0, 0, 0, 0, 0, 0, 0, 0, 0, 0, 0, 0, 0, 0, 0]
2025-10-16 12:52:33 INFO  c.e.s.f.s.i.JpaShiftAdapter - 💾 Сохраняем actual: [0, 0, 0, 0, 25, 0, 0, 0, 0, 0, 0, 0, 0, 0, 0, 0, 0, 0, 0, 0]
2025-10-16 12:52:33 INFO  c.e.s.f.s.a.ShiftPlannerUseCase - 💾 Смена сохранена: 2025-10-16
2025-10-16 12:52:33 INFO  c.e.s.f.s.i.JpaShiftAdapter - 🧪 Читаем shift из БД: 2025-10-16
2025-10-16 12:52:33 INFO  c.e.s.f.s.i.JpaShiftAdapter - ⏱ hourlyLabels = [08:00, 09:00, 10:00, 11:00, 12:30, 13:30, 14:30, 15:30, 16:30, 17:30, 18:30, 19:30, 20:30, 21:30, 22:30, 23:30, 00:30, 01:30, 02:30, 03:30]
2025-10-16 12:52:33 INFO  c.e.s.f.s.i.JpaShiftAdapter - 📊 hourlyActual = [0, 0, 0, 0, 25, 0, 0, 0, 0, 0, 0, 0, 0, 0, 0, 0, 0, 0, 0, 0]
2025-10-16 12:52:33 INFO  c.e.s.f.s.a.e.ShiftUpdatedListener - 📤 Отправлен ShiftView в /topic/shift-updates: ShiftView[date=2025-10-16, actual=[0, 0, 0, 0, 25, 0, 0, 0, 0, 0, 0, 0, 0, 0, 0, 0, 0, 0, 0, 0], plan=[360, 480, 480, 480, 480, 480, 480, 480, 480, 480, 480, 480, 480, 480, 480, 480, 480, 480, 480, 360], hours=[08:00, 09:00, 10:00, 11:00, 12:30, 13:30, 14:30, 15:30, 16:30, 17:30, 18:30, 19:30, 20:30, 21:30, 22:30, 23:30, 00:30, 01:30, 02:30, 03:30]]
2025-10-16 12:52:33 INFO  c.e.s.f.s.i.JpaShiftAdapter - 🧪 Читаем shift из БД: 2025-10-16
2025-10-16 12:52:33 INFO  c.e.s.f.s.i.JpaShiftAdapter - ⏱ hourlyLabels = [08:00, 09:00, 10:00, 11:00, 12:30, 13:30, 14:30, 15:30, 16:30, 17:30, 18:30, 19:30, 20:30, 21:30, 22:30, 23:30, 00:30, 01:30, 02:30, 03:30]
2025-10-16 12:52:33 INFO  c.e.s.f.s.i.JpaShiftAdapter - 📊 hourlyActual = [0, 0, 0, 0, 25, 0, 0, 0, 0, 0, 0, 0, 0, 0, 0, 0, 0, 0, 0, 0]
2025-10-16 12:52:33 DEBUG c.e.s.f.s.i.ShiftSettingsApplier - ✅ Настройки не изменились, смена актуальна: 2025-10-16
2025-10-16 12:52:34 INFO  c.e.s.f.c.a.StoppageReconcilesService - Reconciled date=2025-10-16, hourIndex=4 -> saved 2 auto-stoppage(s)
2025-10-16 12:52:44 INFO  c.e.s.f.s.a.web.SignalController - 📡 Сигнал получен: сенсор = main, дата смены = 2025-10-15
2025-10-16 12:52:44 INFO  c.e.s.f.s.a.e.ProductDetectedListener - [EVENT] Product detected at 2025-10-16T12:52:44.571986400
2025-10-16 12:52:44 INFO  c.e.s.f.s.i.JpaShiftAdapter - 🧪 Читаем shift из БД: 2025-10-16
2025-10-16 12:52:44 INFO  c.e.s.f.s.i.JpaShiftAdapter - ⏱ hourlyLabels = [08:00, 09:00, 10:00, 11:00, 12:30, 13:30, 14:30, 15:30, 16:30, 17:30, 18:30, 19:30, 20:30, 21:30, 22:30, 23:30, 00:30, 01:30, 02:30, 03:30]
2025-10-16 12:52:44 INFO  c.e.s.f.s.i.JpaShiftAdapter - 📊 hourlyActual = [0, 0, 0, 0, 25, 0, 0, 0, 0, 0, 0, 0, 0, 0, 0, 0, 0, 0, 0, 0]
2025-10-16 12:52:44 DEBUG c.e.s.f.s.i.ShiftSettingsApplier - ✅ Настройки не изменились, смена актуальна: 2025-10-16
2025-10-16 12:52:44 INFO  c.e.s.f.s.i.ShiftSettingsApplier - 🔧 Обновлены часы смены: [08:00, 09:00, 10:00, 11:00, 12:30, 13:30, 14:30, 15:30, 16:30, 17:30, 18:30, 19:30, 20:30, 21:30, 22:30, 23:30, 00:30, 01:30, 02:30, 03:30]
2025-10-16 12:52:44 INFO  c.e.s.f.s.i.ShiftSettingsApplier - 📊 Применяем планы: [360, 480, 480, 480, 480, 480, 480, 480, 480, 480, 480, 480, 480, 480, 480, 480, 480, 480, 480, 360]
2025-10-16 12:52:44 INFO  c.e.s.f.s.i.JpaShiftAdapter - 📋 Сохраняем смену: date = 2025-10-16, labels = [08:00, 09:00, 10:00, 11:00, 12:30, 13:30, 14:30, 15:30, 16:30, 17:30, 18:30, 19:30, 20:30, 21:30, 22:30, 23:30, 00:30, 01:30, 02:30, 03:30], plan = [360, 480, 480, 480, 480, 480, 480, 480, 480, 480, 480, 480, 480, 480, 480, 480, 480, 480, 480, 360], actual = [0, 0, 0, 0, 26, 0, 0, 0, 0, 0, 0, 0, 0, 0, 0, 0, 0, 0, 0, 0]
2025-10-16 12:52:44 INFO  c.e.s.f.s.i.JpaShiftAdapter - 💾 Сохраняем actual: [0, 0, 0, 0, 26, 0, 0, 0, 0, 0, 0, 0, 0, 0, 0, 0, 0, 0, 0, 0]
2025-10-16 12:52:44 INFO  c.e.s.f.s.a.ShiftPlannerUseCase - 💾 Смена сохранена: 2025-10-16
2025-10-16 12:52:44 INFO  c.e.s.f.s.i.JpaShiftAdapter - 🧪 Читаем shift из БД: 2025-10-16
2025-10-16 12:52:44 INFO  c.e.s.f.s.i.JpaShiftAdapter - ⏱ hourlyLabels = [08:00, 09:00, 10:00, 11:00, 12:30, 13:30, 14:30, 15:30, 16:30, 17:30, 18:30, 19:30, 20:30, 21:30, 22:30, 23:30, 00:30, 01:30, 02:30, 03:30]
2025-10-16 12:52:44 INFO  c.e.s.f.s.i.JpaShiftAdapter - 📊 hourlyActual = [0, 0, 0, 0, 26, 0, 0, 0, 0, 0, 0, 0, 0, 0, 0, 0, 0, 0, 0, 0]
2025-10-16 12:52:44 INFO  c.e.s.f.s.a.e.ShiftUpdatedListener - 📤 Отправлен ShiftView в /topic/shift-updates: ShiftView[date=2025-10-16, actual=[0, 0, 0, 0, 26, 0, 0, 0, 0, 0, 0, 0, 0, 0, 0, 0, 0, 0, 0, 0], plan=[360, 480, 480, 480, 480, 480, 480, 480, 480, 480, 480, 480, 480, 480, 480, 480, 480, 480, 480, 360], hours=[08:00, 09:00, 10:00, 11:00, 12:30, 13:30, 14:30, 15:30, 16:30, 17:30, 18:30, 19:30, 20:30, 21:30, 22:30, 23:30, 00:30, 01:30, 02:30, 03:30]]
2025-10-16 12:52:45 INFO  c.e.s.f.s.i.JpaShiftAdapter - 🧪 Читаем shift из БД: 2025-10-16
2025-10-16 12:52:45 INFO  c.e.s.f.s.i.JpaShiftAdapter - ⏱ hourlyLabels = [08:00, 09:00, 10:00, 11:00, 12:30, 13:30, 14:30, 15:30, 16:30, 17:30, 18:30, 19:30, 20:30, 21:30, 22:30, 23:30, 00:30, 01:30, 02:30, 03:30]
2025-10-16 12:52:45 INFO  c.e.s.f.s.i.JpaShiftAdapter - 📊 hourlyActual = [0, 0, 0, 0, 26, 0, 0, 0, 0, 0, 0, 0, 0, 0, 0, 0, 0, 0, 0, 0]
2025-10-16 12:52:45 DEBUG c.e.s.f.s.i.ShiftSettingsApplier - ✅ Настройки не изменились, смена актуальна: 2025-10-16
2025-10-16 12:52:45 INFO  c.e.s.f.c.a.StoppageReconcilesService - Reconciled date=2025-10-16, hourIndex=4 -> saved 2 auto-stoppage(s)
2025-10-16 12:52:55 INFO  c.e.s.f.s.a.web.SignalController - 📡 Сигнал получен: сенсор = main, дата смены = 2025-10-15
2025-10-16 12:52:55 INFO  c.e.s.f.s.a.e.ProductDetectedListener - [EVENT] Product detected at 2025-10-16T12:52:55.219081600
2025-10-16 12:52:55 INFO  c.e.s.f.s.i.JpaShiftAdapter - 🧪 Читаем shift из БД: 2025-10-16
2025-10-16 12:52:55 INFO  c.e.s.f.s.i.JpaShiftAdapter - ⏱ hourlyLabels = [08:00, 09:00, 10:00, 11:00, 12:30, 13:30, 14:30, 15:30, 16:30, 17:30, 18:30, 19:30, 20:30, 21:30, 22:30, 23:30, 00:30, 01:30, 02:30, 03:30]
2025-10-16 12:52:55 INFO  c.e.s.f.s.i.JpaShiftAdapter - 📊 hourlyActual = [0, 0, 0, 0, 26, 0, 0, 0, 0, 0, 0, 0, 0, 0, 0, 0, 0, 0, 0, 0]
2025-10-16 12:52:55 DEBUG c.e.s.f.s.i.ShiftSettingsApplier - ✅ Настройки не изменились, смена актуальна: 2025-10-16
2025-10-16 12:52:55 INFO  c.e.s.f.s.i.ShiftSettingsApplier - 🔧 Обновлены часы смены: [08:00, 09:00, 10:00, 11:00, 12:30, 13:30, 14:30, 15:30, 16:30, 17:30, 18:30, 19:30, 20:30, 21:30, 22:30, 23:30, 00:30, 01:30, 02:30, 03:30]
2025-10-16 12:52:55 INFO  c.e.s.f.s.i.ShiftSettingsApplier - 📊 Применяем планы: [360, 480, 480, 480, 480, 480, 480, 480, 480, 480, 480, 480, 480, 480, 480, 480, 480, 480, 480, 360]
2025-10-16 12:52:55 INFO  c.e.s.f.s.i.JpaShiftAdapter - 📋 Сохраняем смену: date = 2025-10-16, labels = [08:00, 09:00, 10:00, 11:00, 12:30, 13:30, 14:30, 15:30, 16:30, 17:30, 18:30, 19:30, 20:30, 21:30, 22:30, 23:30, 00:30, 01:30, 02:30, 03:30], plan = [360, 480, 480, 480, 480, 480, 480, 480, 480, 480, 480, 480, 480, 480, 480, 480, 480, 480, 480, 360], actual = [0, 0, 0, 0, 27, 0, 0, 0, 0, 0, 0, 0, 0, 0, 0, 0, 0, 0, 0, 0]
2025-10-16 12:52:55 INFO  c.e.s.f.s.i.JpaShiftAdapter - 💾 Сохраняем actual: [0, 0, 0, 0, 27, 0, 0, 0, 0, 0, 0, 0, 0, 0, 0, 0, 0, 0, 0, 0]
2025-10-16 12:52:55 INFO  c.e.s.f.s.a.ShiftPlannerUseCase - 💾 Смена сохранена: 2025-10-16
2025-10-16 12:52:55 INFO  c.e.s.f.s.i.JpaShiftAdapter - 🧪 Читаем shift из БД: 2025-10-16
2025-10-16 12:52:55 INFO  c.e.s.f.s.i.JpaShiftAdapter - ⏱ hourlyLabels = [08:00, 09:00, 10:00, 11:00, 12:30, 13:30, 14:30, 15:30, 16:30, 17:30, 18:30, 19:30, 20:30, 21:30, 22:30, 23:30, 00:30, 01:30, 02:30, 03:30]
2025-10-16 12:52:55 INFO  c.e.s.f.s.i.JpaShiftAdapter - 📊 hourlyActual = [0, 0, 0, 0, 27, 0, 0, 0, 0, 0, 0, 0, 0, 0, 0, 0, 0, 0, 0, 0]
2025-10-16 12:52:55 INFO  c.e.s.f.s.a.e.ShiftUpdatedListener - 📤 Отправлен ShiftView в /topic/shift-updates: ShiftView[date=2025-10-16, actual=[0, 0, 0, 0, 27, 0, 0, 0, 0, 0, 0, 0, 0, 0, 0, 0, 0, 0, 0, 0], plan=[360, 480, 480, 480, 480, 480, 480, 480, 480, 480, 480, 480, 480, 480, 480, 480, 480, 480, 480, 360], hours=[08:00, 09:00, 10:00, 11:00, 12:30, 13:30, 14:30, 15:30, 16:30, 17:30, 18:30, 19:30, 20:30, 21:30, 22:30, 23:30, 00:30, 01:30, 02:30, 03:30]]
2025-10-16 12:52:56 INFO  c.e.s.f.s.i.JpaShiftAdapter - 🧪 Читаем shift из БД: 2025-10-16
2025-10-16 12:52:56 INFO  c.e.s.f.s.i.JpaShiftAdapter - ⏱ hourlyLabels = [08:00, 09:00, 10:00, 11:00, 12:30, 13:30, 14:30, 15:30, 16:30, 17:30, 18:30, 19:30, 20:30, 21:30, 22:30, 23:30, 00:30, 01:30, 02:30, 03:30]
2025-10-16 12:52:56 INFO  c.e.s.f.s.i.JpaShiftAdapter - 📊 hourlyActual = [0, 0, 0, 0, 27, 0, 0, 0, 0, 0, 0, 0, 0, 0, 0, 0, 0, 0, 0, 0]
2025-10-16 12:52:56 DEBUG c.e.s.f.s.i.ShiftSettingsApplier - ✅ Настройки не изменились, смена актуальна: 2025-10-16
2025-10-16 12:52:56 INFO  c.e.s.f.c.a.StoppageReconcilesService - Reconciled date=2025-10-16, hourIndex=4 -> saved 2 auto-stoppage(s)
2025-10-16 12:53:07 INFO  c.e.s.f.s.a.web.SignalController - 📡 Сигнал получен: сенсор = main, дата смены = 2025-10-15
2025-10-16 12:53:08 INFO  c.e.s.f.s.a.e.ProductDetectedListener - [EVENT] Product detected at 2025-10-16T12:53:07.247665700
2025-10-16 12:53:09 INFO  c.e.s.f.s.i.JpaShiftAdapter - 🧪 Читаем shift из БД: 2025-10-16
2025-10-16 12:53:09 INFO  c.e.s.f.s.i.JpaShiftAdapter - ⏱ hourlyLabels = [08:00, 09:00, 10:00, 11:00, 12:30, 13:30, 14:30, 15:30, 16:30, 17:30, 18:30, 19:30, 20:30, 21:30, 22:30, 23:30, 00:30, 01:30, 02:30, 03:30]
2025-10-16 12:53:09 INFO  c.e.s.f.s.i.JpaShiftAdapter - 📊 hourlyActual = [0, 0, 0, 0, 27, 0, 0, 0, 0, 0, 0, 0, 0, 0, 0, 0, 0, 0, 0, 0]
2025-10-16 12:53:09 DEBUG c.e.s.f.s.i.ShiftSettingsApplier - ✅ Настройки не изменились, смена актуальна: 2025-10-16
2025-10-16 12:53:09 INFO  c.e.s.f.s.i.ShiftSettingsApplier - 🔧 Обновлены часы смены: [08:00, 09:00, 10:00, 11:00, 12:30, 13:30, 14:30, 15:30, 16:30, 17:30, 18:30, 19:30, 20:30, 21:30, 22:30, 23:30, 00:30, 01:30, 02:30, 03:30]
2025-10-16 12:53:09 INFO  c.e.s.f.s.i.ShiftSettingsApplier - 📊 Применяем планы: [360, 480, 480, 480, 480, 480, 480, 480, 480, 480, 480, 480, 480, 480, 480, 480, 480, 480, 480, 360]
2025-10-16 12:53:09 INFO  c.e.s.f.s.i.JpaShiftAdapter - 📋 Сохраняем смену: date = 2025-10-16, labels = [08:00, 09:00, 10:00, 11:00, 12:30, 13:30, 14:30, 15:30, 16:30, 17:30, 18:30, 19:30, 20:30, 21:30, 22:30, 23:30, 00:30, 01:30, 02:30, 03:30], plan = [360, 480, 480, 480, 480, 480, 480, 480, 480, 480, 480, 480, 480, 480, 480, 480, 480, 480, 480, 360], actual = [0, 0, 0, 0, 28, 0, 0, 0, 0, 0, 0, 0, 0, 0, 0, 0, 0, 0, 0, 0]
2025-10-16 12:53:09 INFO  c.e.s.f.s.i.JpaShiftAdapter - 💾 Сохраняем actual: [0, 0, 0, 0, 28, 0, 0, 0, 0, 0, 0, 0, 0, 0, 0, 0, 0, 0, 0, 0]
2025-10-16 12:53:09 INFO  c.e.s.f.s.a.ShiftPlannerUseCase - 💾 Смена сохранена: 2025-10-16
2025-10-16 12:53:09 INFO  c.e.s.f.s.i.JpaShiftAdapter - 🧪 Читаем shift из БД: 2025-10-16
2025-10-16 12:53:09 INFO  c.e.s.f.s.i.JpaShiftAdapter - ⏱ hourlyLabels = [08:00, 09:00, 10:00, 11:00, 12:30, 13:30, 14:30, 15:30, 16:30, 17:30, 18:30, 19:30, 20:30, 21:30, 22:30, 23:30, 00:30, 01:30, 02:30, 03:30]
2025-10-16 12:53:09 INFO  c.e.s.f.s.i.JpaShiftAdapter - 📊 hourlyActual = [0, 0, 0, 0, 28, 0, 0, 0, 0, 0, 0, 0, 0, 0, 0, 0, 0, 0, 0, 0]
2025-10-16 12:53:09 INFO  c.e.s.f.s.a.e.ShiftUpdatedListener - 📤 Отправлен ShiftView в /topic/shift-updates: ShiftView[date=2025-10-16, actual=[0, 0, 0, 0, 28, 0, 0, 0, 0, 0, 0, 0, 0, 0, 0, 0, 0, 0, 0, 0], plan=[360, 480, 480, 480, 480, 480, 480, 480, 480, 480, 480, 480, 480, 480, 480, 480, 480, 480, 480, 360], hours=[08:00, 09:00, 10:00, 11:00, 12:30, 13:30, 14:30, 15:30, 16:30, 17:30, 18:30, 19:30, 20:30, 21:30, 22:30, 23:30, 00:30, 01:30, 02:30, 03:30]]
2025-10-16 12:53:10 INFO  c.e.s.f.s.i.JpaShiftAdapter - 🧪 Читаем shift из БД: 2025-10-16
2025-10-16 12:53:10 INFO  c.e.s.f.s.i.JpaShiftAdapter - ⏱ hourlyLabels = [08:00, 09:00, 10:00, 11:00, 12:30, 13:30, 14:30, 15:30, 16:30, 17:30, 18:30, 19:30, 20:30, 21:30, 22:30, 23:30, 00:30, 01:30, 02:30, 03:30]
2025-10-16 12:53:10 INFO  c.e.s.f.s.i.JpaShiftAdapter - 📊 hourlyActual = [0, 0, 0, 0, 28, 0, 0, 0, 0, 0, 0, 0, 0, 0, 0, 0, 0, 0, 0, 0]
2025-10-16 12:53:10 DEBUG c.e.s.f.s.i.ShiftSettingsApplier - ✅ Настройки не изменились, смена актуальна: 2025-10-16
2025-10-16 12:53:10 INFO  c.e.s.f.c.a.StoppageReconcilesService - Reconciled date=2025-10-16, hourIndex=4 -> saved 2 auto-stoppage(s)
2025-10-16 12:53:26 INFO  c.e.s.f.s.a.web.SignalController - 📡 Сигнал получен: сенсор = main, дата смены = 2025-10-15
2025-10-16 12:53:27 INFO  c.e.s.f.s.a.e.ProductDetectedListener - [EVENT] Product detected at 2025-10-16T12:53:26.868349900
2025-10-16 12:53:27 INFO  c.e.s.f.s.i.JpaShiftAdapter - 🧪 Читаем shift из БД: 2025-10-16
2025-10-16 12:53:27 INFO  c.e.s.f.s.i.JpaShiftAdapter - ⏱ hourlyLabels = [08:00, 09:00, 10:00, 11:00, 12:30, 13:30, 14:30, 15:30, 16:30, 17:30, 18:30, 19:30, 20:30, 21:30, 22:30, 23:30, 00:30, 01:30, 02:30, 03:30]
2025-10-16 12:53:27 INFO  c.e.s.f.s.i.JpaShiftAdapter - 📊 hourlyActual = [0, 0, 0, 0, 28, 0, 0, 0, 0, 0, 0, 0, 0, 0, 0, 0, 0, 0, 0, 0]
2025-10-16 12:53:27 DEBUG c.e.s.f.s.i.ShiftSettingsApplier - ✅ Настройки не изменились, смена актуальна: 2025-10-16
2025-10-16 12:53:27 INFO  c.e.s.f.s.i.ShiftSettingsApplier - 🔧 Обновлены часы смены: [08:00, 09:00, 10:00, 11:00, 12:30, 13:30, 14:30, 15:30, 16:30, 17:30, 18:30, 19:30, 20:30, 21:30, 22:30, 23:30, 00:30, 01:30, 02:30, 03:30]
2025-10-16 12:53:27 INFO  c.e.s.f.s.i.ShiftSettingsApplier - 📊 Применяем планы: [360, 480, 480, 480, 480, 480, 480, 480, 480, 480, 480, 480, 480, 480, 480, 480, 480, 480, 480, 360]
2025-10-16 12:53:27 INFO  c.e.s.f.s.i.JpaShiftAdapter - 📋 Сохраняем смену: date = 2025-10-16, labels = [08:00, 09:00, 10:00, 11:00, 12:30, 13:30, 14:30, 15:30, 16:30, 17:30, 18:30, 19:30, 20:30, 21:30, 22:30, 23:30, 00:30, 01:30, 02:30, 03:30], plan = [360, 480, 480, 480, 480, 480, 480, 480, 480, 480, 480, 480, 480, 480, 480, 480, 480, 480, 480, 360], actual = [0, 0, 0, 0, 29, 0, 0, 0, 0, 0, 0, 0, 0, 0, 0, 0, 0, 0, 0, 0]
2025-10-16 12:53:27 INFO  c.e.s.f.s.i.JpaShiftAdapter - 💾 Сохраняем actual: [0, 0, 0, 0, 29, 0, 0, 0, 0, 0, 0, 0, 0, 0, 0, 0, 0, 0, 0, 0]
2025-10-16 12:53:27 INFO  c.e.s.f.s.a.ShiftPlannerUseCase - 💾 Смена сохранена: 2025-10-16
2025-10-16 12:53:27 INFO  c.e.s.f.s.i.JpaShiftAdapter - 🧪 Читаем shift из БД: 2025-10-16
2025-10-16 12:53:27 INFO  c.e.s.f.s.i.JpaShiftAdapter - ⏱ hourlyLabels = [08:00, 09:00, 10:00, 11:00, 12:30, 13:30, 14:30, 15:30, 16:30, 17:30, 18:30, 19:30, 20:30, 21:30, 22:30, 23:30, 00:30, 01:30, 02:30, 03:30]
2025-10-16 12:53:27 INFO  c.e.s.f.s.i.JpaShiftAdapter - 📊 hourlyActual = [0, 0, 0, 0, 29, 0, 0, 0, 0, 0, 0, 0, 0, 0, 0, 0, 0, 0, 0, 0]
2025-10-16 12:53:27 INFO  c.e.s.f.s.a.e.ShiftUpdatedListener - 📤 Отправлен ShiftView в /topic/shift-updates: ShiftView[date=2025-10-16, actual=[0, 0, 0, 0, 29, 0, 0, 0, 0, 0, 0, 0, 0, 0, 0, 0, 0, 0, 0, 0], plan=[360, 480, 480, 480, 480, 480, 480, 480, 480, 480, 480, 480, 480, 480, 480, 480, 480, 480, 480, 360], hours=[08:00, 09:00, 10:00, 11:00, 12:30, 13:30, 14:30, 15:30, 16:30, 17:30, 18:30, 19:30, 20:30, 21:30, 22:30, 23:30, 00:30, 01:30, 02:30, 03:30]]
2025-10-16 12:53:27 INFO  c.e.s.f.s.i.JpaShiftAdapter - 🧪 Читаем shift из БД: 2025-10-16
2025-10-16 12:53:27 INFO  c.e.s.f.s.i.JpaShiftAdapter - ⏱ hourlyLabels = [08:00, 09:00, 10:00, 11:00, 12:30, 13:30, 14:30, 15:30, 16:30, 17:30, 18:30, 19:30, 20:30, 21:30, 22:30, 23:30, 00:30, 01:30, 02:30, 03:30]
2025-10-16 12:53:27 INFO  c.e.s.f.s.i.JpaShiftAdapter - 📊 hourlyActual = [0, 0, 0, 0, 29, 0, 0, 0, 0, 0, 0, 0, 0, 0, 0, 0, 0, 0, 0, 0]
2025-10-16 12:53:27 DEBUG c.e.s.f.s.i.ShiftSettingsApplier - ✅ Настройки не изменились, смена актуальна: 2025-10-16
2025-10-16 12:53:27 INFO  c.e.s.f.c.a.StoppageReconcilesService - Reconciled date=2025-10-16, hourIndex=4 -> saved 2 auto-stoppage(s)
2025-10-16 12:53:37 INFO  c.e.s.f.s.a.web.SignalController - 📡 Сигнал получен: сенсор = main, дата смены = 2025-10-15
2025-10-16 12:53:38 INFO  c.e.s.f.s.a.e.ProductDetectedListener - [EVENT] Product detected at 2025-10-16T12:53:37.844996200
2025-10-16 12:53:38 INFO  c.e.s.f.s.i.JpaShiftAdapter - 🧪 Читаем shift из БД: 2025-10-16
2025-10-16 12:53:38 INFO  c.e.s.f.s.i.JpaShiftAdapter - ⏱ hourlyLabels = [08:00, 09:00, 10:00, 11:00, 12:30, 13:30, 14:30, 15:30, 16:30, 17:30, 18:30, 19:30, 20:30, 21:30, 22:30, 23:30, 00:30, 01:30, 02:30, 03:30]
2025-10-16 12:53:38 INFO  c.e.s.f.s.i.JpaShiftAdapter - 📊 hourlyActual = [0, 0, 0, 0, 29, 0, 0, 0, 0, 0, 0, 0, 0, 0, 0, 0, 0, 0, 0, 0]
2025-10-16 12:53:38 DEBUG c.e.s.f.s.i.ShiftSettingsApplier - ✅ Настройки не изменились, смена актуальна: 2025-10-16
2025-10-16 12:53:38 INFO  c.e.s.f.s.i.ShiftSettingsApplier - 🔧 Обновлены часы смены: [08:00, 09:00, 10:00, 11:00, 12:30, 13:30, 14:30, 15:30, 16:30, 17:30, 18:30, 19:30, 20:30, 21:30, 22:30, 23:30, 00:30, 01:30, 02:30, 03:30]
2025-10-16 12:53:38 INFO  c.e.s.f.s.i.ShiftSettingsApplier - 📊 Применяем планы: [360, 480, 480, 480, 480, 480, 480, 480, 480, 480, 480, 480, 480, 480, 480, 480, 480, 480, 480, 360]
2025-10-16 12:53:38 INFO  c.e.s.f.s.i.JpaShiftAdapter - 📋 Сохраняем смену: date = 2025-10-16, labels = [08:00, 09:00, 10:00, 11:00, 12:30, 13:30, 14:30, 15:30, 16:30, 17:30, 18:30, 19:30, 20:30, 21:30, 22:30, 23:30, 00:30, 01:30, 02:30, 03:30], plan = [360, 480, 480, 480, 480, 480, 480, 480, 480, 480, 480, 480, 480, 480, 480, 480, 480, 480, 480, 360], actual = [0, 0, 0, 0, 30, 0, 0, 0, 0, 0, 0, 0, 0, 0, 0, 0, 0, 0, 0, 0]
2025-10-16 12:53:38 INFO  c.e.s.f.s.i.JpaShiftAdapter - 💾 Сохраняем actual: [0, 0, 0, 0, 30, 0, 0, 0, 0, 0, 0, 0, 0, 0, 0, 0, 0, 0, 0, 0]
2025-10-16 12:53:38 INFO  c.e.s.f.s.a.ShiftPlannerUseCase - 💾 Смена сохранена: 2025-10-16
2025-10-16 12:53:38 INFO  c.e.s.f.s.i.JpaShiftAdapter - 🧪 Читаем shift из БД: 2025-10-16
2025-10-16 12:53:38 INFO  c.e.s.f.s.i.JpaShiftAdapter - ⏱ hourlyLabels = [08:00, 09:00, 10:00, 11:00, 12:30, 13:30, 14:30, 15:30, 16:30, 17:30, 18:30, 19:30, 20:30, 21:30, 22:30, 23:30, 00:30, 01:30, 02:30, 03:30]
2025-10-16 12:53:38 INFO  c.e.s.f.s.i.JpaShiftAdapter - 📊 hourlyActual = [0, 0, 0, 0, 30, 0, 0, 0, 0, 0, 0, 0, 0, 0, 0, 0, 0, 0, 0, 0]
2025-10-16 12:53:38 INFO  c.e.s.f.s.a.e.ShiftUpdatedListener - 📤 Отправлен ShiftView в /topic/shift-updates: ShiftView[date=2025-10-16, actual=[0, 0, 0, 0, 30, 0, 0, 0, 0, 0, 0, 0, 0, 0, 0, 0, 0, 0, 0, 0], plan=[360, 480, 480, 480, 480, 480, 480, 480, 480, 480, 480, 480, 480, 480, 480, 480, 480, 480, 480, 360], hours=[08:00, 09:00, 10:00, 11:00, 12:30, 13:30, 14:30, 15:30, 16:30, 17:30, 18:30, 19:30, 20:30, 21:30, 22:30, 23:30, 00:30, 01:30, 02:30, 03:30]]
2025-10-16 12:53:38 INFO  c.e.s.f.s.i.JpaShiftAdapter - 🧪 Читаем shift из БД: 2025-10-16
2025-10-16 12:53:38 INFO  c.e.s.f.s.i.JpaShiftAdapter - ⏱ hourlyLabels = [08:00, 09:00, 10:00, 11:00, 12:30, 13:30, 14:30, 15:30, 16:30, 17:30, 18:30, 19:30, 20:30, 21:30, 22:30, 23:30, 00:30, 01:30, 02:30, 03:30]
2025-10-16 12:53:38 INFO  c.e.s.f.s.i.JpaShiftAdapter - 📊 hourlyActual = [0, 0, 0, 0, 30, 0, 0, 0, 0, 0, 0, 0, 0, 0, 0, 0, 0, 0, 0, 0]
2025-10-16 12:53:38 DEBUG c.e.s.f.s.i.ShiftSettingsApplier - ✅ Настройки не изменились, смена актуальна: 2025-10-16
2025-10-16 12:53:38 INFO  c.e.s.f.c.a.StoppageReconcilesService - Reconciled date=2025-10-16, hourIndex=4 -> saved 2 auto-stoppage(s)
2025-10-16 12:53:49 INFO  c.e.s.f.s.a.web.SignalController - 📡 Сигнал получен: сенсор = main, дата смены = 2025-10-15
2025-10-16 12:53:49 INFO  c.e.s.f.s.a.e.ProductDetectedListener - [EVENT] Product detected at 2025-10-16T12:53:49.141461900
2025-10-16 12:53:49 INFO  c.e.s.f.s.i.JpaShiftAdapter - 🧪 Читаем shift из БД: 2025-10-16
2025-10-16 12:53:49 INFO  c.e.s.f.s.i.JpaShiftAdapter - ⏱ hourlyLabels = [08:00, 09:00, 10:00, 11:00, 12:30, 13:30, 14:30, 15:30, 16:30, 17:30, 18:30, 19:30, 20:30, 21:30, 22:30, 23:30, 00:30, 01:30, 02:30, 03:30]
2025-10-16 12:53:49 INFO  c.e.s.f.s.i.JpaShiftAdapter - 📊 hourlyActual = [0, 0, 0, 0, 30, 0, 0, 0, 0, 0, 0, 0, 0, 0, 0, 0, 0, 0, 0, 0]
2025-10-16 12:53:51 DEBUG c.e.s.f.s.i.ShiftSettingsApplier - ✅ Настройки не изменились, смена актуальна: 2025-10-16
2025-10-16 12:53:51 INFO  c.e.s.f.s.i.ShiftSettingsApplier - 🔧 Обновлены часы смены: [08:00, 09:00, 10:00, 11:00, 12:30, 13:30, 14:30, 15:30, 16:30, 17:30, 18:30, 19:30, 20:30, 21:30, 22:30, 23:30, 00:30, 01:30, 02:30, 03:30]
2025-10-16 12:53:51 INFO  c.e.s.f.s.i.ShiftSettingsApplier - 📊 Применяем планы: [360, 480, 480, 480, 480, 480, 480, 480, 480, 480, 480, 480, 480, 480, 480, 480, 480, 480, 480, 360]
2025-10-16 12:53:51 INFO  c.e.s.f.s.i.JpaShiftAdapter - 📋 Сохраняем смену: date = 2025-10-16, labels = [08:00, 09:00, 10:00, 11:00, 12:30, 13:30, 14:30, 15:30, 16:30, 17:30, 18:30, 19:30, 20:30, 21:30, 22:30, 23:30, 00:30, 01:30, 02:30, 03:30], plan = [360, 480, 480, 480, 480, 480, 480, 480, 480, 480, 480, 480, 480, 480, 480, 480, 480, 480, 480, 360], actual = [0, 0, 0, 0, 31, 0, 0, 0, 0, 0, 0, 0, 0, 0, 0, 0, 0, 0, 0, 0]
2025-10-16 12:53:51 INFO  c.e.s.f.s.i.JpaShiftAdapter - 💾 Сохраняем actual: [0, 0, 0, 0, 31, 0, 0, 0, 0, 0, 0, 0, 0, 0, 0, 0, 0, 0, 0, 0]
2025-10-16 12:53:52 INFO  c.e.s.f.s.a.ShiftPlannerUseCase - 💾 Смена сохранена: 2025-10-16
2025-10-16 12:53:52 INFO  c.e.s.f.s.i.JpaShiftAdapter - 🧪 Читаем shift из БД: 2025-10-16
2025-10-16 12:53:52 INFO  c.e.s.f.s.i.JpaShiftAdapter - ⏱ hourlyLabels = [08:00, 09:00, 10:00, 11:00, 12:30, 13:30, 14:30, 15:30, 16:30, 17:30, 18:30, 19:30, 20:30, 21:30, 22:30, 23:30, 00:30, 01:30, 02:30, 03:30]
2025-10-16 12:53:52 INFO  c.e.s.f.s.i.JpaShiftAdapter - 📊 hourlyActual = [0, 0, 0, 0, 31, 0, 0, 0, 0, 0, 0, 0, 0, 0, 0, 0, 0, 0, 0, 0]
2025-10-16 12:53:52 INFO  c.e.s.f.s.a.e.ShiftUpdatedListener - 📤 Отправлен ShiftView в /topic/shift-updates: ShiftView[date=2025-10-16, actual=[0, 0, 0, 0, 31, 0, 0, 0, 0, 0, 0, 0, 0, 0, 0, 0, 0, 0, 0, 0], plan=[360, 480, 480, 480, 480, 480, 480, 480, 480, 480, 480, 480, 480, 480, 480, 480, 480, 480, 480, 360], hours=[08:00, 09:00, 10:00, 11:00, 12:30, 13:30, 14:30, 15:30, 16:30, 17:30, 18:30, 19:30, 20:30, 21:30, 22:30, 23:30, 00:30, 01:30, 02:30, 03:30]]
2025-10-16 12:53:52 INFO  c.e.s.f.s.i.JpaShiftAdapter - 🧪 Читаем shift из БД: 2025-10-16
2025-10-16 12:53:52 INFO  c.e.s.f.s.i.JpaShiftAdapter - ⏱ hourlyLabels = [08:00, 09:00, 10:00, 11:00, 12:30, 13:30, 14:30, 15:30, 16:30, 17:30, 18:30, 19:30, 20:30, 21:30, 22:30, 23:30, 00:30, 01:30, 02:30, 03:30]
2025-10-16 12:53:52 INFO  c.e.s.f.s.i.JpaShiftAdapter - 📊 hourlyActual = [0, 0, 0, 0, 31, 0, 0, 0, 0, 0, 0, 0, 0, 0, 0, 0, 0, 0, 0, 0]
2025-10-16 12:53:52 DEBUG c.e.s.f.s.i.ShiftSettingsApplier - ✅ Настройки не изменились, смена актуальна: 2025-10-16
2025-10-16 12:53:52 INFO  c.e.s.f.c.a.StoppageReconcilesService - Reconciled date=2025-10-16, hourIndex=4 -> saved 2 auto-stoppage(s)
2025-10-16 12:54:02 INFO  c.e.s.f.s.a.web.SignalController - 📡 Сигнал получен: сенсор = main, дата смены = 2025-10-15
2025-10-16 12:54:02 INFO  c.e.s.f.s.a.e.ProductDetectedListener - [EVENT] Product detected at 2025-10-16T12:54:02.542447
2025-10-16 12:54:02 INFO  c.e.s.f.s.i.JpaShiftAdapter - 🧪 Читаем shift из БД: 2025-10-16
2025-10-16 12:54:02 INFO  c.e.s.f.s.i.JpaShiftAdapter - ⏱ hourlyLabels = [08:00, 09:00, 10:00, 11:00, 12:30, 13:30, 14:30, 15:30, 16:30, 17:30, 18:30, 19:30, 20:30, 21:30, 22:30, 23:30, 00:30, 01:30, 02:30, 03:30]
2025-10-16 12:54:02 INFO  c.e.s.f.s.i.JpaShiftAdapter - 📊 hourlyActual = [0, 0, 0, 0, 31, 0, 0, 0, 0, 0, 0, 0, 0, 0, 0, 0, 0, 0, 0, 0]
2025-10-16 12:54:02 DEBUG c.e.s.f.s.i.ShiftSettingsApplier - ✅ Настройки не изменились, смена актуальна: 2025-10-16
2025-10-16 12:54:02 INFO  c.e.s.f.s.i.ShiftSettingsApplier - 🔧 Обновлены часы смены: [08:00, 09:00, 10:00, 11:00, 12:30, 13:30, 14:30, 15:30, 16:30, 17:30, 18:30, 19:30, 20:30, 21:30, 22:30, 23:30, 00:30, 01:30, 02:30, 03:30]
2025-10-16 12:54:02 INFO  c.e.s.f.s.i.ShiftSettingsApplier - 📊 Применяем планы: [360, 480, 480, 480, 480, 480, 480, 480, 480, 480, 480, 480, 480, 480, 480, 480, 480, 480, 480, 360]
2025-10-16 12:54:02 INFO  c.e.s.f.s.i.JpaShiftAdapter - 📋 Сохраняем смену: date = 2025-10-16, labels = [08:00, 09:00, 10:00, 11:00, 12:30, 13:30, 14:30, 15:30, 16:30, 17:30, 18:30, 19:30, 20:30, 21:30, 22:30, 23:30, 00:30, 01:30, 02:30, 03:30], plan = [360, 480, 480, 480, 480, 480, 480, 480, 480, 480, 480, 480, 480, 480, 480, 480, 480, 480, 480, 360], actual = [0, 0, 0, 0, 32, 0, 0, 0, 0, 0, 0, 0, 0, 0, 0, 0, 0, 0, 0, 0]
2025-10-16 12:54:02 INFO  c.e.s.f.s.i.JpaShiftAdapter - 💾 Сохраняем actual: [0, 0, 0, 0, 32, 0, 0, 0, 0, 0, 0, 0, 0, 0, 0, 0, 0, 0, 0, 0]
2025-10-16 12:54:02 INFO  c.e.s.f.s.a.ShiftPlannerUseCase - 💾 Смена сохранена: 2025-10-16
2025-10-16 12:54:02 INFO  c.e.s.f.s.i.JpaShiftAdapter - 🧪 Читаем shift из БД: 2025-10-16
2025-10-16 12:54:02 INFO  c.e.s.f.s.i.JpaShiftAdapter - ⏱ hourlyLabels = [08:00, 09:00, 10:00, 11:00, 12:30, 13:30, 14:30, 15:30, 16:30, 17:30, 18:30, 19:30, 20:30, 21:30, 22:30, 23:30, 00:30, 01:30, 02:30, 03:30]
2025-10-16 12:54:02 INFO  c.e.s.f.s.i.JpaShiftAdapter - 📊 hourlyActual = [0, 0, 0, 0, 32, 0, 0, 0, 0, 0, 0, 0, 0, 0, 0, 0, 0, 0, 0, 0]
2025-10-16 12:54:02 INFO  c.e.s.f.s.a.e.ShiftUpdatedListener - 📤 Отправлен ShiftView в /topic/shift-updates: ShiftView[date=2025-10-16, actual=[0, 0, 0, 0, 32, 0, 0, 0, 0, 0, 0, 0, 0, 0, 0, 0, 0, 0, 0, 0], plan=[360, 480, 480, 480, 480, 480, 480, 480, 480, 480, 480, 480, 480, 480, 480, 480, 480, 480, 480, 360], hours=[08:00, 09:00, 10:00, 11:00, 12:30, 13:30, 14:30, 15:30, 16:30, 17:30, 18:30, 19:30, 20:30, 21:30, 22:30, 23:30, 00:30, 01:30, 02:30, 03:30]]
2025-10-16 12:54:02 INFO  c.e.s.f.s.i.JpaShiftAdapter - 🧪 Читаем shift из БД: 2025-10-16
2025-10-16 12:54:02 INFO  c.e.s.f.s.i.JpaShiftAdapter - ⏱ hourlyLabels = [08:00, 09:00, 10:00, 11:00, 12:30, 13:30, 14:30, 15:30, 16:30, 17:30, 18:30, 19:30, 20:30, 21:30, 22:30, 23:30, 00:30, 01:30, 02:30, 03:30]
2025-10-16 12:54:02 INFO  c.e.s.f.s.i.JpaShiftAdapter - 📊 hourlyActual = [0, 0, 0, 0, 32, 0, 0, 0, 0, 0, 0, 0, 0, 0, 0, 0, 0, 0, 0, 0]
2025-10-16 12:54:02 DEBUG c.e.s.f.s.i.ShiftSettingsApplier - ✅ Настройки не изменились, смена актуальна: 2025-10-16
2025-10-16 12:54:02 INFO  c.e.s.f.c.a.StoppageReconcilesService - Reconciled date=2025-10-16, hourIndex=4 -> saved 2 auto-stoppage(s)
2025-10-16 12:54:12 INFO  c.e.s.f.s.a.web.SignalController - 📡 Сигнал получен: сенсор = main, дата смены = 2025-10-15
2025-10-16 12:54:12 INFO  c.e.s.f.s.a.e.ProductDetectedListener - [EVENT] Product detected at 2025-10-16T12:54:12.883464700
2025-10-16 12:54:12 INFO  c.e.s.f.s.i.JpaShiftAdapter - 🧪 Читаем shift из БД: 2025-10-16
2025-10-16 12:54:12 INFO  c.e.s.f.s.i.JpaShiftAdapter - ⏱ hourlyLabels = [08:00, 09:00, 10:00, 11:00, 12:30, 13:30, 14:30, 15:30, 16:30, 17:30, 18:30, 19:30, 20:30, 21:30, 22:30, 23:30, 00:30, 01:30, 02:30, 03:30]
2025-10-16 12:54:12 INFO  c.e.s.f.s.i.JpaShiftAdapter - 📊 hourlyActual = [0, 0, 0, 0, 32, 0, 0, 0, 0, 0, 0, 0, 0, 0, 0, 0, 0, 0, 0, 0]
2025-10-16 12:54:12 DEBUG c.e.s.f.s.i.ShiftSettingsApplier - ✅ Настройки не изменились, смена актуальна: 2025-10-16
2025-10-16 12:54:12 INFO  c.e.s.f.s.i.ShiftSettingsApplier - 🔧 Обновлены часы смены: [08:00, 09:00, 10:00, 11:00, 12:30, 13:30, 14:30, 15:30, 16:30, 17:30, 18:30, 19:30, 20:30, 21:30, 22:30, 23:30, 00:30, 01:30, 02:30, 03:30]
2025-10-16 12:54:12 INFO  c.e.s.f.s.i.ShiftSettingsApplier - 📊 Применяем планы: [360, 480, 480, 480, 480, 480, 480, 480, 480, 480, 480, 480, 480, 480, 480, 480, 480, 480, 480, 360]
2025-10-16 12:54:13 INFO  c.e.s.f.s.i.JpaShiftAdapter - 📋 Сохраняем смену: date = 2025-10-16, labels = [08:00, 09:00, 10:00, 11:00, 12:30, 13:30, 14:30, 15:30, 16:30, 17:30, 18:30, 19:30, 20:30, 21:30, 22:30, 23:30, 00:30, 01:30, 02:30, 03:30], plan = [360, 480, 480, 480, 480, 480, 480, 480, 480, 480, 480, 480, 480, 480, 480, 480, 480, 480, 480, 360], actual = [0, 0, 0, 0, 33, 0, 0, 0, 0, 0, 0, 0, 0, 0, 0, 0, 0, 0, 0, 0]
2025-10-16 12:54:13 INFO  c.e.s.f.s.i.JpaShiftAdapter - 💾 Сохраняем actual: [0, 0, 0, 0, 33, 0, 0, 0, 0, 0, 0, 0, 0, 0, 0, 0, 0, 0, 0, 0]
2025-10-16 12:54:13 INFO  c.e.s.f.s.a.ShiftPlannerUseCase - 💾 Смена сохранена: 2025-10-16
2025-10-16 12:54:13 INFO  c.e.s.f.s.i.JpaShiftAdapter - 🧪 Читаем shift из БД: 2025-10-16
2025-10-16 12:54:13 INFO  c.e.s.f.s.i.JpaShiftAdapter - ⏱ hourlyLabels = [08:00, 09:00, 10:00, 11:00, 12:30, 13:30, 14:30, 15:30, 16:30, 17:30, 18:30, 19:30, 20:30, 21:30, 22:30, 23:30, 00:30, 01:30, 02:30, 03:30]
2025-10-16 12:54:13 INFO  c.e.s.f.s.i.JpaShiftAdapter - 📊 hourlyActual = [0, 0, 0, 0, 33, 0, 0, 0, 0, 0, 0, 0, 0, 0, 0, 0, 0, 0, 0, 0]
2025-10-16 12:54:13 INFO  c.e.s.f.s.a.e.ShiftUpdatedListener - 📤 Отправлен ShiftView в /topic/shift-updates: ShiftView[date=2025-10-16, actual=[0, 0, 0, 0, 33, 0, 0, 0, 0, 0, 0, 0, 0, 0, 0, 0, 0, 0, 0, 0], plan=[360, 480, 480, 480, 480, 480, 480, 480, 480, 480, 480, 480, 480, 480, 480, 480, 480, 480, 480, 360], hours=[08:00, 09:00, 10:00, 11:00, 12:30, 13:30, 14:30, 15:30, 16:30, 17:30, 18:30, 19:30, 20:30, 21:30, 22:30, 23:30, 00:30, 01:30, 02:30, 03:30]]
2025-10-16 12:54:13 INFO  c.e.s.f.s.i.JpaShiftAdapter - 🧪 Читаем shift из БД: 2025-10-16
2025-10-16 12:54:13 INFO  c.e.s.f.s.i.JpaShiftAdapter - ⏱ hourlyLabels = [08:00, 09:00, 10:00, 11:00, 12:30, 13:30, 14:30, 15:30, 16:30, 17:30, 18:30, 19:30, 20:30, 21:30, 22:30, 23:30, 00:30, 01:30, 02:30, 03:30]
2025-10-16 12:54:13 INFO  c.e.s.f.s.i.JpaShiftAdapter - 📊 hourlyActual = [0, 0, 0, 0, 33, 0, 0, 0, 0, 0, 0, 0, 0, 0, 0, 0, 0, 0, 0, 0]
2025-10-16 12:54:13 DEBUG c.e.s.f.s.i.ShiftSettingsApplier - ✅ Настройки не изменились, смена актуальна: 2025-10-16
2025-10-16 12:54:13 INFO  c.e.s.f.c.a.StoppageReconcilesService - Reconciled date=2025-10-16, hourIndex=4 -> saved 2 auto-stoppage(s)
2025-10-16 12:54:23 INFO  c.e.s.f.s.a.web.SignalController - 📡 Сигнал получен: сенсор = main, дата смены = 2025-10-15
2025-10-16 12:54:23 INFO  c.e.s.f.s.a.e.ProductDetectedListener - [EVENT] Product detected at 2025-10-16T12:54:23.168070100
2025-10-16 12:54:23 INFO  c.e.s.f.s.i.JpaShiftAdapter - 🧪 Читаем shift из БД: 2025-10-16
2025-10-16 12:54:23 INFO  c.e.s.f.s.i.JpaShiftAdapter - ⏱ hourlyLabels = [08:00, 09:00, 10:00, 11:00, 12:30, 13:30, 14:30, 15:30, 16:30, 17:30, 18:30, 19:30, 20:30, 21:30, 22:30, 23:30, 00:30, 01:30, 02:30, 03:30]
2025-10-16 12:54:23 INFO  c.e.s.f.s.i.JpaShiftAdapter - 📊 hourlyActual = [0, 0, 0, 0, 33, 0, 0, 0, 0, 0, 0, 0, 0, 0, 0, 0, 0, 0, 0, 0]
2025-10-16 12:54:23 DEBUG c.e.s.f.s.i.ShiftSettingsApplier - ✅ Настройки не изменились, смена актуальна: 2025-10-16
2025-10-16 12:54:23 INFO  c.e.s.f.s.i.ShiftSettingsApplier - 🔧 Обновлены часы смены: [08:00, 09:00, 10:00, 11:00, 12:30, 13:30, 14:30, 15:30, 16:30, 17:30, 18:30, 19:30, 20:30, 21:30, 22:30, 23:30, 00:30, 01:30, 02:30, 03:30]
2025-10-16 12:54:23 INFO  c.e.s.f.s.i.ShiftSettingsApplier - 📊 Применяем планы: [360, 480, 480, 480, 480, 480, 480, 480, 480, 480, 480, 480, 480, 480, 480, 480, 480, 480, 480, 360]
2025-10-16 12:54:23 INFO  c.e.s.f.s.i.JpaShiftAdapter - 📋 Сохраняем смену: date = 2025-10-16, labels = [08:00, 09:00, 10:00, 11:00, 12:30, 13:30, 14:30, 15:30, 16:30, 17:30, 18:30, 19:30, 20:30, 21:30, 22:30, 23:30, 00:30, 01:30, 02:30, 03:30], plan = [360, 480, 480, 480, 480, 480, 480, 480, 480, 480, 480, 480, 480, 480, 480, 480, 480, 480, 480, 360], actual = [0, 0, 0, 0, 34, 0, 0, 0, 0, 0, 0, 0, 0, 0, 0, 0, 0, 0, 0, 0]
2025-10-16 12:54:23 INFO  c.e.s.f.s.i.JpaShiftAdapter - 💾 Сохраняем actual: [0, 0, 0, 0, 34, 0, 0, 0, 0, 0, 0, 0, 0, 0, 0, 0, 0, 0, 0, 0]
2025-10-16 12:54:23 INFO  c.e.s.f.s.a.ShiftPlannerUseCase - 💾 Смена сохранена: 2025-10-16
2025-10-16 12:54:23 INFO  c.e.s.f.s.i.JpaShiftAdapter - 🧪 Читаем shift из БД: 2025-10-16
2025-10-16 12:54:23 INFO  c.e.s.f.s.i.JpaShiftAdapter - ⏱ hourlyLabels = [08:00, 09:00, 10:00, 11:00, 12:30, 13:30, 14:30, 15:30, 16:30, 17:30, 18:30, 19:30, 20:30, 21:30, 22:30, 23:30, 00:30, 01:30, 02:30, 03:30]
2025-10-16 12:54:23 INFO  c.e.s.f.s.i.JpaShiftAdapter - 📊 hourlyActual = [0, 0, 0, 0, 34, 0, 0, 0, 0, 0, 0, 0, 0, 0, 0, 0, 0, 0, 0, 0]
2025-10-16 12:54:23 INFO  c.e.s.f.s.a.e.ShiftUpdatedListener - 📤 Отправлен ShiftView в /topic/shift-updates: ShiftView[date=2025-10-16, actual=[0, 0, 0, 0, 34, 0, 0, 0, 0, 0, 0, 0, 0, 0, 0, 0, 0, 0, 0, 0], plan=[360, 480, 480, 480, 480, 480, 480, 480, 480, 480, 480, 480, 480, 480, 480, 480, 480, 480, 480, 360], hours=[08:00, 09:00, 10:00, 11:00, 12:30, 13:30, 14:30, 15:30, 16:30, 17:30, 18:30, 19:30, 20:30, 21:30, 22:30, 23:30, 00:30, 01:30, 02:30, 03:30]]
2025-10-16 12:54:23 INFO  c.e.s.f.s.i.JpaShiftAdapter - 🧪 Читаем shift из БД: 2025-10-16
2025-10-16 12:54:23 INFO  c.e.s.f.s.i.JpaShiftAdapter - ⏱ hourlyLabels = [08:00, 09:00, 10:00, 11:00, 12:30, 13:30, 14:30, 15:30, 16:30, 17:30, 18:30, 19:30, 20:30, 21:30, 22:30, 23:30, 00:30, 01:30, 02:30, 03:30]
2025-10-16 12:54:23 INFO  c.e.s.f.s.i.JpaShiftAdapter - 📊 hourlyActual = [0, 0, 0, 0, 34, 0, 0, 0, 0, 0, 0, 0, 0, 0, 0, 0, 0, 0, 0, 0]
2025-10-16 12:54:23 DEBUG c.e.s.f.s.i.ShiftSettingsApplier - ✅ Настройки не изменились, смена актуальна: 2025-10-16
2025-10-16 12:54:23 INFO  c.e.s.f.c.a.StoppageReconcilesService - Reconciled date=2025-10-16, hourIndex=4 -> saved 2 auto-stoppage(s)
2025-10-16 12:54:33 INFO  c.e.s.f.s.a.web.SignalController - 📡 Сигнал получен: сенсор = main, дата смены = 2025-10-15
2025-10-16 12:54:33 INFO  c.e.s.f.s.a.e.ProductDetectedListener - [EVENT] Product detected at 2025-10-16T12:54:33.528677900
2025-10-16 12:54:34 INFO  c.e.s.f.s.i.JpaShiftAdapter - 🧪 Читаем shift из БД: 2025-10-16
2025-10-16 12:54:34 INFO  c.e.s.f.s.i.JpaShiftAdapter - ⏱ hourlyLabels = [08:00, 09:00, 10:00, 11:00, 12:30, 13:30, 14:30, 15:30, 16:30, 17:30, 18:30, 19:30, 20:30, 21:30, 22:30, 23:30, 00:30, 01:30, 02:30, 03:30]
2025-10-16 12:54:34 INFO  c.e.s.f.s.i.JpaShiftAdapter - 📊 hourlyActual = [0, 0, 0, 0, 34, 0, 0, 0, 0, 0, 0, 0, 0, 0, 0, 0, 0, 0, 0, 0]
2025-10-16 12:54:34 DEBUG c.e.s.f.s.i.ShiftSettingsApplier - ✅ Настройки не изменились, смена актуальна: 2025-10-16
2025-10-16 12:54:34 INFO  c.e.s.f.s.i.ShiftSettingsApplier - 🔧 Обновлены часы смены: [08:00, 09:00, 10:00, 11:00, 12:30, 13:30, 14:30, 15:30, 16:30, 17:30, 18:30, 19:30, 20:30, 21:30, 22:30, 23:30, 00:30, 01:30, 02:30, 03:30]
2025-10-16 12:54:34 INFO  c.e.s.f.s.i.ShiftSettingsApplier - 📊 Применяем планы: [360, 480, 480, 480, 480, 480, 480, 480, 480, 480, 480, 480, 480, 480, 480, 480, 480, 480, 480, 360]
2025-10-16 12:54:34 INFO  c.e.s.f.s.i.JpaShiftAdapter - 📋 Сохраняем смену: date = 2025-10-16, labels = [08:00, 09:00, 10:00, 11:00, 12:30, 13:30, 14:30, 15:30, 16:30, 17:30, 18:30, 19:30, 20:30, 21:30, 22:30, 23:30, 00:30, 01:30, 02:30, 03:30], plan = [360, 480, 480, 480, 480, 480, 480, 480, 480, 480, 480, 480, 480, 480, 480, 480, 480, 480, 480, 360], actual = [0, 0, 0, 0, 35, 0, 0, 0, 0, 0, 0, 0, 0, 0, 0, 0, 0, 0, 0, 0]
2025-10-16 12:54:34 INFO  c.e.s.f.s.i.JpaShiftAdapter - 💾 Сохраняем actual: [0, 0, 0, 0, 35, 0, 0, 0, 0, 0, 0, 0, 0, 0, 0, 0, 0, 0, 0, 0]
2025-10-16 12:54:34 INFO  c.e.s.f.s.a.ShiftPlannerUseCase - 💾 Смена сохранена: 2025-10-16
2025-10-16 12:54:34 INFO  c.e.s.f.s.i.JpaShiftAdapter - 🧪 Читаем shift из БД: 2025-10-16
2025-10-16 12:54:34 INFO  c.e.s.f.s.i.JpaShiftAdapter - ⏱ hourlyLabels = [08:00, 09:00, 10:00, 11:00, 12:30, 13:30, 14:30, 15:30, 16:30, 17:30, 18:30, 19:30, 20:30, 21:30, 22:30, 23:30, 00:30, 01:30, 02:30, 03:30]
2025-10-16 12:54:34 INFO  c.e.s.f.s.i.JpaShiftAdapter - 📊 hourlyActual = [0, 0, 0, 0, 35, 0, 0, 0, 0, 0, 0, 0, 0, 0, 0, 0, 0, 0, 0, 0]
2025-10-16 12:54:34 INFO  c.e.s.f.s.a.e.ShiftUpdatedListener - 📤 Отправлен ShiftView в /topic/shift-updates: ShiftView[date=2025-10-16, actual=[0, 0, 0, 0, 35, 0, 0, 0, 0, 0, 0, 0, 0, 0, 0, 0, 0, 0, 0, 0], plan=[360, 480, 480, 480, 480, 480, 480, 480, 480, 480, 480, 480, 480, 480, 480, 480, 480, 480, 480, 360], hours=[08:00, 09:00, 10:00, 11:00, 12:30, 13:30, 14:30, 15:30, 16:30, 17:30, 18:30, 19:30, 20:30, 21:30, 22:30, 23:30, 00:30, 01:30, 02:30, 03:30]]
2025-10-16 12:54:34 INFO  c.e.s.f.s.i.JpaShiftAdapter - 🧪 Читаем shift из БД: 2025-10-16
2025-10-16 12:54:34 INFO  c.e.s.f.s.i.JpaShiftAdapter - ⏱ hourlyLabels = [08:00, 09:00, 10:00, 11:00, 12:30, 13:30, 14:30, 15:30, 16:30, 17:30, 18:30, 19:30, 20:30, 21:30, 22:30, 23:30, 00:30, 01:30, 02:30, 03:30]
2025-10-16 12:54:34 INFO  c.e.s.f.s.i.JpaShiftAdapter - 📊 hourlyActual = [0, 0, 0, 0, 35, 0, 0, 0, 0, 0, 0, 0, 0, 0, 0, 0, 0, 0, 0, 0]
2025-10-16 12:54:34 DEBUG c.e.s.f.s.i.ShiftSettingsApplier - ✅ Настройки не изменились, смена актуальна: 2025-10-16
2025-10-16 12:54:34 INFO  c.e.s.f.c.a.StoppageReconcilesService - Reconciled date=2025-10-16, hourIndex=4 -> saved 2 auto-stoppage(s)
2025-10-16 12:54:44 INFO  c.e.s.f.s.a.web.SignalController - 📡 Сигнал получен: сенсор = main, дата смены = 2025-10-15
2025-10-16 12:54:45 INFO  c.e.s.f.s.a.e.ProductDetectedListener - [EVENT] Product detected at 2025-10-16T12:54:44.999363900
2025-10-16 12:54:45 INFO  c.e.s.f.s.i.JpaShiftAdapter - 🧪 Читаем shift из БД: 2025-10-16
2025-10-16 12:54:45 INFO  c.e.s.f.s.i.JpaShiftAdapter - ⏱ hourlyLabels = [08:00, 09:00, 10:00, 11:00, 12:30, 13:30, 14:30, 15:30, 16:30, 17:30, 18:30, 19:30, 20:30, 21:30, 22:30, 23:30, 00:30, 01:30, 02:30, 03:30]
2025-10-16 12:54:45 INFO  c.e.s.f.s.i.JpaShiftAdapter - 📊 hourlyActual = [0, 0, 0, 0, 35, 0, 0, 0, 0, 0, 0, 0, 0, 0, 0, 0, 0, 0, 0, 0]
2025-10-16 12:54:45 DEBUG c.e.s.f.s.i.ShiftSettingsApplier - ✅ Настройки не изменились, смена актуальна: 2025-10-16
2025-10-16 12:54:45 INFO  c.e.s.f.s.i.ShiftSettingsApplier - 🔧 Обновлены часы смены: [08:00, 09:00, 10:00, 11:00, 12:30, 13:30, 14:30, 15:30, 16:30, 17:30, 18:30, 19:30, 20:30, 21:30, 22:30, 23:30, 00:30, 01:30, 02:30, 03:30]
2025-10-16 12:54:45 INFO  c.e.s.f.s.i.ShiftSettingsApplier - 📊 Применяем планы: [360, 480, 480, 480, 480, 480, 480, 480, 480, 480, 480, 480, 480, 480, 480, 480, 480, 480, 480, 360]
2025-10-16 12:54:45 INFO  c.e.s.f.s.i.JpaShiftAdapter - 📋 Сохраняем смену: date = 2025-10-16, labels = [08:00, 09:00, 10:00, 11:00, 12:30, 13:30, 14:30, 15:30, 16:30, 17:30, 18:30, 19:30, 20:30, 21:30, 22:30, 23:30, 00:30, 01:30, 02:30, 03:30], plan = [360, 480, 480, 480, 480, 480, 480, 480, 480, 480, 480, 480, 480, 480, 480, 480, 480, 480, 480, 360], actual = [0, 0, 0, 0, 36, 0, 0, 0, 0, 0, 0, 0, 0, 0, 0, 0, 0, 0, 0, 0]
2025-10-16 12:54:45 INFO  c.e.s.f.s.i.JpaShiftAdapter - 💾 Сохраняем actual: [0, 0, 0, 0, 36, 0, 0, 0, 0, 0, 0, 0, 0, 0, 0, 0, 0, 0, 0, 0]
2025-10-16 12:54:45 INFO  c.e.s.f.s.a.ShiftPlannerUseCase - 💾 Смена сохранена: 2025-10-16
2025-10-16 12:54:45 INFO  c.e.s.f.s.i.JpaShiftAdapter - 🧪 Читаем shift из БД: 2025-10-16
2025-10-16 12:54:45 INFO  c.e.s.f.s.i.JpaShiftAdapter - ⏱ hourlyLabels = [08:00, 09:00, 10:00, 11:00, 12:30, 13:30, 14:30, 15:30, 16:30, 17:30, 18:30, 19:30, 20:30, 21:30, 22:30, 23:30, 00:30, 01:30, 02:30, 03:30]
2025-10-16 12:54:45 INFO  c.e.s.f.s.i.JpaShiftAdapter - 📊 hourlyActual = [0, 0, 0, 0, 36, 0, 0, 0, 0, 0, 0, 0, 0, 0, 0, 0, 0, 0, 0, 0]
2025-10-16 12:54:45 INFO  c.e.s.f.s.a.e.ShiftUpdatedListener - 📤 Отправлен ShiftView в /topic/shift-updates: ShiftView[date=2025-10-16, actual=[0, 0, 0, 0, 36, 0, 0, 0, 0, 0, 0, 0, 0, 0, 0, 0, 0, 0, 0, 0], plan=[360, 480, 480, 480, 480, 480, 480, 480, 480, 480, 480, 480, 480, 480, 480, 480, 480, 480, 480, 360], hours=[08:00, 09:00, 10:00, 11:00, 12:30, 13:30, 14:30, 15:30, 16:30, 17:30, 18:30, 19:30, 20:30, 21:30, 22:30, 23:30, 00:30, 01:30, 02:30, 03:30]]
2025-10-16 12:54:45 INFO  c.e.s.f.s.i.JpaShiftAdapter - 🧪 Читаем shift из БД: 2025-10-16
2025-10-16 12:54:45 INFO  c.e.s.f.s.i.JpaShiftAdapter - ⏱ hourlyLabels = [08:00, 09:00, 10:00, 11:00, 12:30, 13:30, 14:30, 15:30, 16:30, 17:30, 18:30, 19:30, 20:30, 21:30, 22:30, 23:30, 00:30, 01:30, 02:30, 03:30]
2025-10-16 12:54:45 INFO  c.e.s.f.s.i.JpaShiftAdapter - 📊 hourlyActual = [0, 0, 0, 0, 36, 0, 0, 0, 0, 0, 0, 0, 0, 0, 0, 0, 0, 0, 0, 0]
2025-10-16 12:54:45 DEBUG c.e.s.f.s.i.ShiftSettingsApplier - ✅ Настройки не изменились, смена актуальна: 2025-10-16
2025-10-16 12:54:45 INFO  c.e.s.f.c.a.StoppageReconcilesService - Reconciled date=2025-10-16, hourIndex=4 -> saved 2 auto-stoppage(s)
2025-10-16 12:54:55 INFO  c.e.s.f.s.a.web.SignalController - 📡 Сигнал получен: сенсор = main, дата смены = 2025-10-15
2025-10-16 12:54:56 INFO  c.e.s.f.s.a.e.ProductDetectedListener - [EVENT] Product detected at 2025-10-16T12:54:55.259364800
2025-10-16 12:54:56 INFO  c.e.s.f.s.i.JpaShiftAdapter - 🧪 Читаем shift из БД: 2025-10-16
2025-10-16 12:54:56 INFO  c.e.s.f.s.i.JpaShiftAdapter - ⏱ hourlyLabels = [08:00, 09:00, 10:00, 11:00, 12:30, 13:30, 14:30, 15:30, 16:30, 17:30, 18:30, 19:30, 20:30, 21:30, 22:30, 23:30, 00:30, 01:30, 02:30, 03:30]
2025-10-16 12:54:56 INFO  c.e.s.f.s.i.JpaShiftAdapter - 📊 hourlyActual = [0, 0, 0, 0, 36, 0, 0, 0, 0, 0, 0, 0, 0, 0, 0, 0, 0, 0, 0, 0]
2025-10-16 12:54:56 DEBUG c.e.s.f.s.i.ShiftSettingsApplier - ✅ Настройки не изменились, смена актуальна: 2025-10-16
2025-10-16 12:54:56 INFO  c.e.s.f.s.i.ShiftSettingsApplier - 🔧 Обновлены часы смены: [08:00, 09:00, 10:00, 11:00, 12:30, 13:30, 14:30, 15:30, 16:30, 17:30, 18:30, 19:30, 20:30, 21:30, 22:30, 23:30, 00:30, 01:30, 02:30, 03:30]
2025-10-16 12:54:56 INFO  c.e.s.f.s.i.ShiftSettingsApplier - 📊 Применяем планы: [360, 480, 480, 480, 480, 480, 480, 480, 480, 480, 480, 480, 480, 480, 480, 480, 480, 480, 480, 360]
2025-10-16 12:54:56 INFO  c.e.s.f.s.i.JpaShiftAdapter - 📋 Сохраняем смену: date = 2025-10-16, labels = [08:00, 09:00, 10:00, 11:00, 12:30, 13:30, 14:30, 15:30, 16:30, 17:30, 18:30, 19:30, 20:30, 21:30, 22:30, 23:30, 00:30, 01:30, 02:30, 03:30], plan = [360, 480, 480, 480, 480, 480, 480, 480, 480, 480, 480, 480, 480, 480, 480, 480, 480, 480, 480, 360], actual = [0, 0, 0, 0, 37, 0, 0, 0, 0, 0, 0, 0, 0, 0, 0, 0, 0, 0, 0, 0]
2025-10-16 12:54:56 INFO  c.e.s.f.s.i.JpaShiftAdapter - 💾 Сохраняем actual: [0, 0, 0, 0, 37, 0, 0, 0, 0, 0, 0, 0, 0, 0, 0, 0, 0, 0, 0, 0]
2025-10-16 12:54:56 INFO  c.e.s.f.s.a.ShiftPlannerUseCase - 💾 Смена сохранена: 2025-10-16
2025-10-16 12:54:56 INFO  c.e.s.f.s.i.JpaShiftAdapter - 🧪 Читаем shift из БД: 2025-10-16
2025-10-16 12:54:56 INFO  c.e.s.f.s.i.JpaShiftAdapter - ⏱ hourlyLabels = [08:00, 09:00, 10:00, 11:00, 12:30, 13:30, 14:30, 15:30, 16:30, 17:30, 18:30, 19:30, 20:30, 21:30, 22:30, 23:30, 00:30, 01:30, 02:30, 03:30]
2025-10-16 12:54:56 INFO  c.e.s.f.s.i.JpaShiftAdapter - 📊 hourlyActual = [0, 0, 0, 0, 37, 0, 0, 0, 0, 0, 0, 0, 0, 0, 0, 0, 0, 0, 0, 0]
2025-10-16 12:54:56 INFO  c.e.s.f.s.a.e.ShiftUpdatedListener - 📤 Отправлен ShiftView в /topic/shift-updates: ShiftView[date=2025-10-16, actual=[0, 0, 0, 0, 37, 0, 0, 0, 0, 0, 0, 0, 0, 0, 0, 0, 0, 0, 0, 0], plan=[360, 480, 480, 480, 480, 480, 480, 480, 480, 480, 480, 480, 480, 480, 480, 480, 480, 480, 480, 360], hours=[08:00, 09:00, 10:00, 11:00, 12:30, 13:30, 14:30, 15:30, 16:30, 17:30, 18:30, 19:30, 20:30, 21:30, 22:30, 23:30, 00:30, 01:30, 02:30, 03:30]]
2025-10-16 12:54:56 INFO  c.e.s.f.s.i.JpaShiftAdapter - 🧪 Читаем shift из БД: 2025-10-16
2025-10-16 12:54:56 INFO  c.e.s.f.s.i.JpaShiftAdapter - ⏱ hourlyLabels = [08:00, 09:00, 10:00, 11:00, 12:30, 13:30, 14:30, 15:30, 16:30, 17:30, 18:30, 19:30, 20:30, 21:30, 22:30, 23:30, 00:30, 01:30, 02:30, 03:30]
2025-10-16 12:54:56 INFO  c.e.s.f.s.i.JpaShiftAdapter - 📊 hourlyActual = [0, 0, 0, 0, 37, 0, 0, 0, 0, 0, 0, 0, 0, 0, 0, 0, 0, 0, 0, 0]
2025-10-16 12:54:56 DEBUG c.e.s.f.s.i.ShiftSettingsApplier - ✅ Настройки не изменились, смена актуальна: 2025-10-16
2025-10-16 12:54:56 INFO  c.e.s.f.c.a.StoppageReconcilesService - Reconciled date=2025-10-16, hourIndex=4 -> saved 2 auto-stoppage(s)
2025-10-16 12:55:07 INFO  c.e.s.f.s.a.web.SignalController - 📡 Сигнал получен: сенсор = main, дата смены = 2025-10-15
2025-10-16 12:55:07 INFO  c.e.s.f.s.a.e.ProductDetectedListener - [EVENT] Product detected at 2025-10-16T12:55:07.075756200
2025-10-16 12:55:07 INFO  c.e.s.f.s.i.JpaShiftAdapter - 🧪 Читаем shift из БД: 2025-10-16
2025-10-16 12:55:07 INFO  c.e.s.f.s.i.JpaShiftAdapter - ⏱ hourlyLabels = [08:00, 09:00, 10:00, 11:00, 12:30, 13:30, 14:30, 15:30, 16:30, 17:30, 18:30, 19:30, 20:30, 21:30, 22:30, 23:30, 00:30, 01:30, 02:30, 03:30]
2025-10-16 12:55:07 INFO  c.e.s.f.s.i.JpaShiftAdapter - 📊 hourlyActual = [0, 0, 0, 0, 37, 0, 0, 0, 0, 0, 0, 0, 0, 0, 0, 0, 0, 0, 0, 0]
2025-10-16 12:55:07 DEBUG c.e.s.f.s.i.ShiftSettingsApplier - ✅ Настройки не изменились, смена актуальна: 2025-10-16
2025-10-16 12:55:07 INFO  c.e.s.f.s.i.ShiftSettingsApplier - 🔧 Обновлены часы смены: [08:00, 09:00, 10:00, 11:00, 12:30, 13:30, 14:30, 15:30, 16:30, 17:30, 18:30, 19:30, 20:30, 21:30, 22:30, 23:30, 00:30, 01:30, 02:30, 03:30]
2025-10-16 12:55:07 INFO  c.e.s.f.s.i.ShiftSettingsApplier - 📊 Применяем планы: [360, 480, 480, 480, 480, 480, 480, 480, 480, 480, 480, 480, 480, 480, 480, 480, 480, 480, 480, 360]
2025-10-16 12:55:07 INFO  c.e.s.f.s.i.JpaShiftAdapter - 📋 Сохраняем смену: date = 2025-10-16, labels = [08:00, 09:00, 10:00, 11:00, 12:30, 13:30, 14:30, 15:30, 16:30, 17:30, 18:30, 19:30, 20:30, 21:30, 22:30, 23:30, 00:30, 01:30, 02:30, 03:30], plan = [360, 480, 480, 480, 480, 480, 480, 480, 480, 480, 480, 480, 480, 480, 480, 480, 480, 480, 480, 360], actual = [0, 0, 0, 0, 38, 0, 0, 0, 0, 0, 0, 0, 0, 0, 0, 0, 0, 0, 0, 0]
2025-10-16 12:55:07 INFO  c.e.s.f.s.i.JpaShiftAdapter - 💾 Сохраняем actual: [0, 0, 0, 0, 38, 0, 0, 0, 0, 0, 0, 0, 0, 0, 0, 0, 0, 0, 0, 0]
2025-10-16 12:55:07 INFO  c.e.s.f.s.a.ShiftPlannerUseCase - 💾 Смена сохранена: 2025-10-16
2025-10-16 12:55:07 INFO  c.e.s.f.s.i.JpaShiftAdapter - 🧪 Читаем shift из БД: 2025-10-16
2025-10-16 12:55:07 INFO  c.e.s.f.s.i.JpaShiftAdapter - ⏱ hourlyLabels = [08:00, 09:00, 10:00, 11:00, 12:30, 13:30, 14:30, 15:30, 16:30, 17:30, 18:30, 19:30, 20:30, 21:30, 22:30, 23:30, 00:30, 01:30, 02:30, 03:30]
2025-10-16 12:55:07 INFO  c.e.s.f.s.i.JpaShiftAdapter - 📊 hourlyActual = [0, 0, 0, 0, 38, 0, 0, 0, 0, 0, 0, 0, 0, 0, 0, 0, 0, 0, 0, 0]
2025-10-16 12:55:07 INFO  c.e.s.f.s.a.e.ShiftUpdatedListener - 📤 Отправлен ShiftView в /topic/shift-updates: ShiftView[date=2025-10-16, actual=[0, 0, 0, 0, 38, 0, 0, 0, 0, 0, 0, 0, 0, 0, 0, 0, 0, 0, 0, 0], plan=[360, 480, 480, 480, 480, 480, 480, 480, 480, 480, 480, 480, 480, 480, 480, 480, 480, 480, 480, 360], hours=[08:00, 09:00, 10:00, 11:00, 12:30, 13:30, 14:30, 15:30, 16:30, 17:30, 18:30, 19:30, 20:30, 21:30, 22:30, 23:30, 00:30, 01:30, 02:30, 03:30]]
2025-10-16 12:55:07 INFO  c.e.s.f.s.i.JpaShiftAdapter - 🧪 Читаем shift из БД: 2025-10-16
2025-10-16 12:55:07 INFO  c.e.s.f.s.i.JpaShiftAdapter - ⏱ hourlyLabels = [08:00, 09:00, 10:00, 11:00, 12:30, 13:30, 14:30, 15:30, 16:30, 17:30, 18:30, 19:30, 20:30, 21:30, 22:30, 23:30, 00:30, 01:30, 02:30, 03:30]
2025-10-16 12:55:07 INFO  c.e.s.f.s.i.JpaShiftAdapter - 📊 hourlyActual = [0, 0, 0, 0, 38, 0, 0, 0, 0, 0, 0, 0, 0, 0, 0, 0, 0, 0, 0, 0]
2025-10-16 12:55:07 DEBUG c.e.s.f.s.i.ShiftSettingsApplier - ✅ Настройки не изменились, смена актуальна: 2025-10-16
2025-10-16 12:55:08 INFO  c.e.s.f.c.a.StoppageReconcilesService - Reconciled date=2025-10-16, hourIndex=4 -> saved 2 auto-stoppage(s)
2025-10-16 12:55:18 INFO  c.e.s.f.s.a.web.SignalController - 📡 Сигнал получен: сенсор = main, дата смены = 2025-10-15
2025-10-16 12:55:18 INFO  c.e.s.f.s.a.e.ProductDetectedListener - [EVENT] Product detected at 2025-10-16T12:55:18.079171100
2025-10-16 12:55:18 INFO  c.e.s.f.s.i.JpaShiftAdapter - 🧪 Читаем shift из БД: 2025-10-16
2025-10-16 12:55:18 INFO  c.e.s.f.s.i.JpaShiftAdapter - ⏱ hourlyLabels = [08:00, 09:00, 10:00, 11:00, 12:30, 13:30, 14:30, 15:30, 16:30, 17:30, 18:30, 19:30, 20:30, 21:30, 22:30, 23:30, 00:30, 01:30, 02:30, 03:30]
2025-10-16 12:55:18 INFO  c.e.s.f.s.i.JpaShiftAdapter - 📊 hourlyActual = [0, 0, 0, 0, 38, 0, 0, 0, 0, 0, 0, 0, 0, 0, 0, 0, 0, 0, 0, 0]
2025-10-16 12:55:18 DEBUG c.e.s.f.s.i.ShiftSettingsApplier - ✅ Настройки не изменились, смена актуальна: 2025-10-16
2025-10-16 12:55:18 INFO  c.e.s.f.s.i.ShiftSettingsApplier - 🔧 Обновлены часы смены: [08:00, 09:00, 10:00, 11:00, 12:30, 13:30, 14:30, 15:30, 16:30, 17:30, 18:30, 19:30, 20:30, 21:30, 22:30, 23:30, 00:30, 01:30, 02:30, 03:30]
2025-10-16 12:55:18 INFO  c.e.s.f.s.i.ShiftSettingsApplier - 📊 Применяем планы: [360, 480, 480, 480, 480, 480, 480, 480, 480, 480, 480, 480, 480, 480, 480, 480, 480, 480, 480, 360]
2025-10-16 12:55:18 INFO  c.e.s.f.s.i.JpaShiftAdapter - 📋 Сохраняем смену: date = 2025-10-16, labels = [08:00, 09:00, 10:00, 11:00, 12:30, 13:30, 14:30, 15:30, 16:30, 17:30, 18:30, 19:30, 20:30, 21:30, 22:30, 23:30, 00:30, 01:30, 02:30, 03:30], plan = [360, 480, 480, 480, 480, 480, 480, 480, 480, 480, 480, 480, 480, 480, 480, 480, 480, 480, 480, 360], actual = [0, 0, 0, 0, 39, 0, 0, 0, 0, 0, 0, 0, 0, 0, 0, 0, 0, 0, 0, 0]
2025-10-16 12:55:18 INFO  c.e.s.f.s.i.JpaShiftAdapter - 💾 Сохраняем actual: [0, 0, 0, 0, 39, 0, 0, 0, 0, 0, 0, 0, 0, 0, 0, 0, 0, 0, 0, 0]
2025-10-16 12:55:18 INFO  c.e.s.f.s.a.ShiftPlannerUseCase - 💾 Смена сохранена: 2025-10-16
2025-10-16 12:55:18 INFO  c.e.s.f.s.i.JpaShiftAdapter - 🧪 Читаем shift из БД: 2025-10-16
2025-10-16 12:55:18 INFO  c.e.s.f.s.i.JpaShiftAdapter - ⏱ hourlyLabels = [08:00, 09:00, 10:00, 11:00, 12:30, 13:30, 14:30, 15:30, 16:30, 17:30, 18:30, 19:30, 20:30, 21:30, 22:30, 23:30, 00:30, 01:30, 02:30, 03:30]
2025-10-16 12:55:18 INFO  c.e.s.f.s.i.JpaShiftAdapter - 📊 hourlyActual = [0, 0, 0, 0, 39, 0, 0, 0, 0, 0, 0, 0, 0, 0, 0, 0, 0, 0, 0, 0]
2025-10-16 12:55:18 INFO  c.e.s.f.s.a.e.ShiftUpdatedListener - 📤 Отправлен ShiftView в /topic/shift-updates: ShiftView[date=2025-10-16, actual=[0, 0, 0, 0, 39, 0, 0, 0, 0, 0, 0, 0, 0, 0, 0, 0, 0, 0, 0, 0], plan=[360, 480, 480, 480, 480, 480, 480, 480, 480, 480, 480, 480, 480, 480, 480, 480, 480, 480, 480, 360], hours=[08:00, 09:00, 10:00, 11:00, 12:30, 13:30, 14:30, 15:30, 16:30, 17:30, 18:30, 19:30, 20:30, 21:30, 22:30, 23:30, 00:30, 01:30, 02:30, 03:30]]
2025-10-16 12:55:18 INFO  c.e.s.f.s.i.JpaShiftAdapter - 🧪 Читаем shift из БД: 2025-10-16
2025-10-16 12:55:18 INFO  c.e.s.f.s.i.JpaShiftAdapter - ⏱ hourlyLabels = [08:00, 09:00, 10:00, 11:00, 12:30, 13:30, 14:30, 15:30, 16:30, 17:30, 18:30, 19:30, 20:30, 21:30, 22:30, 23:30, 00:30, 01:30, 02:30, 03:30]
2025-10-16 12:55:18 INFO  c.e.s.f.s.i.JpaShiftAdapter - 📊 hourlyActual = [0, 0, 0, 0, 39, 0, 0, 0, 0, 0, 0, 0, 0, 0, 0, 0, 0, 0, 0, 0]
2025-10-16 12:55:18 DEBUG c.e.s.f.s.i.ShiftSettingsApplier - ✅ Настройки не изменились, смена актуальна: 2025-10-16
2025-10-16 12:55:18 INFO  c.e.s.f.c.a.StoppageReconcilesService - Reconciled date=2025-10-16, hourIndex=4 -> saved 2 auto-stoppage(s)
2025-10-16 12:55:28 INFO  c.e.s.f.s.a.web.SignalController - 📡 Сигнал получен: сенсор = main, дата смены = 2025-10-15
2025-10-16 12:55:28 INFO  c.e.s.f.s.a.e.ProductDetectedListener - [EVENT] Product detected at 2025-10-16T12:55:28.634258700
2025-10-16 12:55:28 INFO  c.e.s.f.s.i.JpaShiftAdapter - 🧪 Читаем shift из БД: 2025-10-16
2025-10-16 12:55:28 INFO  c.e.s.f.s.i.JpaShiftAdapter - ⏱ hourlyLabels = [08:00, 09:00, 10:00, 11:00, 12:30, 13:30, 14:30, 15:30, 16:30, 17:30, 18:30, 19:30, 20:30, 21:30, 22:30, 23:30, 00:30, 01:30, 02:30, 03:30]
2025-10-16 12:55:28 INFO  c.e.s.f.s.i.JpaShiftAdapter - 📊 hourlyActual = [0, 0, 0, 0, 39, 0, 0, 0, 0, 0, 0, 0, 0, 0, 0, 0, 0, 0, 0, 0]
2025-10-16 12:55:28 DEBUG c.e.s.f.s.i.ShiftSettingsApplier - ✅ Настройки не изменились, смена актуальна: 2025-10-16
2025-10-16 12:55:28 INFO  c.e.s.f.s.i.ShiftSettingsApplier - 🔧 Обновлены часы смены: [08:00, 09:00, 10:00, 11:00, 12:30, 13:30, 14:30, 15:30, 16:30, 17:30, 18:30, 19:30, 20:30, 21:30, 22:30, 23:30, 00:30, 01:30, 02:30, 03:30]
2025-10-16 12:55:28 INFO  c.e.s.f.s.i.ShiftSettingsApplier - 📊 Применяем планы: [360, 480, 480, 480, 480, 480, 480, 480, 480, 480, 480, 480, 480, 480, 480, 480, 480, 480, 480, 360]
2025-10-16 12:55:28 INFO  c.e.s.f.s.i.JpaShiftAdapter - 📋 Сохраняем смену: date = 2025-10-16, labels = [08:00, 09:00, 10:00, 11:00, 12:30, 13:30, 14:30, 15:30, 16:30, 17:30, 18:30, 19:30, 20:30, 21:30, 22:30, 23:30, 00:30, 01:30, 02:30, 03:30], plan = [360, 480, 480, 480, 480, 480, 480, 480, 480, 480, 480, 480, 480, 480, 480, 480, 480, 480, 480, 360], actual = [0, 0, 0, 0, 40, 0, 0, 0, 0, 0, 0, 0, 0, 0, 0, 0, 0, 0, 0, 0]
2025-10-16 12:55:28 INFO  c.e.s.f.s.i.JpaShiftAdapter - 💾 Сохраняем actual: [0, 0, 0, 0, 40, 0, 0, 0, 0, 0, 0, 0, 0, 0, 0, 0, 0, 0, 0, 0]
2025-10-16 12:55:28 INFO  c.e.s.f.s.a.ShiftPlannerUseCase - 💾 Смена сохранена: 2025-10-16
2025-10-16 12:55:28 INFO  c.e.s.f.s.i.JpaShiftAdapter - 🧪 Читаем shift из БД: 2025-10-16
2025-10-16 12:55:28 INFO  c.e.s.f.s.i.JpaShiftAdapter - ⏱ hourlyLabels = [08:00, 09:00, 10:00, 11:00, 12:30, 13:30, 14:30, 15:30, 16:30, 17:30, 18:30, 19:30, 20:30, 21:30, 22:30, 23:30, 00:30, 01:30, 02:30, 03:30]
2025-10-16 12:55:28 INFO  c.e.s.f.s.i.JpaShiftAdapter - 📊 hourlyActual = [0, 0, 0, 0, 40, 0, 0, 0, 0, 0, 0, 0, 0, 0, 0, 0, 0, 0, 0, 0]
2025-10-16 12:55:29 INFO  c.e.s.f.s.a.e.ShiftUpdatedListener - 📤 Отправлен ShiftView в /topic/shift-updates: ShiftView[date=2025-10-16, actual=[0, 0, 0, 0, 40, 0, 0, 0, 0, 0, 0, 0, 0, 0, 0, 0, 0, 0, 0, 0], plan=[360, 480, 480, 480, 480, 480, 480, 480, 480, 480, 480, 480, 480, 480, 480, 480, 480, 480, 480, 360], hours=[08:00, 09:00, 10:00, 11:00, 12:30, 13:30, 14:30, 15:30, 16:30, 17:30, 18:30, 19:30, 20:30, 21:30, 22:30, 23:30, 00:30, 01:30, 02:30, 03:30]]
2025-10-16 12:55:29 INFO  c.e.s.f.s.i.JpaShiftAdapter - 🧪 Читаем shift из БД: 2025-10-16
2025-10-16 12:55:29 INFO  c.e.s.f.s.i.JpaShiftAdapter - ⏱ hourlyLabels = [08:00, 09:00, 10:00, 11:00, 12:30, 13:30, 14:30, 15:30, 16:30, 17:30, 18:30, 19:30, 20:30, 21:30, 22:30, 23:30, 00:30, 01:30, 02:30, 03:30]
2025-10-16 12:55:29 INFO  c.e.s.f.s.i.JpaShiftAdapter - 📊 hourlyActual = [0, 0, 0, 0, 40, 0, 0, 0, 0, 0, 0, 0, 0, 0, 0, 0, 0, 0, 0, 0]
2025-10-16 12:55:29 DEBUG c.e.s.f.s.i.ShiftSettingsApplier - ✅ Настройки не изменились, смена актуальна: 2025-10-16
2025-10-16 12:55:29 INFO  c.e.s.f.c.a.StoppageReconcilesService - Reconciled date=2025-10-16, hourIndex=4 -> saved 2 auto-stoppage(s)
2025-10-16 12:55:39 INFO  c.e.s.f.s.a.web.SignalController - 📡 Сигнал получен: сенсор = main, дата смены = 2025-10-15
2025-10-16 12:55:39 INFO  c.e.s.f.s.a.e.ProductDetectedListener - [EVENT] Product detected at 2025-10-16T12:55:39.449214300
2025-10-16 12:55:39 INFO  c.e.s.f.s.i.JpaShiftAdapter - 🧪 Читаем shift из БД: 2025-10-16
2025-10-16 12:55:39 INFO  c.e.s.f.s.i.JpaShiftAdapter - ⏱ hourlyLabels = [08:00, 09:00, 10:00, 11:00, 12:30, 13:30, 14:30, 15:30, 16:30, 17:30, 18:30, 19:30, 20:30, 21:30, 22:30, 23:30, 00:30, 01:30, 02:30, 03:30]
2025-10-16 12:55:39 INFO  c.e.s.f.s.i.JpaShiftAdapter - 📊 hourlyActual = [0, 0, 0, 0, 40, 0, 0, 0, 0, 0, 0, 0, 0, 0, 0, 0, 0, 0, 0, 0]
2025-10-16 12:55:39 DEBUG c.e.s.f.s.i.ShiftSettingsApplier - ✅ Настройки не изменились, смена актуальна: 2025-10-16
2025-10-16 12:55:39 INFO  c.e.s.f.s.i.ShiftSettingsApplier - 🔧 Обновлены часы смены: [08:00, 09:00, 10:00, 11:00, 12:30, 13:30, 14:30, 15:30, 16:30, 17:30, 18:30, 19:30, 20:30, 21:30, 22:30, 23:30, 00:30, 01:30, 02:30, 03:30]
2025-10-16 12:55:39 INFO  c.e.s.f.s.i.ShiftSettingsApplier - 📊 Применяем планы: [360, 480, 480, 480, 480, 480, 480, 480, 480, 480, 480, 480, 480, 480, 480, 480, 480, 480, 480, 360]
2025-10-16 12:55:39 INFO  c.e.s.f.s.i.JpaShiftAdapter - 📋 Сохраняем смену: date = 2025-10-16, labels = [08:00, 09:00, 10:00, 11:00, 12:30, 13:30, 14:30, 15:30, 16:30, 17:30, 18:30, 19:30, 20:30, 21:30, 22:30, 23:30, 00:30, 01:30, 02:30, 03:30], plan = [360, 480, 480, 480, 480, 480, 480, 480, 480, 480, 480, 480, 480, 480, 480, 480, 480, 480, 480, 360], actual = [0, 0, 0, 0, 41, 0, 0, 0, 0, 0, 0, 0, 0, 0, 0, 0, 0, 0, 0, 0]
2025-10-16 12:55:39 INFO  c.e.s.f.s.i.JpaShiftAdapter - 💾 Сохраняем actual: [0, 0, 0, 0, 41, 0, 0, 0, 0, 0, 0, 0, 0, 0, 0, 0, 0, 0, 0, 0]
2025-10-16 12:55:39 INFO  c.e.s.f.s.a.ShiftPlannerUseCase - 💾 Смена сохранена: 2025-10-16
2025-10-16 12:55:39 INFO  c.e.s.f.s.i.JpaShiftAdapter - 🧪 Читаем shift из БД: 2025-10-16
2025-10-16 12:55:39 INFO  c.e.s.f.s.i.JpaShiftAdapter - ⏱ hourlyLabels = [08:00, 09:00, 10:00, 11:00, 12:30, 13:30, 14:30, 15:30, 16:30, 17:30, 18:30, 19:30, 20:30, 21:30, 22:30, 23:30, 00:30, 01:30, 02:30, 03:30]
2025-10-16 12:55:39 INFO  c.e.s.f.s.i.JpaShiftAdapter - 📊 hourlyActual = [0, 0, 0, 0, 41, 0, 0, 0, 0, 0, 0, 0, 0, 0, 0, 0, 0, 0, 0, 0]
2025-10-16 12:55:39 INFO  c.e.s.f.s.a.e.ShiftUpdatedListener - 📤 Отправлен ShiftView в /topic/shift-updates: ShiftView[date=2025-10-16, actual=[0, 0, 0, 0, 41, 0, 0, 0, 0, 0, 0, 0, 0, 0, 0, 0, 0, 0, 0, 0], plan=[360, 480, 480, 480, 480, 480, 480, 480, 480, 480, 480, 480, 480, 480, 480, 480, 480, 480, 480, 360], hours=[08:00, 09:00, 10:00, 11:00, 12:30, 13:30, 14:30, 15:30, 16:30, 17:30, 18:30, 19:30, 20:30, 21:30, 22:30, 23:30, 00:30, 01:30, 02:30, 03:30]]
2025-10-16 12:55:39 INFO  c.e.s.f.s.i.JpaShiftAdapter - 🧪 Читаем shift из БД: 2025-10-16
2025-10-16 12:55:39 INFO  c.e.s.f.s.i.JpaShiftAdapter - ⏱ hourlyLabels = [08:00, 09:00, 10:00, 11:00, 12:30, 13:30, 14:30, 15:30, 16:30, 17:30, 18:30, 19:30, 20:30, 21:30, 22:30, 23:30, 00:30, 01:30, 02:30, 03:30]
2025-10-16 12:55:39 INFO  c.e.s.f.s.i.JpaShiftAdapter - 📊 hourlyActual = [0, 0, 0, 0, 41, 0, 0, 0, 0, 0, 0, 0, 0, 0, 0, 0, 0, 0, 0, 0]
2025-10-16 12:55:39 DEBUG c.e.s.f.s.i.ShiftSettingsApplier - ✅ Настройки не изменились, смена актуальна: 2025-10-16
2025-10-16 12:55:39 INFO  c.e.s.f.c.a.StoppageReconcilesService - Reconciled date=2025-10-16, hourIndex=4 -> saved 2 auto-stoppage(s)
2025-10-16 12:55:50 INFO  c.e.s.f.s.a.web.SignalController - 📡 Сигнал получен: сенсор = main, дата смены = 2025-10-15
2025-10-16 12:55:50 INFO  c.e.s.f.s.a.e.ProductDetectedListener - [EVENT] Product detected at 2025-10-16T12:55:50.304432100
2025-10-16 12:55:50 INFO  c.e.s.f.s.i.JpaShiftAdapter - 🧪 Читаем shift из БД: 2025-10-16
2025-10-16 12:55:50 INFO  c.e.s.f.s.i.JpaShiftAdapter - ⏱ hourlyLabels = [08:00, 09:00, 10:00, 11:00, 12:30, 13:30, 14:30, 15:30, 16:30, 17:30, 18:30, 19:30, 20:30, 21:30, 22:30, 23:30, 00:30, 01:30, 02:30, 03:30]
2025-10-16 12:55:50 INFO  c.e.s.f.s.i.JpaShiftAdapter - 📊 hourlyActual = [0, 0, 0, 0, 41, 0, 0, 0, 0, 0, 0, 0, 0, 0, 0, 0, 0, 0, 0, 0]
2025-10-16 12:55:50 DEBUG c.e.s.f.s.i.ShiftSettingsApplier - ✅ Настройки не изменились, смена актуальна: 2025-10-16
2025-10-16 12:55:50 INFO  c.e.s.f.s.i.ShiftSettingsApplier - 🔧 Обновлены часы смены: [08:00, 09:00, 10:00, 11:00, 12:30, 13:30, 14:30, 15:30, 16:30, 17:30, 18:30, 19:30, 20:30, 21:30, 22:30, 23:30, 00:30, 01:30, 02:30, 03:30]
2025-10-16 12:55:50 INFO  c.e.s.f.s.i.ShiftSettingsApplier - 📊 Применяем планы: [360, 480, 480, 480, 480, 480, 480, 480, 480, 480, 480, 480, 480, 480, 480, 480, 480, 480, 480, 360]
2025-10-16 12:55:50 INFO  c.e.s.f.s.i.JpaShiftAdapter - 📋 Сохраняем смену: date = 2025-10-16, labels = [08:00, 09:00, 10:00, 11:00, 12:30, 13:30, 14:30, 15:30, 16:30, 17:30, 18:30, 19:30, 20:30, 21:30, 22:30, 23:30, 00:30, 01:30, 02:30, 03:30], plan = [360, 480, 480, 480, 480, 480, 480, 480, 480, 480, 480, 480, 480, 480, 480, 480, 480, 480, 480, 360], actual = [0, 0, 0, 0, 42, 0, 0, 0, 0, 0, 0, 0, 0, 0, 0, 0, 0, 0, 0, 0]
2025-10-16 12:55:50 INFO  c.e.s.f.s.i.JpaShiftAdapter - 💾 Сохраняем actual: [0, 0, 0, 0, 42, 0, 0, 0, 0, 0, 0, 0, 0, 0, 0, 0, 0, 0, 0, 0]
2025-10-16 12:55:50 INFO  c.e.s.f.s.a.ShiftPlannerUseCase - 💾 Смена сохранена: 2025-10-16
2025-10-16 12:55:50 INFO  c.e.s.f.s.i.JpaShiftAdapter - 🧪 Читаем shift из БД: 2025-10-16
2025-10-16 12:55:50 INFO  c.e.s.f.s.i.JpaShiftAdapter - ⏱ hourlyLabels = [08:00, 09:00, 10:00, 11:00, 12:30, 13:30, 14:30, 15:30, 16:30, 17:30, 18:30, 19:30, 20:30, 21:30, 22:30, 23:30, 00:30, 01:30, 02:30, 03:30]
2025-10-16 12:55:50 INFO  c.e.s.f.s.i.JpaShiftAdapter - 📊 hourlyActual = [0, 0, 0, 0, 42, 0, 0, 0, 0, 0, 0, 0, 0, 0, 0, 0, 0, 0, 0, 0]
2025-10-16 12:55:50 INFO  c.e.s.f.s.a.e.ShiftUpdatedListener - 📤 Отправлен ShiftView в /topic/shift-updates: ShiftView[date=2025-10-16, actual=[0, 0, 0, 0, 42, 0, 0, 0, 0, 0, 0, 0, 0, 0, 0, 0, 0, 0, 0, 0], plan=[360, 480, 480, 480, 480, 480, 480, 480, 480, 480, 480, 480, 480, 480, 480, 480, 480, 480, 480, 360], hours=[08:00, 09:00, 10:00, 11:00, 12:30, 13:30, 14:30, 15:30, 16:30, 17:30, 18:30, 19:30, 20:30, 21:30, 22:30, 23:30, 00:30, 01:30, 02:30, 03:30]]
2025-10-16 12:55:50 INFO  c.e.s.f.s.i.JpaShiftAdapter - 🧪 Читаем shift из БД: 2025-10-16
2025-10-16 12:55:50 INFO  c.e.s.f.s.i.JpaShiftAdapter - ⏱ hourlyLabels = [08:00, 09:00, 10:00, 11:00, 12:30, 13:30, 14:30, 15:30, 16:30, 17:30, 18:30, 19:30, 20:30, 21:30, 22:30, 23:30, 00:30, 01:30, 02:30, 03:30]
2025-10-16 12:55:50 INFO  c.e.s.f.s.i.JpaShiftAdapter - 📊 hourlyActual = [0, 0, 0, 0, 42, 0, 0, 0, 0, 0, 0, 0, 0, 0, 0, 0, 0, 0, 0, 0]
2025-10-16 12:55:50 DEBUG c.e.s.f.s.i.ShiftSettingsApplier - ✅ Настройки не изменились, смена актуальна: 2025-10-16
2025-10-16 12:55:51 INFO  c.e.s.f.c.a.StoppageReconcilesService - Reconciled date=2025-10-16, hourIndex=4 -> saved 2 auto-stoppage(s)
2025-10-16 12:56:01 INFO  c.e.s.f.s.a.web.SignalController - 📡 Сигнал получен: сенсор = main, дата смены = 2025-10-15
2025-10-16 12:56:01 INFO  c.e.s.f.s.a.e.ProductDetectedListener - [EVENT] Product detected at 2025-10-16T12:56:01.230543500
2025-10-16 12:56:01 INFO  c.e.s.f.s.i.JpaShiftAdapter - 🧪 Читаем shift из БД: 2025-10-16
2025-10-16 12:56:01 INFO  c.e.s.f.s.i.JpaShiftAdapter - ⏱ hourlyLabels = [08:00, 09:00, 10:00, 11:00, 12:30, 13:30, 14:30, 15:30, 16:30, 17:30, 18:30, 19:30, 20:30, 21:30, 22:30, 23:30, 00:30, 01:30, 02:30, 03:30]
2025-10-16 12:56:01 INFO  c.e.s.f.s.i.JpaShiftAdapter - 📊 hourlyActual = [0, 0, 0, 0, 42, 0, 0, 0, 0, 0, 0, 0, 0, 0, 0, 0, 0, 0, 0, 0]
2025-10-16 12:56:01 DEBUG c.e.s.f.s.i.ShiftSettingsApplier - ✅ Настройки не изменились, смена актуальна: 2025-10-16
2025-10-16 12:56:01 INFO  c.e.s.f.s.i.ShiftSettingsApplier - 🔧 Обновлены часы смены: [08:00, 09:00, 10:00, 11:00, 12:30, 13:30, 14:30, 15:30, 16:30, 17:30, 18:30, 19:30, 20:30, 21:30, 22:30, 23:30, 00:30, 01:30, 02:30, 03:30]
2025-10-16 12:56:01 INFO  c.e.s.f.s.i.ShiftSettingsApplier - 📊 Применяем планы: [360, 480, 480, 480, 480, 480, 480, 480, 480, 480, 480, 480, 480, 480, 480, 480, 480, 480, 480, 360]
2025-10-16 12:56:01 INFO  c.e.s.f.s.i.JpaShiftAdapter - 📋 Сохраняем смену: date = 2025-10-16, labels = [08:00, 09:00, 10:00, 11:00, 12:30, 13:30, 14:30, 15:30, 16:30, 17:30, 18:30, 19:30, 20:30, 21:30, 22:30, 23:30, 00:30, 01:30, 02:30, 03:30], plan = [360, 480, 480, 480, 480, 480, 480, 480, 480, 480, 480, 480, 480, 480, 480, 480, 480, 480, 480, 360], actual = [0, 0, 0, 0, 43, 0, 0, 0, 0, 0, 0, 0, 0, 0, 0, 0, 0, 0, 0, 0]
2025-10-16 12:56:01 INFO  c.e.s.f.s.i.JpaShiftAdapter - 💾 Сохраняем actual: [0, 0, 0, 0, 43, 0, 0, 0, 0, 0, 0, 0, 0, 0, 0, 0, 0, 0, 0, 0]
2025-10-16 12:56:01 INFO  c.e.s.f.s.a.ShiftPlannerUseCase - 💾 Смена сохранена: 2025-10-16
2025-10-16 12:56:01 INFO  c.e.s.f.s.i.JpaShiftAdapter - 🧪 Читаем shift из БД: 2025-10-16
2025-10-16 12:56:01 INFO  c.e.s.f.s.i.JpaShiftAdapter - ⏱ hourlyLabels = [08:00, 09:00, 10:00, 11:00, 12:30, 13:30, 14:30, 15:30, 16:30, 17:30, 18:30, 19:30, 20:30, 21:30, 22:30, 23:30, 00:30, 01:30, 02:30, 03:30]
2025-10-16 12:56:01 INFO  c.e.s.f.s.i.JpaShiftAdapter - 📊 hourlyActual = [0, 0, 0, 0, 43, 0, 0, 0, 0, 0, 0, 0, 0, 0, 0, 0, 0, 0, 0, 0]
2025-10-16 12:56:01 INFO  c.e.s.f.s.a.e.ShiftUpdatedListener - 📤 Отправлен ShiftView в /topic/shift-updates: ShiftView[date=2025-10-16, actual=[0, 0, 0, 0, 43, 0, 0, 0, 0, 0, 0, 0, 0, 0, 0, 0, 0, 0, 0, 0], plan=[360, 480, 480, 480, 480, 480, 480, 480, 480, 480, 480, 480, 480, 480, 480, 480, 480, 480, 480, 360], hours=[08:00, 09:00, 10:00, 11:00, 12:30, 13:30, 14:30, 15:30, 16:30, 17:30, 18:30, 19:30, 20:30, 21:30, 22:30, 23:30, 00:30, 01:30, 02:30, 03:30]]
2025-10-16 12:56:01 INFO  c.e.s.f.s.i.JpaShiftAdapter - 🧪 Читаем shift из БД: 2025-10-16
2025-10-16 12:56:01 INFO  c.e.s.f.s.i.JpaShiftAdapter - ⏱ hourlyLabels = [08:00, 09:00, 10:00, 11:00, 12:30, 13:30, 14:30, 15:30, 16:30, 17:30, 18:30, 19:30, 20:30, 21:30, 22:30, 23:30, 00:30, 01:30, 02:30, 03:30]
2025-10-16 12:56:01 INFO  c.e.s.f.s.i.JpaShiftAdapter - 📊 hourlyActual = [0, 0, 0, 0, 43, 0, 0, 0, 0, 0, 0, 0, 0, 0, 0, 0, 0, 0, 0, 0]
2025-10-16 12:56:01 DEBUG c.e.s.f.s.i.ShiftSettingsApplier - ✅ Настройки не изменились, смена актуальна: 2025-10-16
2025-10-16 12:56:01 INFO  c.e.s.f.c.a.StoppageReconcilesService - Reconciled date=2025-10-16, hourIndex=4 -> saved 2 auto-stoppage(s)
2025-10-16 12:56:11 INFO  c.e.s.f.s.a.web.SignalController - 📡 Сигнал получен: сенсор = main, дата смены = 2025-10-15
2025-10-16 12:56:11 INFO  c.e.s.f.s.a.e.ProductDetectedListener - [EVENT] Product detected at 2025-10-16T12:56:11.551916
2025-10-16 12:56:11 INFO  c.e.s.f.s.i.JpaShiftAdapter - 🧪 Читаем shift из БД: 2025-10-16
2025-10-16 12:56:11 INFO  c.e.s.f.s.i.JpaShiftAdapter - ⏱ hourlyLabels = [08:00, 09:00, 10:00, 11:00, 12:30, 13:30, 14:30, 15:30, 16:30, 17:30, 18:30, 19:30, 20:30, 21:30, 22:30, 23:30, 00:30, 01:30, 02:30, 03:30]
2025-10-16 12:56:11 INFO  c.e.s.f.s.i.JpaShiftAdapter - 📊 hourlyActual = [0, 0, 0, 0, 43, 0, 0, 0, 0, 0, 0, 0, 0, 0, 0, 0, 0, 0, 0, 0]
2025-10-16 12:56:11 DEBUG c.e.s.f.s.i.ShiftSettingsApplier - ✅ Настройки не изменились, смена актуальна: 2025-10-16
2025-10-16 12:56:11 INFO  c.e.s.f.s.i.ShiftSettingsApplier - 🔧 Обновлены часы смены: [08:00, 09:00, 10:00, 11:00, 12:30, 13:30, 14:30, 15:30, 16:30, 17:30, 18:30, 19:30, 20:30, 21:30, 22:30, 23:30, 00:30, 01:30, 02:30, 03:30]
2025-10-16 12:56:11 INFO  c.e.s.f.s.i.ShiftSettingsApplier - 📊 Применяем планы: [360, 480, 480, 480, 480, 480, 480, 480, 480, 480, 480, 480, 480, 480, 480, 480, 480, 480, 480, 360]
2025-10-16 12:56:11 INFO  c.e.s.f.s.i.JpaShiftAdapter - 📋 Сохраняем смену: date = 2025-10-16, labels = [08:00, 09:00, 10:00, 11:00, 12:30, 13:30, 14:30, 15:30, 16:30, 17:30, 18:30, 19:30, 20:30, 21:30, 22:30, 23:30, 00:30, 01:30, 02:30, 03:30], plan = [360, 480, 480, 480, 480, 480, 480, 480, 480, 480, 480, 480, 480, 480, 480, 480, 480, 480, 480, 360], actual = [0, 0, 0, 0, 44, 0, 0, 0, 0, 0, 0, 0, 0, 0, 0, 0, 0, 0, 0, 0]
2025-10-16 12:56:11 INFO  c.e.s.f.s.i.JpaShiftAdapter - 💾 Сохраняем actual: [0, 0, 0, 0, 44, 0, 0, 0, 0, 0, 0, 0, 0, 0, 0, 0, 0, 0, 0, 0]
2025-10-16 12:56:11 INFO  c.e.s.f.s.a.ShiftPlannerUseCase - 💾 Смена сохранена: 2025-10-16
2025-10-16 12:56:11 INFO  c.e.s.f.s.i.JpaShiftAdapter - 🧪 Читаем shift из БД: 2025-10-16
2025-10-16 12:56:11 INFO  c.e.s.f.s.i.JpaShiftAdapter - ⏱ hourlyLabels = [08:00, 09:00, 10:00, 11:00, 12:30, 13:30, 14:30, 15:30, 16:30, 17:30, 18:30, 19:30, 20:30, 21:30, 22:30, 23:30, 00:30, 01:30, 02:30, 03:30]
2025-10-16 12:56:11 INFO  c.e.s.f.s.i.JpaShiftAdapter - 📊 hourlyActual = [0, 0, 0, 0, 44, 0, 0, 0, 0, 0, 0, 0, 0, 0, 0, 0, 0, 0, 0, 0]
2025-10-16 12:56:11 INFO  c.e.s.f.s.a.e.ShiftUpdatedListener - 📤 Отправлен ShiftView в /topic/shift-updates: ShiftView[date=2025-10-16, actual=[0, 0, 0, 0, 44, 0, 0, 0, 0, 0, 0, 0, 0, 0, 0, 0, 0, 0, 0, 0], plan=[360, 480, 480, 480, 480, 480, 480, 480, 480, 480, 480, 480, 480, 480, 480, 480, 480, 480, 480, 360], hours=[08:00, 09:00, 10:00, 11:00, 12:30, 13:30, 14:30, 15:30, 16:30, 17:30, 18:30, 19:30, 20:30, 21:30, 22:30, 23:30, 00:30, 01:30, 02:30, 03:30]]
2025-10-16 12:56:11 INFO  c.e.s.f.s.i.JpaShiftAdapter - 🧪 Читаем shift из БД: 2025-10-16
2025-10-16 12:56:11 INFO  c.e.s.f.s.i.JpaShiftAdapter - ⏱ hourlyLabels = [08:00, 09:00, 10:00, 11:00, 12:30, 13:30, 14:30, 15:30, 16:30, 17:30, 18:30, 19:30, 20:30, 21:30, 22:30, 23:30, 00:30, 01:30, 02:30, 03:30]
2025-10-16 12:56:11 INFO  c.e.s.f.s.i.JpaShiftAdapter - 📊 hourlyActual = [0, 0, 0, 0, 44, 0, 0, 0, 0, 0, 0, 0, 0, 0, 0, 0, 0, 0, 0, 0]
2025-10-16 12:56:11 DEBUG c.e.s.f.s.i.ShiftSettingsApplier - ✅ Настройки не изменились, смена актуальна: 2025-10-16
2025-10-16 12:56:11 INFO  c.e.s.f.c.a.StoppageReconcilesService - Reconciled date=2025-10-16, hourIndex=4 -> saved 2 auto-stoppage(s)
2025-10-16 12:56:21 INFO  c.e.s.f.s.a.web.SignalController - 📡 Сигнал получен: сенсор = main, дата смены = 2025-10-15
2025-10-16 12:56:21 INFO  c.e.s.f.s.a.e.ProductDetectedListener - [EVENT] Product detected at 2025-10-16T12:56:21.871607500
2025-10-16 12:56:21 INFO  c.e.s.f.s.i.JpaShiftAdapter - 🧪 Читаем shift из БД: 2025-10-16
2025-10-16 12:56:21 INFO  c.e.s.f.s.i.JpaShiftAdapter - ⏱ hourlyLabels = [08:00, 09:00, 10:00, 11:00, 12:30, 13:30, 14:30, 15:30, 16:30, 17:30, 18:30, 19:30, 20:30, 21:30, 22:30, 23:30, 00:30, 01:30, 02:30, 03:30]
2025-10-16 12:56:21 INFO  c.e.s.f.s.i.JpaShiftAdapter - 📊 hourlyActual = [0, 0, 0, 0, 44, 0, 0, 0, 0, 0, 0, 0, 0, 0, 0, 0, 0, 0, 0, 0]
2025-10-16 12:56:21 DEBUG c.e.s.f.s.i.ShiftSettingsApplier - ✅ Настройки не изменились, смена актуальна: 2025-10-16
2025-10-16 12:56:21 INFO  c.e.s.f.s.i.ShiftSettingsApplier - 🔧 Обновлены часы смены: [08:00, 09:00, 10:00, 11:00, 12:30, 13:30, 14:30, 15:30, 16:30, 17:30, 18:30, 19:30, 20:30, 21:30, 22:30, 23:30, 00:30, 01:30, 02:30, 03:30]
2025-10-16 12:56:21 INFO  c.e.s.f.s.i.ShiftSettingsApplier - 📊 Применяем планы: [360, 480, 480, 480, 480, 480, 480, 480, 480, 480, 480, 480, 480, 480, 480, 480, 480, 480, 480, 360]
2025-10-16 12:56:21 INFO  c.e.s.f.s.i.JpaShiftAdapter - 📋 Сохраняем смену: date = 2025-10-16, labels = [08:00, 09:00, 10:00, 11:00, 12:30, 13:30, 14:30, 15:30, 16:30, 17:30, 18:30, 19:30, 20:30, 21:30, 22:30, 23:30, 00:30, 01:30, 02:30, 03:30], plan = [360, 480, 480, 480, 480, 480, 480, 480, 480, 480, 480, 480, 480, 480, 480, 480, 480, 480, 480, 360], actual = [0, 0, 0, 0, 45, 0, 0, 0, 0, 0, 0, 0, 0, 0, 0, 0, 0, 0, 0, 0]
2025-10-16 12:56:21 INFO  c.e.s.f.s.i.JpaShiftAdapter - 💾 Сохраняем actual: [0, 0, 0, 0, 45, 0, 0, 0, 0, 0, 0, 0, 0, 0, 0, 0, 0, 0, 0, 0]
2025-10-16 12:56:21 INFO  c.e.s.f.s.a.ShiftPlannerUseCase - 💾 Смена сохранена: 2025-10-16
2025-10-16 12:56:21 INFO  c.e.s.f.s.i.JpaShiftAdapter - 🧪 Читаем shift из БД: 2025-10-16
2025-10-16 12:56:21 INFO  c.e.s.f.s.i.JpaShiftAdapter - ⏱ hourlyLabels = [08:00, 09:00, 10:00, 11:00, 12:30, 13:30, 14:30, 15:30, 16:30, 17:30, 18:30, 19:30, 20:30, 21:30, 22:30, 23:30, 00:30, 01:30, 02:30, 03:30]
2025-10-16 12:56:21 INFO  c.e.s.f.s.i.JpaShiftAdapter - 📊 hourlyActual = [0, 0, 0, 0, 45, 0, 0, 0, 0, 0, 0, 0, 0, 0, 0, 0, 0, 0, 0, 0]
2025-10-16 12:56:21 INFO  c.e.s.f.s.a.e.ShiftUpdatedListener - 📤 Отправлен ShiftView в /topic/shift-updates: ShiftView[date=2025-10-16, actual=[0, 0, 0, 0, 45, 0, 0, 0, 0, 0, 0, 0, 0, 0, 0, 0, 0, 0, 0, 0], plan=[360, 480, 480, 480, 480, 480, 480, 480, 480, 480, 480, 480, 480, 480, 480, 480, 480, 480, 480, 360], hours=[08:00, 09:00, 10:00, 11:00, 12:30, 13:30, 14:30, 15:30, 16:30, 17:30, 18:30, 19:30, 20:30, 21:30, 22:30, 23:30, 00:30, 01:30, 02:30, 03:30]]
2025-10-16 12:56:22 INFO  c.e.s.f.s.i.JpaShiftAdapter - 🧪 Читаем shift из БД: 2025-10-16
2025-10-16 12:56:22 INFO  c.e.s.f.s.i.JpaShiftAdapter - ⏱ hourlyLabels = [08:00, 09:00, 10:00, 11:00, 12:30, 13:30, 14:30, 15:30, 16:30, 17:30, 18:30, 19:30, 20:30, 21:30, 22:30, 23:30, 00:30, 01:30, 02:30, 03:30]
2025-10-16 12:56:22 INFO  c.e.s.f.s.i.JpaShiftAdapter - 📊 hourlyActual = [0, 0, 0, 0, 45, 0, 0, 0, 0, 0, 0, 0, 0, 0, 0, 0, 0, 0, 0, 0]
2025-10-16 12:56:22 DEBUG c.e.s.f.s.i.ShiftSettingsApplier - ✅ Настройки не изменились, смена актуальна: 2025-10-16
2025-10-16 12:56:22 INFO  c.e.s.f.c.a.StoppageReconcilesService - Reconciled date=2025-10-16, hourIndex=4 -> saved 2 auto-stoppage(s)
2025-10-16 12:56:32 INFO  c.e.s.f.s.a.web.SignalController - 📡 Сигнал получен: сенсор = main, дата смены = 2025-10-15
2025-10-16 12:56:32 INFO  c.e.s.f.s.a.e.ProductDetectedListener - [EVENT] Product detected at 2025-10-16T12:56:32.081410500
2025-10-16 12:56:32 INFO  c.e.s.f.s.i.JpaShiftAdapter - 🧪 Читаем shift из БД: 2025-10-16
2025-10-16 12:56:32 INFO  c.e.s.f.s.i.JpaShiftAdapter - ⏱ hourlyLabels = [08:00, 09:00, 10:00, 11:00, 12:30, 13:30, 14:30, 15:30, 16:30, 17:30, 18:30, 19:30, 20:30, 21:30, 22:30, 23:30, 00:30, 01:30, 02:30, 03:30]
2025-10-16 12:56:32 INFO  c.e.s.f.s.i.JpaShiftAdapter - 📊 hourlyActual = [0, 0, 0, 0, 45, 0, 0, 0, 0, 0, 0, 0, 0, 0, 0, 0, 0, 0, 0, 0]
2025-10-16 12:56:32 DEBUG c.e.s.f.s.i.ShiftSettingsApplier - ✅ Настройки не изменились, смена актуальна: 2025-10-16
2025-10-16 12:56:32 INFO  c.e.s.f.s.i.ShiftSettingsApplier - 🔧 Обновлены часы смены: [08:00, 09:00, 10:00, 11:00, 12:30, 13:30, 14:30, 15:30, 16:30, 17:30, 18:30, 19:30, 20:30, 21:30, 22:30, 23:30, 00:30, 01:30, 02:30, 03:30]
2025-10-16 12:56:32 INFO  c.e.s.f.s.i.ShiftSettingsApplier - 📊 Применяем планы: [360, 480, 480, 480, 480, 480, 480, 480, 480, 480, 480, 480, 480, 480, 480, 480, 480, 480, 480, 360]
2025-10-16 12:56:32 INFO  c.e.s.f.s.i.JpaShiftAdapter - 📋 Сохраняем смену: date = 2025-10-16, labels = [08:00, 09:00, 10:00, 11:00, 12:30, 13:30, 14:30, 15:30, 16:30, 17:30, 18:30, 19:30, 20:30, 21:30, 22:30, 23:30, 00:30, 01:30, 02:30, 03:30], plan = [360, 480, 480, 480, 480, 480, 480, 480, 480, 480, 480, 480, 480, 480, 480, 480, 480, 480, 480, 360], actual = [0, 0, 0, 0, 46, 0, 0, 0, 0, 0, 0, 0, 0, 0, 0, 0, 0, 0, 0, 0]
2025-10-16 12:56:32 INFO  c.e.s.f.s.i.JpaShiftAdapter - 💾 Сохраняем actual: [0, 0, 0, 0, 46, 0, 0, 0, 0, 0, 0, 0, 0, 0, 0, 0, 0, 0, 0, 0]
2025-10-16 12:56:32 INFO  c.e.s.f.s.a.ShiftPlannerUseCase - 💾 Смена сохранена: 2025-10-16
2025-10-16 12:56:32 INFO  c.e.s.f.s.i.JpaShiftAdapter - 🧪 Читаем shift из БД: 2025-10-16
2025-10-16 12:56:32 INFO  c.e.s.f.s.i.JpaShiftAdapter - ⏱ hourlyLabels = [08:00, 09:00, 10:00, 11:00, 12:30, 13:30, 14:30, 15:30, 16:30, 17:30, 18:30, 19:30, 20:30, 21:30, 22:30, 23:30, 00:30, 01:30, 02:30, 03:30]
2025-10-16 12:56:32 INFO  c.e.s.f.s.i.JpaShiftAdapter - 📊 hourlyActual = [0, 0, 0, 0, 46, 0, 0, 0, 0, 0, 0, 0, 0, 0, 0, 0, 0, 0, 0, 0]
2025-10-16 12:56:32 INFO  c.e.s.f.s.a.e.ShiftUpdatedListener - 📤 Отправлен ShiftView в /topic/shift-updates: ShiftView[date=2025-10-16, actual=[0, 0, 0, 0, 46, 0, 0, 0, 0, 0, 0, 0, 0, 0, 0, 0, 0, 0, 0, 0], plan=[360, 480, 480, 480, 480, 480, 480, 480, 480, 480, 480, 480, 480, 480, 480, 480, 480, 480, 480, 360], hours=[08:00, 09:00, 10:00, 11:00, 12:30, 13:30, 14:30, 15:30, 16:30, 17:30, 18:30, 19:30, 20:30, 21:30, 22:30, 23:30, 00:30, 01:30, 02:30, 03:30]]
2025-10-16 12:56:32 INFO  c.e.s.f.s.i.JpaShiftAdapter - 🧪 Читаем shift из БД: 2025-10-16
2025-10-16 12:56:32 INFO  c.e.s.f.s.i.JpaShiftAdapter - ⏱ hourlyLabels = [08:00, 09:00, 10:00, 11:00, 12:30, 13:30, 14:30, 15:30, 16:30, 17:30, 18:30, 19:30, 20:30, 21:30, 22:30, 23:30, 00:30, 01:30, 02:30, 03:30]
2025-10-16 12:56:32 INFO  c.e.s.f.s.i.JpaShiftAdapter - 📊 hourlyActual = [0, 0, 0, 0, 46, 0, 0, 0, 0, 0, 0, 0, 0, 0, 0, 0, 0, 0, 0, 0]
2025-10-16 12:56:32 DEBUG c.e.s.f.s.i.ShiftSettingsApplier - ✅ Настройки не изменились, смена актуальна: 2025-10-16
2025-10-16 12:56:32 INFO  c.e.s.f.c.a.StoppageReconcilesService - Reconciled date=2025-10-16, hourIndex=4 -> saved 2 auto-stoppage(s)
2025-10-16 12:56:42 INFO  c.e.s.f.s.a.web.SignalController - 📡 Сигнал получен: сенсор = main, дата смены = 2025-10-15
2025-10-16 12:56:42 INFO  c.e.s.f.s.a.e.ProductDetectedListener - [EVENT] Product detected at 2025-10-16T12:56:42.295815500
2025-10-16 12:56:42 INFO  c.e.s.f.s.i.JpaShiftAdapter - 🧪 Читаем shift из БД: 2025-10-16
2025-10-16 12:56:42 INFO  c.e.s.f.s.i.JpaShiftAdapter - ⏱ hourlyLabels = [08:00, 09:00, 10:00, 11:00, 12:30, 13:30, 14:30, 15:30, 16:30, 17:30, 18:30, 19:30, 20:30, 21:30, 22:30, 23:30, 00:30, 01:30, 02:30, 03:30]
2025-10-16 12:56:42 INFO  c.e.s.f.s.i.JpaShiftAdapter - 📊 hourlyActual = [0, 0, 0, 0, 46, 0, 0, 0, 0, 0, 0, 0, 0, 0, 0, 0, 0, 0, 0, 0]
2025-10-16 12:56:42 DEBUG c.e.s.f.s.i.ShiftSettingsApplier - ✅ Настройки не изменились, смена актуальна: 2025-10-16
2025-10-16 12:56:42 INFO  c.e.s.f.s.i.ShiftSettingsApplier - 🔧 Обновлены часы смены: [08:00, 09:00, 10:00, 11:00, 12:30, 13:30, 14:30, 15:30, 16:30, 17:30, 18:30, 19:30, 20:30, 21:30, 22:30, 23:30, 00:30, 01:30, 02:30, 03:30]
2025-10-16 12:56:42 INFO  c.e.s.f.s.i.ShiftSettingsApplier - 📊 Применяем планы: [360, 480, 480, 480, 480, 480, 480, 480, 480, 480, 480, 480, 480, 480, 480, 480, 480, 480, 480, 360]
2025-10-16 12:56:42 INFO  c.e.s.f.s.i.JpaShiftAdapter - 📋 Сохраняем смену: date = 2025-10-16, labels = [08:00, 09:00, 10:00, 11:00, 12:30, 13:30, 14:30, 15:30, 16:30, 17:30, 18:30, 19:30, 20:30, 21:30, 22:30, 23:30, 00:30, 01:30, 02:30, 03:30], plan = [360, 480, 480, 480, 480, 480, 480, 480, 480, 480, 480, 480, 480, 480, 480, 480, 480, 480, 480, 360], actual = [0, 0, 0, 0, 47, 0, 0, 0, 0, 0, 0, 0, 0, 0, 0, 0, 0, 0, 0, 0]
2025-10-16 12:56:42 INFO  c.e.s.f.s.i.JpaShiftAdapter - 💾 Сохраняем actual: [0, 0, 0, 0, 47, 0, 0, 0, 0, 0, 0, 0, 0, 0, 0, 0, 0, 0, 0, 0]
2025-10-16 12:56:42 INFO  c.e.s.f.s.a.ShiftPlannerUseCase - 💾 Смена сохранена: 2025-10-16
2025-10-16 12:56:42 INFO  c.e.s.f.s.i.JpaShiftAdapter - 🧪 Читаем shift из БД: 2025-10-16
2025-10-16 12:56:42 INFO  c.e.s.f.s.i.JpaShiftAdapter - ⏱ hourlyLabels = [08:00, 09:00, 10:00, 11:00, 12:30, 13:30, 14:30, 15:30, 16:30, 17:30, 18:30, 19:30, 20:30, 21:30, 22:30, 23:30, 00:30, 01:30, 02:30, 03:30]
2025-10-16 12:56:42 INFO  c.e.s.f.s.i.JpaShiftAdapter - 📊 hourlyActual = [0, 0, 0, 0, 47, 0, 0, 0, 0, 0, 0, 0, 0, 0, 0, 0, 0, 0, 0, 0]
2025-10-16 12:56:42 INFO  c.e.s.f.s.a.e.ShiftUpdatedListener - 📤 Отправлен ShiftView в /topic/shift-updates: ShiftView[date=2025-10-16, actual=[0, 0, 0, 0, 47, 0, 0, 0, 0, 0, 0, 0, 0, 0, 0, 0, 0, 0, 0, 0], plan=[360, 480, 480, 480, 480, 480, 480, 480, 480, 480, 480, 480, 480, 480, 480, 480, 480, 480, 480, 360], hours=[08:00, 09:00, 10:00, 11:00, 12:30, 13:30, 14:30, 15:30, 16:30, 17:30, 18:30, 19:30, 20:30, 21:30, 22:30, 23:30, 00:30, 01:30, 02:30, 03:30]]
2025-10-16 12:56:42 INFO  c.e.s.f.s.i.JpaShiftAdapter - 🧪 Читаем shift из БД: 2025-10-16
2025-10-16 12:56:42 INFO  c.e.s.f.s.i.JpaShiftAdapter - ⏱ hourlyLabels = [08:00, 09:00, 10:00, 11:00, 12:30, 13:30, 14:30, 15:30, 16:30, 17:30, 18:30, 19:30, 20:30, 21:30, 22:30, 23:30, 00:30, 01:30, 02:30, 03:30]
2025-10-16 12:56:42 INFO  c.e.s.f.s.i.JpaShiftAdapter - 📊 hourlyActual = [0, 0, 0, 0, 47, 0, 0, 0, 0, 0, 0, 0, 0, 0, 0, 0, 0, 0, 0, 0]
2025-10-16 12:56:42 DEBUG c.e.s.f.s.i.ShiftSettingsApplier - ✅ Настройки не изменились, смена актуальна: 2025-10-16
2025-10-16 12:56:43 INFO  c.e.s.f.c.a.StoppageReconcilesService - Reconciled date=2025-10-16, hourIndex=4 -> saved 2 auto-stoppage(s)
2025-10-16 12:56:53 INFO  c.e.s.f.s.a.web.SignalController - 📡 Сигнал получен: сенсор = main, дата смены = 2025-10-15
2025-10-16 12:56:53 INFO  c.e.s.f.s.a.e.ProductDetectedListener - [EVENT] Product detected at 2025-10-16T12:56:53.177159400
2025-10-16 12:56:53 INFO  c.e.s.f.s.i.JpaShiftAdapter - 🧪 Читаем shift из БД: 2025-10-16
2025-10-16 12:56:53 INFO  c.e.s.f.s.i.JpaShiftAdapter - ⏱ hourlyLabels = [08:00, 09:00, 10:00, 11:00, 12:30, 13:30, 14:30, 15:30, 16:30, 17:30, 18:30, 19:30, 20:30, 21:30, 22:30, 23:30, 00:30, 01:30, 02:30, 03:30]
2025-10-16 12:56:53 INFO  c.e.s.f.s.i.JpaShiftAdapter - 📊 hourlyActual = [0, 0, 0, 0, 47, 0, 0, 0, 0, 0, 0, 0, 0, 0, 0, 0, 0, 0, 0, 0]
2025-10-16 12:56:53 DEBUG c.e.s.f.s.i.ShiftSettingsApplier - ✅ Настройки не изменились, смена актуальна: 2025-10-16
2025-10-16 12:56:53 INFO  c.e.s.f.s.i.ShiftSettingsApplier - 🔧 Обновлены часы смены: [08:00, 09:00, 10:00, 11:00, 12:30, 13:30, 14:30, 15:30, 16:30, 17:30, 18:30, 19:30, 20:30, 21:30, 22:30, 23:30, 00:30, 01:30, 02:30, 03:30]
2025-10-16 12:56:53 INFO  c.e.s.f.s.i.ShiftSettingsApplier - 📊 Применяем планы: [360, 480, 480, 480, 480, 480, 480, 480, 480, 480, 480, 480, 480, 480, 480, 480, 480, 480, 480, 360]
2025-10-16 12:56:53 INFO  c.e.s.f.s.i.JpaShiftAdapter - 📋 Сохраняем смену: date = 2025-10-16, labels = [08:00, 09:00, 10:00, 11:00, 12:30, 13:30, 14:30, 15:30, 16:30, 17:30, 18:30, 19:30, 20:30, 21:30, 22:30, 23:30, 00:30, 01:30, 02:30, 03:30], plan = [360, 480, 480, 480, 480, 480, 480, 480, 480, 480, 480, 480, 480, 480, 480, 480, 480, 480, 480, 360], actual = [0, 0, 0, 0, 48, 0, 0, 0, 0, 0, 0, 0, 0, 0, 0, 0, 0, 0, 0, 0]
2025-10-16 12:56:53 INFO  c.e.s.f.s.i.JpaShiftAdapter - 💾 Сохраняем actual: [0, 0, 0, 0, 48, 0, 0, 0, 0, 0, 0, 0, 0, 0, 0, 0, 0, 0, 0, 0]
2025-10-16 12:56:53 INFO  c.e.s.f.s.a.ShiftPlannerUseCase - 💾 Смена сохранена: 2025-10-16
2025-10-16 12:56:54 INFO  c.e.s.f.s.i.JpaShiftAdapter - 🧪 Читаем shift из БД: 2025-10-16
2025-10-16 12:56:54 INFO  c.e.s.f.s.i.JpaShiftAdapter - ⏱ hourlyLabels = [08:00, 09:00, 10:00, 11:00, 12:30, 13:30, 14:30, 15:30, 16:30, 17:30, 18:30, 19:30, 20:30, 21:30, 22:30, 23:30, 00:30, 01:30, 02:30, 03:30]
2025-10-16 12:56:54 INFO  c.e.s.f.s.i.JpaShiftAdapter - 📊 hourlyActual = [0, 0, 0, 0, 48, 0, 0, 0, 0, 0, 0, 0, 0, 0, 0, 0, 0, 0, 0, 0]
2025-10-16 12:56:54 INFO  c.e.s.f.s.a.e.ShiftUpdatedListener - 📤 Отправлен ShiftView в /topic/shift-updates: ShiftView[date=2025-10-16, actual=[0, 0, 0, 0, 48, 0, 0, 0, 0, 0, 0, 0, 0, 0, 0, 0, 0, 0, 0, 0], plan=[360, 480, 480, 480, 480, 480, 480, 480, 480, 480, 480, 480, 480, 480, 480, 480, 480, 480, 480, 360], hours=[08:00, 09:00, 10:00, 11:00, 12:30, 13:30, 14:30, 15:30, 16:30, 17:30, 18:30, 19:30, 20:30, 21:30, 22:30, 23:30, 00:30, 01:30, 02:30, 03:30]]
2025-10-16 12:56:54 INFO  c.e.s.f.s.i.JpaShiftAdapter - 🧪 Читаем shift из БД: 2025-10-16
2025-10-16 12:56:54 INFO  c.e.s.f.s.i.JpaShiftAdapter - ⏱ hourlyLabels = [08:00, 09:00, 10:00, 11:00, 12:30, 13:30, 14:30, 15:30, 16:30, 17:30, 18:30, 19:30, 20:30, 21:30, 22:30, 23:30, 00:30, 01:30, 02:30, 03:30]
2025-10-16 12:56:54 INFO  c.e.s.f.s.i.JpaShiftAdapter - 📊 hourlyActual = [0, 0, 0, 0, 48, 0, 0, 0, 0, 0, 0, 0, 0, 0, 0, 0, 0, 0, 0, 0]
2025-10-16 12:56:54 DEBUG c.e.s.f.s.i.ShiftSettingsApplier - ✅ Настройки не изменились, смена актуальна: 2025-10-16
2025-10-16 12:56:54 INFO  c.e.s.f.c.a.StoppageReconcilesService - Reconciled date=2025-10-16, hourIndex=4 -> saved 2 auto-stoppage(s)
2025-10-16 12:57:04 INFO  c.e.s.f.s.a.web.SignalController - 📡 Сигнал получен: сенсор = main, дата смены = 2025-10-15
2025-10-16 12:57:04 INFO  c.e.s.f.s.a.e.ProductDetectedListener - [EVENT] Product detected at 2025-10-16T12:57:04.539332100
2025-10-16 12:57:04 INFO  c.e.s.f.s.i.JpaShiftAdapter - 🧪 Читаем shift из БД: 2025-10-16
2025-10-16 12:57:04 INFO  c.e.s.f.s.i.JpaShiftAdapter - ⏱ hourlyLabels = [08:00, 09:00, 10:00, 11:00, 12:30, 13:30, 14:30, 15:30, 16:30, 17:30, 18:30, 19:30, 20:30, 21:30, 22:30, 23:30, 00:30, 01:30, 02:30, 03:30]
2025-10-16 12:57:04 INFO  c.e.s.f.s.i.JpaShiftAdapter - 📊 hourlyActual = [0, 0, 0, 0, 48, 0, 0, 0, 0, 0, 0, 0, 0, 0, 0, 0, 0, 0, 0, 0]
2025-10-16 12:57:04 DEBUG c.e.s.f.s.i.ShiftSettingsApplier - ✅ Настройки не изменились, смена актуальна: 2025-10-16
2025-10-16 12:57:04 INFO  c.e.s.f.s.i.ShiftSettingsApplier - 🔧 Обновлены часы смены: [08:00, 09:00, 10:00, 11:00, 12:30, 13:30, 14:30, 15:30, 16:30, 17:30, 18:30, 19:30, 20:30, 21:30, 22:30, 23:30, 00:30, 01:30, 02:30, 03:30]
2025-10-16 12:57:04 INFO  c.e.s.f.s.i.ShiftSettingsApplier - 📊 Применяем планы: [360, 480, 480, 480, 480, 480, 480, 480, 480, 480, 480, 480, 480, 480, 480, 480, 480, 480, 480, 360]
2025-10-16 12:57:04 INFO  c.e.s.f.s.i.JpaShiftAdapter - 📋 Сохраняем смену: date = 2025-10-16, labels = [08:00, 09:00, 10:00, 11:00, 12:30, 13:30, 14:30, 15:30, 16:30, 17:30, 18:30, 19:30, 20:30, 21:30, 22:30, 23:30, 00:30, 01:30, 02:30, 03:30], plan = [360, 480, 480, 480, 480, 480, 480, 480, 480, 480, 480, 480, 480, 480, 480, 480, 480, 480, 480, 360], actual = [0, 0, 0, 0, 49, 0, 0, 0, 0, 0, 0, 0, 0, 0, 0, 0, 0, 0, 0, 0]
2025-10-16 12:57:04 INFO  c.e.s.f.s.i.JpaShiftAdapter - 💾 Сохраняем actual: [0, 0, 0, 0, 49, 0, 0, 0, 0, 0, 0, 0, 0, 0, 0, 0, 0, 0, 0, 0]
2025-10-16 12:57:04 INFO  c.e.s.f.s.a.ShiftPlannerUseCase - 💾 Смена сохранена: 2025-10-16
2025-10-16 12:57:04 INFO  c.e.s.f.s.i.JpaShiftAdapter - 🧪 Читаем shift из БД: 2025-10-16
2025-10-16 12:57:04 INFO  c.e.s.f.s.i.JpaShiftAdapter - ⏱ hourlyLabels = [08:00, 09:00, 10:00, 11:00, 12:30, 13:30, 14:30, 15:30, 16:30, 17:30, 18:30, 19:30, 20:30, 21:30, 22:30, 23:30, 00:30, 01:30, 02:30, 03:30]
2025-10-16 12:57:04 INFO  c.e.s.f.s.i.JpaShiftAdapter - 📊 hourlyActual = [0, 0, 0, 0, 49, 0, 0, 0, 0, 0, 0, 0, 0, 0, 0, 0, 0, 0, 0, 0]
2025-10-16 12:57:04 INFO  c.e.s.f.s.a.e.ShiftUpdatedListener - 📤 Отправлен ShiftView в /topic/shift-updates: ShiftView[date=2025-10-16, actual=[0, 0, 0, 0, 49, 0, 0, 0, 0, 0, 0, 0, 0, 0, 0, 0, 0, 0, 0, 0], plan=[360, 480, 480, 480, 480, 480, 480, 480, 480, 480, 480, 480, 480, 480, 480, 480, 480, 480, 480, 360], hours=[08:00, 09:00, 10:00, 11:00, 12:30, 13:30, 14:30, 15:30, 16:30, 17:30, 18:30, 19:30, 20:30, 21:30, 22:30, 23:30, 00:30, 01:30, 02:30, 03:30]]
2025-10-16 12:57:04 INFO  c.e.s.f.s.i.JpaShiftAdapter - 🧪 Читаем shift из БД: 2025-10-16
2025-10-16 12:57:04 INFO  c.e.s.f.s.i.JpaShiftAdapter - ⏱ hourlyLabels = [08:00, 09:00, 10:00, 11:00, 12:30, 13:30, 14:30, 15:30, 16:30, 17:30, 18:30, 19:30, 20:30, 21:30, 22:30, 23:30, 00:30, 01:30, 02:30, 03:30]
2025-10-16 12:57:04 INFO  c.e.s.f.s.i.JpaShiftAdapter - 📊 hourlyActual = [0, 0, 0, 0, 49, 0, 0, 0, 0, 0, 0, 0, 0, 0, 0, 0, 0, 0, 0, 0]
2025-10-16 12:57:04 DEBUG c.e.s.f.s.i.ShiftSettingsApplier - ✅ Настройки не изменились, смена актуальна: 2025-10-16
2025-10-16 12:57:04 INFO  c.e.s.f.c.a.StoppageReconcilesService - Reconciled date=2025-10-16, hourIndex=4 -> saved 2 auto-stoppage(s)
2025-10-16 12:57:14 INFO  c.e.s.f.s.a.web.SignalController - 📡 Сигнал получен: сенсор = main, дата смены = 2025-10-15
2025-10-16 12:57:14 INFO  c.e.s.f.s.a.e.ProductDetectedListener - [EVENT] Product detected at 2025-10-16T12:57:14.861516
2025-10-16 12:57:14 INFO  c.e.s.f.s.i.JpaShiftAdapter - 🧪 Читаем shift из БД: 2025-10-16
2025-10-16 12:57:14 INFO  c.e.s.f.s.i.JpaShiftAdapter - ⏱ hourlyLabels = [08:00, 09:00, 10:00, 11:00, 12:30, 13:30, 14:30, 15:30, 16:30, 17:30, 18:30, 19:30, 20:30, 21:30, 22:30, 23:30, 00:30, 01:30, 02:30, 03:30]
2025-10-16 12:57:14 INFO  c.e.s.f.s.i.JpaShiftAdapter - 📊 hourlyActual = [0, 0, 0, 0, 49, 0, 0, 0, 0, 0, 0, 0, 0, 0, 0, 0, 0, 0, 0, 0]
2025-10-16 12:57:14 DEBUG c.e.s.f.s.i.ShiftSettingsApplier - ✅ Настройки не изменились, смена актуальна: 2025-10-16
2025-10-16 12:57:14 INFO  c.e.s.f.s.i.ShiftSettingsApplier - 🔧 Обновлены часы смены: [08:00, 09:00, 10:00, 11:00, 12:30, 13:30, 14:30, 15:30, 16:30, 17:30, 18:30, 19:30, 20:30, 21:30, 22:30, 23:30, 00:30, 01:30, 02:30, 03:30]
2025-10-16 12:57:14 INFO  c.e.s.f.s.i.ShiftSettingsApplier - 📊 Применяем планы: [360, 480, 480, 480, 480, 480, 480, 480, 480, 480, 480, 480, 480, 480, 480, 480, 480, 480, 480, 360]
2025-10-16 12:57:14 INFO  c.e.s.f.s.i.JpaShiftAdapter - 📋 Сохраняем смену: date = 2025-10-16, labels = [08:00, 09:00, 10:00, 11:00, 12:30, 13:30, 14:30, 15:30, 16:30, 17:30, 18:30, 19:30, 20:30, 21:30, 22:30, 23:30, 00:30, 01:30, 02:30, 03:30], plan = [360, 480, 480, 480, 480, 480, 480, 480, 480, 480, 480, 480, 480, 480, 480, 480, 480, 480, 480, 360], actual = [0, 0, 0, 0, 50, 0, 0, 0, 0, 0, 0, 0, 0, 0, 0, 0, 0, 0, 0, 0]
2025-10-16 12:57:14 INFO  c.e.s.f.s.i.JpaShiftAdapter - 💾 Сохраняем actual: [0, 0, 0, 0, 50, 0, 0, 0, 0, 0, 0, 0, 0, 0, 0, 0, 0, 0, 0, 0]
2025-10-16 12:57:14 INFO  c.e.s.f.s.a.ShiftPlannerUseCase - 💾 Смена сохранена: 2025-10-16
2025-10-16 12:57:14 INFO  c.e.s.f.s.i.JpaShiftAdapter - 🧪 Читаем shift из БД: 2025-10-16
2025-10-16 12:57:14 INFO  c.e.s.f.s.i.JpaShiftAdapter - ⏱ hourlyLabels = [08:00, 09:00, 10:00, 11:00, 12:30, 13:30, 14:30, 15:30, 16:30, 17:30, 18:30, 19:30, 20:30, 21:30, 22:30, 23:30, 00:30, 01:30, 02:30, 03:30]
2025-10-16 12:57:14 INFO  c.e.s.f.s.i.JpaShiftAdapter - 📊 hourlyActual = [0, 0, 0, 0, 50, 0, 0, 0, 0, 0, 0, 0, 0, 0, 0, 0, 0, 0, 0, 0]
2025-10-16 12:57:14 INFO  c.e.s.f.s.a.e.ShiftUpdatedListener - 📤 Отправлен ShiftView в /topic/shift-updates: ShiftView[date=2025-10-16, actual=[0, 0, 0, 0, 50, 0, 0, 0, 0, 0, 0, 0, 0, 0, 0, 0, 0, 0, 0, 0], plan=[360, 480, 480, 480, 480, 480, 480, 480, 480, 480, 480, 480, 480, 480, 480, 480, 480, 480, 480, 360], hours=[08:00, 09:00, 10:00, 11:00, 12:30, 13:30, 14:30, 15:30, 16:30, 17:30, 18:30, 19:30, 20:30, 21:30, 22:30, 23:30, 00:30, 01:30, 02:30, 03:30]]
2025-10-16 12:57:15 INFO  c.e.s.f.s.i.JpaShiftAdapter - 🧪 Читаем shift из БД: 2025-10-16
2025-10-16 12:57:15 INFO  c.e.s.f.s.i.JpaShiftAdapter - ⏱ hourlyLabels = [08:00, 09:00, 10:00, 11:00, 12:30, 13:30, 14:30, 15:30, 16:30, 17:30, 18:30, 19:30, 20:30, 21:30, 22:30, 23:30, 00:30, 01:30, 02:30, 03:30]
2025-10-16 12:57:15 INFO  c.e.s.f.s.i.JpaShiftAdapter - 📊 hourlyActual = [0, 0, 0, 0, 50, 0, 0, 0, 0, 0, 0, 0, 0, 0, 0, 0, 0, 0, 0, 0]
2025-10-16 12:57:15 DEBUG c.e.s.f.s.i.ShiftSettingsApplier - ✅ Настройки не изменились, смена актуальна: 2025-10-16
2025-10-16 12:57:15 INFO  c.e.s.f.c.a.StoppageReconcilesService - Reconciled date=2025-10-16, hourIndex=4 -> saved 2 auto-stoppage(s)
2025-10-16 12:57:25 INFO  c.e.s.f.s.a.web.SignalController - 📡 Сигнал получен: сенсор = main, дата смены = 2025-10-15
2025-10-16 12:57:25 INFO  c.e.s.f.s.a.e.ProductDetectedListener - [EVENT] Product detected at 2025-10-16T12:57:25.082392200
2025-10-16 12:57:25 INFO  c.e.s.f.s.i.JpaShiftAdapter - 🧪 Читаем shift из БД: 2025-10-16
2025-10-16 12:57:25 INFO  c.e.s.f.s.i.JpaShiftAdapter - ⏱ hourlyLabels = [08:00, 09:00, 10:00, 11:00, 12:30, 13:30, 14:30, 15:30, 16:30, 17:30, 18:30, 19:30, 20:30, 21:30, 22:30, 23:30, 00:30, 01:30, 02:30, 03:30]
2025-10-16 12:57:25 INFO  c.e.s.f.s.i.JpaShiftAdapter - 📊 hourlyActual = [0, 0, 0, 0, 50, 0, 0, 0, 0, 0, 0, 0, 0, 0, 0, 0, 0, 0, 0, 0]
2025-10-16 12:57:25 DEBUG c.e.s.f.s.i.ShiftSettingsApplier - ✅ Настройки не изменились, смена актуальна: 2025-10-16
2025-10-16 12:57:25 INFO  c.e.s.f.s.i.ShiftSettingsApplier - 🔧 Обновлены часы смены: [08:00, 09:00, 10:00, 11:00, 12:30, 13:30, 14:30, 15:30, 16:30, 17:30, 18:30, 19:30, 20:30, 21:30, 22:30, 23:30, 00:30, 01:30, 02:30, 03:30]
2025-10-16 12:57:25 INFO  c.e.s.f.s.i.ShiftSettingsApplier - 📊 Применяем планы: [360, 480, 480, 480, 480, 480, 480, 480, 480, 480, 480, 480, 480, 480, 480, 480, 480, 480, 480, 360]
2025-10-16 12:57:25 INFO  c.e.s.f.s.i.JpaShiftAdapter - 📋 Сохраняем смену: date = 2025-10-16, labels = [08:00, 09:00, 10:00, 11:00, 12:30, 13:30, 14:30, 15:30, 16:30, 17:30, 18:30, 19:30, 20:30, 21:30, 22:30, 23:30, 00:30, 01:30, 02:30, 03:30], plan = [360, 480, 480, 480, 480, 480, 480, 480, 480, 480, 480, 480, 480, 480, 480, 480, 480, 480, 480, 360], actual = [0, 0, 0, 0, 51, 0, 0, 0, 0, 0, 0, 0, 0, 0, 0, 0, 0, 0, 0, 0]
2025-10-16 12:57:25 INFO  c.e.s.f.s.i.JpaShiftAdapter - 💾 Сохраняем actual: [0, 0, 0, 0, 51, 0, 0, 0, 0, 0, 0, 0, 0, 0, 0, 0, 0, 0, 0, 0]
2025-10-16 12:57:25 INFO  c.e.s.f.s.a.ShiftPlannerUseCase - 💾 Смена сохранена: 2025-10-16
2025-10-16 12:57:25 INFO  c.e.s.f.s.i.JpaShiftAdapter - 🧪 Читаем shift из БД: 2025-10-16
2025-10-16 12:57:25 INFO  c.e.s.f.s.i.JpaShiftAdapter - ⏱ hourlyLabels = [08:00, 09:00, 10:00, 11:00, 12:30, 13:30, 14:30, 15:30, 16:30, 17:30, 18:30, 19:30, 20:30, 21:30, 22:30, 23:30, 00:30, 01:30, 02:30, 03:30]
2025-10-16 12:57:25 INFO  c.e.s.f.s.i.JpaShiftAdapter - 📊 hourlyActual = [0, 0, 0, 0, 51, 0, 0, 0, 0, 0, 0, 0, 0, 0, 0, 0, 0, 0, 0, 0]
2025-10-16 12:57:25 INFO  c.e.s.f.s.a.e.ShiftUpdatedListener - 📤 Отправлен ShiftView в /topic/shift-updates: ShiftView[date=2025-10-16, actual=[0, 0, 0, 0, 51, 0, 0, 0, 0, 0, 0, 0, 0, 0, 0, 0, 0, 0, 0, 0], plan=[360, 480, 480, 480, 480, 480, 480, 480, 480, 480, 480, 480, 480, 480, 480, 480, 480, 480, 480, 360], hours=[08:00, 09:00, 10:00, 11:00, 12:30, 13:30, 14:30, 15:30, 16:30, 17:30, 18:30, 19:30, 20:30, 21:30, 22:30, 23:30, 00:30, 01:30, 02:30, 03:30]]
2025-10-16 12:57:25 INFO  c.e.s.f.s.i.JpaShiftAdapter - 🧪 Читаем shift из БД: 2025-10-16
2025-10-16 12:57:25 INFO  c.e.s.f.s.i.JpaShiftAdapter - ⏱ hourlyLabels = [08:00, 09:00, 10:00, 11:00, 12:30, 13:30, 14:30, 15:30, 16:30, 17:30, 18:30, 19:30, 20:30, 21:30, 22:30, 23:30, 00:30, 01:30, 02:30, 03:30]
2025-10-16 12:57:25 INFO  c.e.s.f.s.i.JpaShiftAdapter - 📊 hourlyActual = [0, 0, 0, 0, 51, 0, 0, 0, 0, 0, 0, 0, 0, 0, 0, 0, 0, 0, 0, 0]
2025-10-16 12:57:25 DEBUG c.e.s.f.s.i.ShiftSettingsApplier - ✅ Настройки не изменились, смена актуальна: 2025-10-16
2025-10-16 12:57:25 INFO  c.e.s.f.c.a.StoppageReconcilesService - Reconciled date=2025-10-16, hourIndex=4 -> saved 2 auto-stoppage(s)
2025-10-16 12:57:35 INFO  c.e.s.f.s.a.web.SignalController - 📡 Сигнал получен: сенсор = main, дата смены = 2025-10-15
2025-10-16 12:57:35 INFO  c.e.s.f.s.a.e.ProductDetectedListener - [EVENT] Product detected at 2025-10-16T12:57:35.424473800
2025-10-16 12:57:35 INFO  c.e.s.f.s.i.JpaShiftAdapter - 🧪 Читаем shift из БД: 2025-10-16
2025-10-16 12:57:35 INFO  c.e.s.f.s.i.JpaShiftAdapter - ⏱ hourlyLabels = [08:00, 09:00, 10:00, 11:00, 12:30, 13:30, 14:30, 15:30, 16:30, 17:30, 18:30, 19:30, 20:30, 21:30, 22:30, 23:30, 00:30, 01:30, 02:30, 03:30]
2025-10-16 12:57:35 INFO  c.e.s.f.s.i.JpaShiftAdapter - 📊 hourlyActual = [0, 0, 0, 0, 51, 0, 0, 0, 0, 0, 0, 0, 0, 0, 0, 0, 0, 0, 0, 0]
2025-10-16 12:57:35 DEBUG c.e.s.f.s.i.ShiftSettingsApplier - ✅ Настройки не изменились, смена актуальна: 2025-10-16
2025-10-16 12:57:35 INFO  c.e.s.f.s.i.ShiftSettingsApplier - 🔧 Обновлены часы смены: [08:00, 09:00, 10:00, 11:00, 12:30, 13:30, 14:30, 15:30, 16:30, 17:30, 18:30, 19:30, 20:30, 21:30, 22:30, 23:30, 00:30, 01:30, 02:30, 03:30]
2025-10-16 12:57:35 INFO  c.e.s.f.s.i.ShiftSettingsApplier - 📊 Применяем планы: [360, 480, 480, 480, 480, 480, 480, 480, 480, 480, 480, 480, 480, 480, 480, 480, 480, 480, 480, 360]
2025-10-16 12:57:35 INFO  c.e.s.f.s.i.JpaShiftAdapter - 📋 Сохраняем смену: date = 2025-10-16, labels = [08:00, 09:00, 10:00, 11:00, 12:30, 13:30, 14:30, 15:30, 16:30, 17:30, 18:30, 19:30, 20:30, 21:30, 22:30, 23:30, 00:30, 01:30, 02:30, 03:30], plan = [360, 480, 480, 480, 480, 480, 480, 480, 480, 480, 480, 480, 480, 480, 480, 480, 480, 480, 480, 360], actual = [0, 0, 0, 0, 52, 0, 0, 0, 0, 0, 0, 0, 0, 0, 0, 0, 0, 0, 0, 0]
2025-10-16 12:57:35 INFO  c.e.s.f.s.i.JpaShiftAdapter - 💾 Сохраняем actual: [0, 0, 0, 0, 52, 0, 0, 0, 0, 0, 0, 0, 0, 0, 0, 0, 0, 0, 0, 0]
2025-10-16 12:57:35 INFO  c.e.s.f.s.a.ShiftPlannerUseCase - 💾 Смена сохранена: 2025-10-16
2025-10-16 12:57:35 INFO  c.e.s.f.s.i.JpaShiftAdapter - 🧪 Читаем shift из БД: 2025-10-16
2025-10-16 12:57:35 INFO  c.e.s.f.s.i.JpaShiftAdapter - ⏱ hourlyLabels = [08:00, 09:00, 10:00, 11:00, 12:30, 13:30, 14:30, 15:30, 16:30, 17:30, 18:30, 19:30, 20:30, 21:30, 22:30, 23:30, 00:30, 01:30, 02:30, 03:30]
2025-10-16 12:57:35 INFO  c.e.s.f.s.i.JpaShiftAdapter - 📊 hourlyActual = [0, 0, 0, 0, 52, 0, 0, 0, 0, 0, 0, 0, 0, 0, 0, 0, 0, 0, 0, 0]
2025-10-16 12:57:35 INFO  c.e.s.f.s.a.e.ShiftUpdatedListener - 📤 Отправлен ShiftView в /topic/shift-updates: ShiftView[date=2025-10-16, actual=[0, 0, 0, 0, 52, 0, 0, 0, 0, 0, 0, 0, 0, 0, 0, 0, 0, 0, 0, 0], plan=[360, 480, 480, 480, 480, 480, 480, 480, 480, 480, 480, 480, 480, 480, 480, 480, 480, 480, 480, 360], hours=[08:00, 09:00, 10:00, 11:00, 12:30, 13:30, 14:30, 15:30, 16:30, 17:30, 18:30, 19:30, 20:30, 21:30, 22:30, 23:30, 00:30, 01:30, 02:30, 03:30]]
2025-10-16 12:57:35 INFO  c.e.s.f.s.i.JpaShiftAdapter - 🧪 Читаем shift из БД: 2025-10-16
2025-10-16 12:57:35 INFO  c.e.s.f.s.i.JpaShiftAdapter - ⏱ hourlyLabels = [08:00, 09:00, 10:00, 11:00, 12:30, 13:30, 14:30, 15:30, 16:30, 17:30, 18:30, 19:30, 20:30, 21:30, 22:30, 23:30, 00:30, 01:30, 02:30, 03:30]
2025-10-16 12:57:35 INFO  c.e.s.f.s.i.JpaShiftAdapter - 📊 hourlyActual = [0, 0, 0, 0, 52, 0, 0, 0, 0, 0, 0, 0, 0, 0, 0, 0, 0, 0, 0, 0]
2025-10-16 12:57:35 DEBUG c.e.s.f.s.i.ShiftSettingsApplier - ✅ Настройки не изменились, смена актуальна: 2025-10-16
2025-10-16 12:57:35 INFO  c.e.s.f.c.a.StoppageReconcilesService - Reconciled date=2025-10-16, hourIndex=4 -> saved 2 auto-stoppage(s)
2025-10-16 12:57:45 INFO  c.e.s.f.s.a.web.SignalController - 📡 Сигнал получен: сенсор = main, дата смены = 2025-10-15
2025-10-16 12:57:45 INFO  c.e.s.f.s.a.e.ProductDetectedListener - [EVENT] Product detected at 2025-10-16T12:57:45.631465200
2025-10-16 12:57:45 INFO  c.e.s.f.s.i.JpaShiftAdapter - 🧪 Читаем shift из БД: 2025-10-16
2025-10-16 12:57:45 INFO  c.e.s.f.s.i.JpaShiftAdapter - ⏱ hourlyLabels = [08:00, 09:00, 10:00, 11:00, 12:30, 13:30, 14:30, 15:30, 16:30, 17:30, 18:30, 19:30, 20:30, 21:30, 22:30, 23:30, 00:30, 01:30, 02:30, 03:30]
2025-10-16 12:57:45 INFO  c.e.s.f.s.i.JpaShiftAdapter - 📊 hourlyActual = [0, 0, 0, 0, 52, 0, 0, 0, 0, 0, 0, 0, 0, 0, 0, 0, 0, 0, 0, 0]
2025-10-16 12:57:45 DEBUG c.e.s.f.s.i.ShiftSettingsApplier - ✅ Настройки не изменились, смена актуальна: 2025-10-16
2025-10-16 12:57:45 INFO  c.e.s.f.s.i.ShiftSettingsApplier - 🔧 Обновлены часы смены: [08:00, 09:00, 10:00, 11:00, 12:30, 13:30, 14:30, 15:30, 16:30, 17:30, 18:30, 19:30, 20:30, 21:30, 22:30, 23:30, 00:30, 01:30, 02:30, 03:30]
2025-10-16 12:57:45 INFO  c.e.s.f.s.i.ShiftSettingsApplier - 📊 Применяем планы: [360, 480, 480, 480, 480, 480, 480, 480, 480, 480, 480, 480, 480, 480, 480, 480, 480, 480, 480, 360]
2025-10-16 12:57:45 INFO  c.e.s.f.s.i.JpaShiftAdapter - 📋 Сохраняем смену: date = 2025-10-16, labels = [08:00, 09:00, 10:00, 11:00, 12:30, 13:30, 14:30, 15:30, 16:30, 17:30, 18:30, 19:30, 20:30, 21:30, 22:30, 23:30, 00:30, 01:30, 02:30, 03:30], plan = [360, 480, 480, 480, 480, 480, 480, 480, 480, 480, 480, 480, 480, 480, 480, 480, 480, 480, 480, 360], actual = [0, 0, 0, 0, 53, 0, 0, 0, 0, 0, 0, 0, 0, 0, 0, 0, 0, 0, 0, 0]
2025-10-16 12:57:45 INFO  c.e.s.f.s.i.JpaShiftAdapter - 💾 Сохраняем actual: [0, 0, 0, 0, 53, 0, 0, 0, 0, 0, 0, 0, 0, 0, 0, 0, 0, 0, 0, 0]
2025-10-16 12:57:45 INFO  c.e.s.f.s.a.ShiftPlannerUseCase - 💾 Смена сохранена: 2025-10-16
2025-10-16 12:57:45 INFO  c.e.s.f.s.i.JpaShiftAdapter - 🧪 Читаем shift из БД: 2025-10-16
2025-10-16 12:57:45 INFO  c.e.s.f.s.i.JpaShiftAdapter - ⏱ hourlyLabels = [08:00, 09:00, 10:00, 11:00, 12:30, 13:30, 14:30, 15:30, 16:30, 17:30, 18:30, 19:30, 20:30, 21:30, 22:30, 23:30, 00:30, 01:30, 02:30, 03:30]
2025-10-16 12:57:45 INFO  c.e.s.f.s.i.JpaShiftAdapter - 📊 hourlyActual = [0, 0, 0, 0, 53, 0, 0, 0, 0, 0, 0, 0, 0, 0, 0, 0, 0, 0, 0, 0]
2025-10-16 12:57:45 INFO  c.e.s.f.s.a.e.ShiftUpdatedListener - 📤 Отправлен ShiftView в /topic/shift-updates: ShiftView[date=2025-10-16, actual=[0, 0, 0, 0, 53, 0, 0, 0, 0, 0, 0, 0, 0, 0, 0, 0, 0, 0, 0, 0], plan=[360, 480, 480, 480, 480, 480, 480, 480, 480, 480, 480, 480, 480, 480, 480, 480, 480, 480, 480, 360], hours=[08:00, 09:00, 10:00, 11:00, 12:30, 13:30, 14:30, 15:30, 16:30, 17:30, 18:30, 19:30, 20:30, 21:30, 22:30, 23:30, 00:30, 01:30, 02:30, 03:30]]
2025-10-16 12:57:45 INFO  c.e.s.f.s.i.JpaShiftAdapter - 🧪 Читаем shift из БД: 2025-10-16
2025-10-16 12:57:45 INFO  c.e.s.f.s.i.JpaShiftAdapter - ⏱ hourlyLabels = [08:00, 09:00, 10:00, 11:00, 12:30, 13:30, 14:30, 15:30, 16:30, 17:30, 18:30, 19:30, 20:30, 21:30, 22:30, 23:30, 00:30, 01:30, 02:30, 03:30]
2025-10-16 12:57:45 INFO  c.e.s.f.s.i.JpaShiftAdapter - 📊 hourlyActual = [0, 0, 0, 0, 53, 0, 0, 0, 0, 0, 0, 0, 0, 0, 0, 0, 0, 0, 0, 0]
2025-10-16 12:57:45 DEBUG c.e.s.f.s.i.ShiftSettingsApplier - ✅ Настройки не изменились, смена актуальна: 2025-10-16
2025-10-16 12:57:45 INFO  c.e.s.f.c.a.StoppageReconcilesService - Reconciled date=2025-10-16, hourIndex=4 -> saved 2 auto-stoppage(s)
2025-10-16 12:57:55 INFO  c.e.s.f.s.a.web.SignalController - 📡 Сигнал получен: сенсор = main, дата смены = 2025-10-15
2025-10-16 12:57:55 INFO  c.e.s.f.s.a.e.ProductDetectedListener - [EVENT] Product detected at 2025-10-16T12:57:55.842187700
2025-10-16 12:57:55 INFO  c.e.s.f.s.i.JpaShiftAdapter - 🧪 Читаем shift из БД: 2025-10-16
2025-10-16 12:57:55 INFO  c.e.s.f.s.i.JpaShiftAdapter - ⏱ hourlyLabels = [08:00, 09:00, 10:00, 11:00, 12:30, 13:30, 14:30, 15:30, 16:30, 17:30, 18:30, 19:30, 20:30, 21:30, 22:30, 23:30, 00:30, 01:30, 02:30, 03:30]
2025-10-16 12:57:55 INFO  c.e.s.f.s.i.JpaShiftAdapter - 📊 hourlyActual = [0, 0, 0, 0, 53, 0, 0, 0, 0, 0, 0, 0, 0, 0, 0, 0, 0, 0, 0, 0]
2025-10-16 12:57:55 DEBUG c.e.s.f.s.i.ShiftSettingsApplier - ✅ Настройки не изменились, смена актуальна: 2025-10-16
2025-10-16 12:57:55 INFO  c.e.s.f.s.i.ShiftSettingsApplier - 🔧 Обновлены часы смены: [08:00, 09:00, 10:00, 11:00, 12:30, 13:30, 14:30, 15:30, 16:30, 17:30, 18:30, 19:30, 20:30, 21:30, 22:30, 23:30, 00:30, 01:30, 02:30, 03:30]
2025-10-16 12:57:55 INFO  c.e.s.f.s.i.ShiftSettingsApplier - 📊 Применяем планы: [360, 480, 480, 480, 480, 480, 480, 480, 480, 480, 480, 480, 480, 480, 480, 480, 480, 480, 480, 360]
2025-10-16 12:57:55 INFO  c.e.s.f.s.i.JpaShiftAdapter - 📋 Сохраняем смену: date = 2025-10-16, labels = [08:00, 09:00, 10:00, 11:00, 12:30, 13:30, 14:30, 15:30, 16:30, 17:30, 18:30, 19:30, 20:30, 21:30, 22:30, 23:30, 00:30, 01:30, 02:30, 03:30], plan = [360, 480, 480, 480, 480, 480, 480, 480, 480, 480, 480, 480, 480, 480, 480, 480, 480, 480, 480, 360], actual = [0, 0, 0, 0, 54, 0, 0, 0, 0, 0, 0, 0, 0, 0, 0, 0, 0, 0, 0, 0]
2025-10-16 12:57:55 INFO  c.e.s.f.s.i.JpaShiftAdapter - 💾 Сохраняем actual: [0, 0, 0, 0, 54, 0, 0, 0, 0, 0, 0, 0, 0, 0, 0, 0, 0, 0, 0, 0]
2025-10-16 12:57:55 INFO  c.e.s.f.s.a.ShiftPlannerUseCase - 💾 Смена сохранена: 2025-10-16
2025-10-16 12:57:55 INFO  c.e.s.f.s.i.JpaShiftAdapter - 🧪 Читаем shift из БД: 2025-10-16
2025-10-16 12:57:55 INFO  c.e.s.f.s.i.JpaShiftAdapter - ⏱ hourlyLabels = [08:00, 09:00, 10:00, 11:00, 12:30, 13:30, 14:30, 15:30, 16:30, 17:30, 18:30, 19:30, 20:30, 21:30, 22:30, 23:30, 00:30, 01:30, 02:30, 03:30]
2025-10-16 12:57:55 INFO  c.e.s.f.s.i.JpaShiftAdapter - 📊 hourlyActual = [0, 0, 0, 0, 54, 0, 0, 0, 0, 0, 0, 0, 0, 0, 0, 0, 0, 0, 0, 0]
2025-10-16 12:57:55 INFO  c.e.s.f.s.a.e.ShiftUpdatedListener - 📤 Отправлен ShiftView в /topic/shift-updates: ShiftView[date=2025-10-16, actual=[0, 0, 0, 0, 54, 0, 0, 0, 0, 0, 0, 0, 0, 0, 0, 0, 0, 0, 0, 0], plan=[360, 480, 480, 480, 480, 480, 480, 480, 480, 480, 480, 480, 480, 480, 480, 480, 480, 480, 480, 360], hours=[08:00, 09:00, 10:00, 11:00, 12:30, 13:30, 14:30, 15:30, 16:30, 17:30, 18:30, 19:30, 20:30, 21:30, 22:30, 23:30, 00:30, 01:30, 02:30, 03:30]]
2025-10-16 12:57:55 INFO  c.e.s.f.s.i.JpaShiftAdapter - 🧪 Читаем shift из БД: 2025-10-16
2025-10-16 12:57:55 INFO  c.e.s.f.s.i.JpaShiftAdapter - ⏱ hourlyLabels = [08:00, 09:00, 10:00, 11:00, 12:30, 13:30, 14:30, 15:30, 16:30, 17:30, 18:30, 19:30, 20:30, 21:30, 22:30, 23:30, 00:30, 01:30, 02:30, 03:30]
2025-10-16 12:57:55 INFO  c.e.s.f.s.i.JpaShiftAdapter - 📊 hourlyActual = [0, 0, 0, 0, 54, 0, 0, 0, 0, 0, 0, 0, 0, 0, 0, 0, 0, 0, 0, 0]
2025-10-16 12:57:55 DEBUG c.e.s.f.s.i.ShiftSettingsApplier - ✅ Настройки не изменились, смена актуальна: 2025-10-16
2025-10-16 12:57:56 INFO  c.e.s.f.c.a.StoppageReconcilesService - Reconciled date=2025-10-16, hourIndex=4 -> saved 2 auto-stoppage(s)
2025-10-16 12:58:06 INFO  c.e.s.f.s.a.web.SignalController - 📡 Сигнал получен: сенсор = main, дата смены = 2025-10-15
2025-10-16 12:58:06 INFO  c.e.s.f.s.a.e.ProductDetectedListener - [EVENT] Product detected at 2025-10-16T12:58:06.036007400
2025-10-16 12:58:06 INFO  c.e.s.f.s.i.JpaShiftAdapter - 🧪 Читаем shift из БД: 2025-10-16
2025-10-16 12:58:06 INFO  c.e.s.f.s.i.JpaShiftAdapter - ⏱ hourlyLabels = [08:00, 09:00, 10:00, 11:00, 12:30, 13:30, 14:30, 15:30, 16:30, 17:30, 18:30, 19:30, 20:30, 21:30, 22:30, 23:30, 00:30, 01:30, 02:30, 03:30]
2025-10-16 12:58:06 INFO  c.e.s.f.s.i.JpaShiftAdapter - 📊 hourlyActual = [0, 0, 0, 0, 54, 0, 0, 0, 0, 0, 0, 0, 0, 0, 0, 0, 0, 0, 0, 0]
2025-10-16 12:58:06 DEBUG c.e.s.f.s.i.ShiftSettingsApplier - ✅ Настройки не изменились, смена актуальна: 2025-10-16
2025-10-16 12:58:06 INFO  c.e.s.f.s.i.ShiftSettingsApplier - 🔧 Обновлены часы смены: [08:00, 09:00, 10:00, 11:00, 12:30, 13:30, 14:30, 15:30, 16:30, 17:30, 18:30, 19:30, 20:30, 21:30, 22:30, 23:30, 00:30, 01:30, 02:30, 03:30]
2025-10-16 12:58:06 INFO  c.e.s.f.s.i.ShiftSettingsApplier - 📊 Применяем планы: [360, 480, 480, 480, 480, 480, 480, 480, 480, 480, 480, 480, 480, 480, 480, 480, 480, 480, 480, 360]
2025-10-16 12:58:06 INFO  c.e.s.f.s.i.JpaShiftAdapter - 📋 Сохраняем смену: date = 2025-10-16, labels = [08:00, 09:00, 10:00, 11:00, 12:30, 13:30, 14:30, 15:30, 16:30, 17:30, 18:30, 19:30, 20:30, 21:30, 22:30, 23:30, 00:30, 01:30, 02:30, 03:30], plan = [360, 480, 480, 480, 480, 480, 480, 480, 480, 480, 480, 480, 480, 480, 480, 480, 480, 480, 480, 360], actual = [0, 0, 0, 0, 55, 0, 0, 0, 0, 0, 0, 0, 0, 0, 0, 0, 0, 0, 0, 0]
2025-10-16 12:58:06 INFO  c.e.s.f.s.i.JpaShiftAdapter - 💾 Сохраняем actual: [0, 0, 0, 0, 55, 0, 0, 0, 0, 0, 0, 0, 0, 0, 0, 0, 0, 0, 0, 0]
2025-10-16 12:58:06 INFO  c.e.s.f.s.a.ShiftPlannerUseCase - 💾 Смена сохранена: 2025-10-16
2025-10-16 12:58:06 INFO  c.e.s.f.s.i.JpaShiftAdapter - 🧪 Читаем shift из БД: 2025-10-16
2025-10-16 12:58:06 INFO  c.e.s.f.s.i.JpaShiftAdapter - ⏱ hourlyLabels = [08:00, 09:00, 10:00, 11:00, 12:30, 13:30, 14:30, 15:30, 16:30, 17:30, 18:30, 19:30, 20:30, 21:30, 22:30, 23:30, 00:30, 01:30, 02:30, 03:30]
2025-10-16 12:58:06 INFO  c.e.s.f.s.i.JpaShiftAdapter - 📊 hourlyActual = [0, 0, 0, 0, 55, 0, 0, 0, 0, 0, 0, 0, 0, 0, 0, 0, 0, 0, 0, 0]
2025-10-16 12:58:06 INFO  c.e.s.f.s.a.e.ShiftUpdatedListener - 📤 Отправлен ShiftView в /topic/shift-updates: ShiftView[date=2025-10-16, actual=[0, 0, 0, 0, 55, 0, 0, 0, 0, 0, 0, 0, 0, 0, 0, 0, 0, 0, 0, 0], plan=[360, 480, 480, 480, 480, 480, 480, 480, 480, 480, 480, 480, 480, 480, 480, 480, 480, 480, 480, 360], hours=[08:00, 09:00, 10:00, 11:00, 12:30, 13:30, 14:30, 15:30, 16:30, 17:30, 18:30, 19:30, 20:30, 21:30, 22:30, 23:30, 00:30, 01:30, 02:30, 03:30]]
2025-10-16 12:58:06 INFO  c.e.s.f.s.i.JpaShiftAdapter - 🧪 Читаем shift из БД: 2025-10-16
2025-10-16 12:58:06 INFO  c.e.s.f.s.i.JpaShiftAdapter - ⏱ hourlyLabels = [08:00, 09:00, 10:00, 11:00, 12:30, 13:30, 14:30, 15:30, 16:30, 17:30, 18:30, 19:30, 20:30, 21:30, 22:30, 23:30, 00:30, 01:30, 02:30, 03:30]
2025-10-16 12:58:06 INFO  c.e.s.f.s.i.JpaShiftAdapter - 📊 hourlyActual = [0, 0, 0, 0, 55, 0, 0, 0, 0, 0, 0, 0, 0, 0, 0, 0, 0, 0, 0, 0]
2025-10-16 12:58:06 DEBUG c.e.s.f.s.i.ShiftSettingsApplier - ✅ Настройки не изменились, смена актуальна: 2025-10-16
2025-10-16 12:58:06 INFO  c.e.s.f.c.a.StoppageReconcilesService - Reconciled date=2025-10-16, hourIndex=4 -> saved 2 auto-stoppage(s)
2025-10-16 12:58:16 INFO  c.e.s.f.s.a.web.SignalController - 📡 Сигнал получен: сенсор = main, дата смены = 2025-10-15
2025-10-16 12:58:16 INFO  c.e.s.f.s.a.e.ProductDetectedListener - [EVENT] Product detected at 2025-10-16T12:58:16.312170100
2025-10-16 12:58:16 INFO  c.e.s.f.s.i.JpaShiftAdapter - 🧪 Читаем shift из БД: 2025-10-16
2025-10-16 12:58:16 INFO  c.e.s.f.s.i.JpaShiftAdapter - ⏱ hourlyLabels = [08:00, 09:00, 10:00, 11:00, 12:30, 13:30, 14:30, 15:30, 16:30, 17:30, 18:30, 19:30, 20:30, 21:30, 22:30, 23:30, 00:30, 01:30, 02:30, 03:30]
2025-10-16 12:58:16 INFO  c.e.s.f.s.i.JpaShiftAdapter - 📊 hourlyActual = [0, 0, 0, 0, 55, 0, 0, 0, 0, 0, 0, 0, 0, 0, 0, 0, 0, 0, 0, 0]
2025-10-16 12:58:16 DEBUG c.e.s.f.s.i.ShiftSettingsApplier - ✅ Настройки не изменились, смена актуальна: 2025-10-16
2025-10-16 12:58:16 INFO  c.e.s.f.s.i.ShiftSettingsApplier - 🔧 Обновлены часы смены: [08:00, 09:00, 10:00, 11:00, 12:30, 13:30, 14:30, 15:30, 16:30, 17:30, 18:30, 19:30, 20:30, 21:30, 22:30, 23:30, 00:30, 01:30, 02:30, 03:30]
2025-10-16 12:58:16 INFO  c.e.s.f.s.i.ShiftSettingsApplier - 📊 Применяем планы: [360, 480, 480, 480, 480, 480, 480, 480, 480, 480, 480, 480, 480, 480, 480, 480, 480, 480, 480, 360]
2025-10-16 12:58:16 INFO  c.e.s.f.s.i.JpaShiftAdapter - 📋 Сохраняем смену: date = 2025-10-16, labels = [08:00, 09:00, 10:00, 11:00, 12:30, 13:30, 14:30, 15:30, 16:30, 17:30, 18:30, 19:30, 20:30, 21:30, 22:30, 23:30, 00:30, 01:30, 02:30, 03:30], plan = [360, 480, 480, 480, 480, 480, 480, 480, 480, 480, 480, 480, 480, 480, 480, 480, 480, 480, 480, 360], actual = [0, 0, 0, 0, 56, 0, 0, 0, 0, 0, 0, 0, 0, 0, 0, 0, 0, 0, 0, 0]
2025-10-16 12:58:16 INFO  c.e.s.f.s.i.JpaShiftAdapter - 💾 Сохраняем actual: [0, 0, 0, 0, 56, 0, 0, 0, 0, 0, 0, 0, 0, 0, 0, 0, 0, 0, 0, 0]
2025-10-16 12:58:16 INFO  c.e.s.f.s.a.ShiftPlannerUseCase - 💾 Смена сохранена: 2025-10-16
2025-10-16 12:58:16 INFO  c.e.s.f.s.i.JpaShiftAdapter - 🧪 Читаем shift из БД: 2025-10-16
2025-10-16 12:58:16 INFO  c.e.s.f.s.i.JpaShiftAdapter - ⏱ hourlyLabels = [08:00, 09:00, 10:00, 11:00, 12:30, 13:30, 14:30, 15:30, 16:30, 17:30, 18:30, 19:30, 20:30, 21:30, 22:30, 23:30, 00:30, 01:30, 02:30, 03:30]
2025-10-16 12:58:16 INFO  c.e.s.f.s.i.JpaShiftAdapter - 📊 hourlyActual = [0, 0, 0, 0, 56, 0, 0, 0, 0, 0, 0, 0, 0, 0, 0, 0, 0, 0, 0, 0]
2025-10-16 12:58:16 INFO  c.e.s.f.s.a.e.ShiftUpdatedListener - 📤 Отправлен ShiftView в /topic/shift-updates: ShiftView[date=2025-10-16, actual=[0, 0, 0, 0, 56, 0, 0, 0, 0, 0, 0, 0, 0, 0, 0, 0, 0, 0, 0, 0], plan=[360, 480, 480, 480, 480, 480, 480, 480, 480, 480, 480, 480, 480, 480, 480, 480, 480, 480, 480, 360], hours=[08:00, 09:00, 10:00, 11:00, 12:30, 13:30, 14:30, 15:30, 16:30, 17:30, 18:30, 19:30, 20:30, 21:30, 22:30, 23:30, 00:30, 01:30, 02:30, 03:30]]
2025-10-16 12:58:16 INFO  c.e.s.f.s.i.JpaShiftAdapter - 🧪 Читаем shift из БД: 2025-10-16
2025-10-16 12:58:16 INFO  c.e.s.f.s.i.JpaShiftAdapter - ⏱ hourlyLabels = [08:00, 09:00, 10:00, 11:00, 12:30, 13:30, 14:30, 15:30, 16:30, 17:30, 18:30, 19:30, 20:30, 21:30, 22:30, 23:30, 00:30, 01:30, 02:30, 03:30]
2025-10-16 12:58:16 INFO  c.e.s.f.s.i.JpaShiftAdapter - 📊 hourlyActual = [0, 0, 0, 0, 56, 0, 0, 0, 0, 0, 0, 0, 0, 0, 0, 0, 0, 0, 0, 0]
2025-10-16 12:58:16 DEBUG c.e.s.f.s.i.ShiftSettingsApplier - ✅ Настройки не изменились, смена актуальна: 2025-10-16
2025-10-16 12:58:16 INFO  c.e.s.f.c.a.StoppageReconcilesService - Reconciled date=2025-10-16, hourIndex=4 -> saved 2 auto-stoppage(s)
2025-10-16 12:58:26 INFO  c.e.s.f.s.a.web.SignalController - 📡 Сигнал получен: сенсор = main, дата смены = 2025-10-15
2025-10-16 12:58:26 INFO  c.e.s.f.s.a.e.ProductDetectedListener - [EVENT] Product detected at 2025-10-16T12:58:26.810976700
2025-10-16 12:58:26 INFO  c.e.s.f.s.i.JpaShiftAdapter - 🧪 Читаем shift из БД: 2025-10-16
2025-10-16 12:58:26 INFO  c.e.s.f.s.i.JpaShiftAdapter - ⏱ hourlyLabels = [08:00, 09:00, 10:00, 11:00, 12:30, 13:30, 14:30, 15:30, 16:30, 17:30, 18:30, 19:30, 20:30, 21:30, 22:30, 23:30, 00:30, 01:30, 02:30, 03:30]
2025-10-16 12:58:26 INFO  c.e.s.f.s.i.JpaShiftAdapter - 📊 hourlyActual = [0, 0, 0, 0, 56, 0, 0, 0, 0, 0, 0, 0, 0, 0, 0, 0, 0, 0, 0, 0]
2025-10-16 12:58:26 DEBUG c.e.s.f.s.i.ShiftSettingsApplier - ✅ Настройки не изменились, смена актуальна: 2025-10-16
2025-10-16 12:58:26 INFO  c.e.s.f.s.i.ShiftSettingsApplier - 🔧 Обновлены часы смены: [08:00, 09:00, 10:00, 11:00, 12:30, 13:30, 14:30, 15:30, 16:30, 17:30, 18:30, 19:30, 20:30, 21:30, 22:30, 23:30, 00:30, 01:30, 02:30, 03:30]
2025-10-16 12:58:26 INFO  c.e.s.f.s.i.ShiftSettingsApplier - 📊 Применяем планы: [360, 480, 480, 480, 480, 480, 480, 480, 480, 480, 480, 480, 480, 480, 480, 480, 480, 480, 480, 360]
2025-10-16 12:58:26 INFO  c.e.s.f.s.i.JpaShiftAdapter - 📋 Сохраняем смену: date = 2025-10-16, labels = [08:00, 09:00, 10:00, 11:00, 12:30, 13:30, 14:30, 15:30, 16:30, 17:30, 18:30, 19:30, 20:30, 21:30, 22:30, 23:30, 00:30, 01:30, 02:30, 03:30], plan = [360, 480, 480, 480, 480, 480, 480, 480, 480, 480, 480, 480, 480, 480, 480, 480, 480, 480, 480, 360], actual = [0, 0, 0, 0, 57, 0, 0, 0, 0, 0, 0, 0, 0, 0, 0, 0, 0, 0, 0, 0]
2025-10-16 12:58:26 INFO  c.e.s.f.s.i.JpaShiftAdapter - 💾 Сохраняем actual: [0, 0, 0, 0, 57, 0, 0, 0, 0, 0, 0, 0, 0, 0, 0, 0, 0, 0, 0, 0]
2025-10-16 12:58:26 INFO  c.e.s.f.s.a.ShiftPlannerUseCase - 💾 Смена сохранена: 2025-10-16
2025-10-16 12:58:26 INFO  c.e.s.f.s.i.JpaShiftAdapter - 🧪 Читаем shift из БД: 2025-10-16
2025-10-16 12:58:26 INFO  c.e.s.f.s.i.JpaShiftAdapter - ⏱ hourlyLabels = [08:00, 09:00, 10:00, 11:00, 12:30, 13:30, 14:30, 15:30, 16:30, 17:30, 18:30, 19:30, 20:30, 21:30, 22:30, 23:30, 00:30, 01:30, 02:30, 03:30]
2025-10-16 12:58:26 INFO  c.e.s.f.s.i.JpaShiftAdapter - 📊 hourlyActual = [0, 0, 0, 0, 57, 0, 0, 0, 0, 0, 0, 0, 0, 0, 0, 0, 0, 0, 0, 0]
2025-10-16 12:58:26 INFO  c.e.s.f.s.a.e.ShiftUpdatedListener - 📤 Отправлен ShiftView в /topic/shift-updates: ShiftView[date=2025-10-16, actual=[0, 0, 0, 0, 57, 0, 0, 0, 0, 0, 0, 0, 0, 0, 0, 0, 0, 0, 0, 0], plan=[360, 480, 480, 480, 480, 480, 480, 480, 480, 480, 480, 480, 480, 480, 480, 480, 480, 480, 480, 360], hours=[08:00, 09:00, 10:00, 11:00, 12:30, 13:30, 14:30, 15:30, 16:30, 17:30, 18:30, 19:30, 20:30, 21:30, 22:30, 23:30, 00:30, 01:30, 02:30, 03:30]]
2025-10-16 12:58:26 INFO  c.e.s.f.s.i.JpaShiftAdapter - 🧪 Читаем shift из БД: 2025-10-16
2025-10-16 12:58:26 INFO  c.e.s.f.s.i.JpaShiftAdapter - ⏱ hourlyLabels = [08:00, 09:00, 10:00, 11:00, 12:30, 13:30, 14:30, 15:30, 16:30, 17:30, 18:30, 19:30, 20:30, 21:30, 22:30, 23:30, 00:30, 01:30, 02:30, 03:30]
2025-10-16 12:58:26 INFO  c.e.s.f.s.i.JpaShiftAdapter - 📊 hourlyActual = [0, 0, 0, 0, 57, 0, 0, 0, 0, 0, 0, 0, 0, 0, 0, 0, 0, 0, 0, 0]
2025-10-16 12:58:26 DEBUG c.e.s.f.s.i.ShiftSettingsApplier - ✅ Настройки не изменились, смена актуальна: 2025-10-16
2025-10-16 12:58:26 INFO  c.e.s.f.c.a.StoppageReconcilesService - Reconciled date=2025-10-16, hourIndex=4 -> saved 2 auto-stoppage(s)
2025-10-16 12:58:37 INFO  c.e.s.f.s.a.web.SignalController - 📡 Сигнал получен: сенсор = main, дата смены = 2025-10-15
2025-10-16 12:58:37 INFO  c.e.s.f.s.a.e.ProductDetectedListener - [EVENT] Product detected at 2025-10-16T12:58:37.072795400
2025-10-16 12:58:37 INFO  c.e.s.f.s.i.JpaShiftAdapter - 🧪 Читаем shift из БД: 2025-10-16
2025-10-16 12:58:37 INFO  c.e.s.f.s.i.JpaShiftAdapter - ⏱ hourlyLabels = [08:00, 09:00, 10:00, 11:00, 12:30, 13:30, 14:30, 15:30, 16:30, 17:30, 18:30, 19:30, 20:30, 21:30, 22:30, 23:30, 00:30, 01:30, 02:30, 03:30]
2025-10-16 12:58:37 INFO  c.e.s.f.s.i.JpaShiftAdapter - 📊 hourlyActual = [0, 0, 0, 0, 57, 0, 0, 0, 0, 0, 0, 0, 0, 0, 0, 0, 0, 0, 0, 0]
2025-10-16 12:58:37 DEBUG c.e.s.f.s.i.ShiftSettingsApplier - ✅ Настройки не изменились, смена актуальна: 2025-10-16
2025-10-16 12:58:37 INFO  c.e.s.f.s.i.ShiftSettingsApplier - 🔧 Обновлены часы смены: [08:00, 09:00, 10:00, 11:00, 12:30, 13:30, 14:30, 15:30, 16:30, 17:30, 18:30, 19:30, 20:30, 21:30, 22:30, 23:30, 00:30, 01:30, 02:30, 03:30]
2025-10-16 12:58:37 INFO  c.e.s.f.s.i.ShiftSettingsApplier - 📊 Применяем планы: [360, 480, 480, 480, 480, 480, 480, 480, 480, 480, 480, 480, 480, 480, 480, 480, 480, 480, 480, 360]
2025-10-16 12:58:37 INFO  c.e.s.f.s.i.JpaShiftAdapter - 📋 Сохраняем смену: date = 2025-10-16, labels = [08:00, 09:00, 10:00, 11:00, 12:30, 13:30, 14:30, 15:30, 16:30, 17:30, 18:30, 19:30, 20:30, 21:30, 22:30, 23:30, 00:30, 01:30, 02:30, 03:30], plan = [360, 480, 480, 480, 480, 480, 480, 480, 480, 480, 480, 480, 480, 480, 480, 480, 480, 480, 480, 360], actual = [0, 0, 0, 0, 58, 0, 0, 0, 0, 0, 0, 0, 0, 0, 0, 0, 0, 0, 0, 0]
2025-10-16 12:58:37 INFO  c.e.s.f.s.i.JpaShiftAdapter - 💾 Сохраняем actual: [0, 0, 0, 0, 58, 0, 0, 0, 0, 0, 0, 0, 0, 0, 0, 0, 0, 0, 0, 0]
2025-10-16 12:58:37 INFO  c.e.s.f.s.a.ShiftPlannerUseCase - 💾 Смена сохранена: 2025-10-16
2025-10-16 12:58:37 INFO  c.e.s.f.s.i.JpaShiftAdapter - 🧪 Читаем shift из БД: 2025-10-16
2025-10-16 12:58:37 INFO  c.e.s.f.s.i.JpaShiftAdapter - ⏱ hourlyLabels = [08:00, 09:00, 10:00, 11:00, 12:30, 13:30, 14:30, 15:30, 16:30, 17:30, 18:30, 19:30, 20:30, 21:30, 22:30, 23:30, 00:30, 01:30, 02:30, 03:30]
2025-10-16 12:58:37 INFO  c.e.s.f.s.i.JpaShiftAdapter - 📊 hourlyActual = [0, 0, 0, 0, 58, 0, 0, 0, 0, 0, 0, 0, 0, 0, 0, 0, 0, 0, 0, 0]
2025-10-16 12:58:37 INFO  c.e.s.f.s.a.e.ShiftUpdatedListener - 📤 Отправлен ShiftView в /topic/shift-updates: ShiftView[date=2025-10-16, actual=[0, 0, 0, 0, 58, 0, 0, 0, 0, 0, 0, 0, 0, 0, 0, 0, 0, 0, 0, 0], plan=[360, 480, 480, 480, 480, 480, 480, 480, 480, 480, 480, 480, 480, 480, 480, 480, 480, 480, 480, 360], hours=[08:00, 09:00, 10:00, 11:00, 12:30, 13:30, 14:30, 15:30, 16:30, 17:30, 18:30, 19:30, 20:30, 21:30, 22:30, 23:30, 00:30, 01:30, 02:30, 03:30]]
2025-10-16 12:58:37 INFO  c.e.s.f.s.i.JpaShiftAdapter - 🧪 Читаем shift из БД: 2025-10-16
2025-10-16 12:58:37 INFO  c.e.s.f.s.i.JpaShiftAdapter - ⏱ hourlyLabels = [08:00, 09:00, 10:00, 11:00, 12:30, 13:30, 14:30, 15:30, 16:30, 17:30, 18:30, 19:30, 20:30, 21:30, 22:30, 23:30, 00:30, 01:30, 02:30, 03:30]
2025-10-16 12:58:37 INFO  c.e.s.f.s.i.JpaShiftAdapter - 📊 hourlyActual = [0, 0, 0, 0, 58, 0, 0, 0, 0, 0, 0, 0, 0, 0, 0, 0, 0, 0, 0, 0]
2025-10-16 12:58:37 DEBUG c.e.s.f.s.i.ShiftSettingsApplier - ✅ Настройки не изменились, смена актуальна: 2025-10-16
2025-10-16 12:58:37 INFO  c.e.s.f.c.a.StoppageReconcilesService - Reconciled date=2025-10-16, hourIndex=4 -> saved 2 auto-stoppage(s)
2025-10-16 12:58:47 INFO  c.e.s.f.s.a.web.SignalController - 📡 Сигнал получен: сенсор = main, дата смены = 2025-10-15
2025-10-16 12:58:48 INFO  c.e.s.f.s.a.e.ProductDetectedListener - [EVENT] Product detected at 2025-10-16T12:58:47.967664800
2025-10-16 12:58:48 INFO  c.e.s.f.s.i.JpaShiftAdapter - 🧪 Читаем shift из БД: 2025-10-16
2025-10-16 12:58:48 INFO  c.e.s.f.s.i.JpaShiftAdapter - ⏱ hourlyLabels = [08:00, 09:00, 10:00, 11:00, 12:30, 13:30, 14:30, 15:30, 16:30, 17:30, 18:30, 19:30, 20:30, 21:30, 22:30, 23:30, 00:30, 01:30, 02:30, 03:30]
2025-10-16 12:58:48 INFO  c.e.s.f.s.i.JpaShiftAdapter - 📊 hourlyActual = [0, 0, 0, 0, 58, 0, 0, 0, 0, 0, 0, 0, 0, 0, 0, 0, 0, 0, 0, 0]
2025-10-16 12:58:48 DEBUG c.e.s.f.s.i.ShiftSettingsApplier - ✅ Настройки не изменились, смена актуальна: 2025-10-16
2025-10-16 12:58:48 INFO  c.e.s.f.s.i.ShiftSettingsApplier - 🔧 Обновлены часы смены: [08:00, 09:00, 10:00, 11:00, 12:30, 13:30, 14:30, 15:30, 16:30, 17:30, 18:30, 19:30, 20:30, 21:30, 22:30, 23:30, 00:30, 01:30, 02:30, 03:30]
2025-10-16 12:58:48 INFO  c.e.s.f.s.i.ShiftSettingsApplier - 📊 Применяем планы: [360, 480, 480, 480, 480, 480, 480, 480, 480, 480, 480, 480, 480, 480, 480, 480, 480, 480, 480, 360]
2025-10-16 12:58:48 INFO  c.e.s.f.s.i.JpaShiftAdapter - 📋 Сохраняем смену: date = 2025-10-16, labels = [08:00, 09:00, 10:00, 11:00, 12:30, 13:30, 14:30, 15:30, 16:30, 17:30, 18:30, 19:30, 20:30, 21:30, 22:30, 23:30, 00:30, 01:30, 02:30, 03:30], plan = [360, 480, 480, 480, 480, 480, 480, 480, 480, 480, 480, 480, 480, 480, 480, 480, 480, 480, 480, 360], actual = [0, 0, 0, 0, 59, 0, 0, 0, 0, 0, 0, 0, 0, 0, 0, 0, 0, 0, 0, 0]
2025-10-16 12:58:48 INFO  c.e.s.f.s.i.JpaShiftAdapter - 💾 Сохраняем actual: [0, 0, 0, 0, 59, 0, 0, 0, 0, 0, 0, 0, 0, 0, 0, 0, 0, 0, 0, 0]
2025-10-16 12:58:48 INFO  c.e.s.f.s.a.ShiftPlannerUseCase - 💾 Смена сохранена: 2025-10-16
2025-10-16 12:58:48 INFO  c.e.s.f.s.i.JpaShiftAdapter - 🧪 Читаем shift из БД: 2025-10-16
2025-10-16 12:58:48 INFO  c.e.s.f.s.i.JpaShiftAdapter - ⏱ hourlyLabels = [08:00, 09:00, 10:00, 11:00, 12:30, 13:30, 14:30, 15:30, 16:30, 17:30, 18:30, 19:30, 20:30, 21:30, 22:30, 23:30, 00:30, 01:30, 02:30, 03:30]
2025-10-16 12:58:48 INFO  c.e.s.f.s.i.JpaShiftAdapter - 📊 hourlyActual = [0, 0, 0, 0, 59, 0, 0, 0, 0, 0, 0, 0, 0, 0, 0, 0, 0, 0, 0, 0]
2025-10-16 12:58:48 INFO  c.e.s.f.s.a.e.ShiftUpdatedListener - 📤 Отправлен ShiftView в /topic/shift-updates: ShiftView[date=2025-10-16, actual=[0, 0, 0, 0, 59, 0, 0, 0, 0, 0, 0, 0, 0, 0, 0, 0, 0, 0, 0, 0], plan=[360, 480, 480, 480, 480, 480, 480, 480, 480, 480, 480, 480, 480, 480, 480, 480, 480, 480, 480, 360], hours=[08:00, 09:00, 10:00, 11:00, 12:30, 13:30, 14:30, 15:30, 16:30, 17:30, 18:30, 19:30, 20:30, 21:30, 22:30, 23:30, 00:30, 01:30, 02:30, 03:30]]
2025-10-16 12:58:49 INFO  c.e.s.f.s.i.JpaShiftAdapter - 🧪 Читаем shift из БД: 2025-10-16
2025-10-16 12:58:49 INFO  c.e.s.f.s.i.JpaShiftAdapter - ⏱ hourlyLabels = [08:00, 09:00, 10:00, 11:00, 12:30, 13:30, 14:30, 15:30, 16:30, 17:30, 18:30, 19:30, 20:30, 21:30, 22:30, 23:30, 00:30, 01:30, 02:30, 03:30]
2025-10-16 12:58:49 INFO  c.e.s.f.s.i.JpaShiftAdapter - 📊 hourlyActual = [0, 0, 0, 0, 59, 0, 0, 0, 0, 0, 0, 0, 0, 0, 0, 0, 0, 0, 0, 0]
2025-10-16 12:58:49 DEBUG c.e.s.f.s.i.ShiftSettingsApplier - ✅ Настройки не изменились, смена актуальна: 2025-10-16
2025-10-16 12:58:49 INFO  c.e.s.f.c.a.StoppageReconcilesService - Reconciled date=2025-10-16, hourIndex=4 -> saved 2 auto-stoppage(s)
2025-10-16 12:58:59 INFO  c.e.s.f.s.a.web.SignalController - 📡 Сигнал получен: сенсор = main, дата смены = 2025-10-15
2025-10-16 12:58:59 INFO  c.e.s.f.s.a.e.ProductDetectedListener - [EVENT] Product detected at 2025-10-16T12:58:59.413459900
2025-10-16 12:58:59 INFO  c.e.s.f.s.i.JpaShiftAdapter - 🧪 Читаем shift из БД: 2025-10-16
2025-10-16 12:58:59 INFO  c.e.s.f.s.i.JpaShiftAdapter - ⏱ hourlyLabels = [08:00, 09:00, 10:00, 11:00, 12:30, 13:30, 14:30, 15:30, 16:30, 17:30, 18:30, 19:30, 20:30, 21:30, 22:30, 23:30, 00:30, 01:30, 02:30, 03:30]
2025-10-16 12:58:59 INFO  c.e.s.f.s.i.JpaShiftAdapter - 📊 hourlyActual = [0, 0, 0, 0, 59, 0, 0, 0, 0, 0, 0, 0, 0, 0, 0, 0, 0, 0, 0, 0]
2025-10-16 12:58:59 DEBUG c.e.s.f.s.i.ShiftSettingsApplier - ✅ Настройки не изменились, смена актуальна: 2025-10-16
2025-10-16 12:58:59 INFO  c.e.s.f.s.i.ShiftSettingsApplier - 🔧 Обновлены часы смены: [08:00, 09:00, 10:00, 11:00, 12:30, 13:30, 14:30, 15:30, 16:30, 17:30, 18:30, 19:30, 20:30, 21:30, 22:30, 23:30, 00:30, 01:30, 02:30, 03:30]
2025-10-16 12:58:59 INFO  c.e.s.f.s.i.ShiftSettingsApplier - 📊 Применяем планы: [360, 480, 480, 480, 480, 480, 480, 480, 480, 480, 480, 480, 480, 480, 480, 480, 480, 480, 480, 360]
2025-10-16 12:58:59 INFO  c.e.s.f.s.i.JpaShiftAdapter - 📋 Сохраняем смену: date = 2025-10-16, labels = [08:00, 09:00, 10:00, 11:00, 12:30, 13:30, 14:30, 15:30, 16:30, 17:30, 18:30, 19:30, 20:30, 21:30, 22:30, 23:30, 00:30, 01:30, 02:30, 03:30], plan = [360, 480, 480, 480, 480, 480, 480, 480, 480, 480, 480, 480, 480, 480, 480, 480, 480, 480, 480, 360], actual = [0, 0, 0, 0, 60, 0, 0, 0, 0, 0, 0, 0, 0, 0, 0, 0, 0, 0, 0, 0]
2025-10-16 12:58:59 INFO  c.e.s.f.s.i.JpaShiftAdapter - 💾 Сохраняем actual: [0, 0, 0, 0, 60, 0, 0, 0, 0, 0, 0, 0, 0, 0, 0, 0, 0, 0, 0, 0]
2025-10-16 12:58:59 INFO  c.e.s.f.s.a.ShiftPlannerUseCase - 💾 Смена сохранена: 2025-10-16
2025-10-16 12:58:59 INFO  c.e.s.f.s.i.JpaShiftAdapter - 🧪 Читаем shift из БД: 2025-10-16
2025-10-16 12:58:59 INFO  c.e.s.f.s.i.JpaShiftAdapter - ⏱ hourlyLabels = [08:00, 09:00, 10:00, 11:00, 12:30, 13:30, 14:30, 15:30, 16:30, 17:30, 18:30, 19:30, 20:30, 21:30, 22:30, 23:30, 00:30, 01:30, 02:30, 03:30]
2025-10-16 12:58:59 INFO  c.e.s.f.s.i.JpaShiftAdapter - 📊 hourlyActual = [0, 0, 0, 0, 60, 0, 0, 0, 0, 0, 0, 0, 0, 0, 0, 0, 0, 0, 0, 0]
2025-10-16 12:58:59 INFO  c.e.s.f.s.a.e.ShiftUpdatedListener - 📤 Отправлен ShiftView в /topic/shift-updates: ShiftView[date=2025-10-16, actual=[0, 0, 0, 0, 60, 0, 0, 0, 0, 0, 0, 0, 0, 0, 0, 0, 0, 0, 0, 0], plan=[360, 480, 480, 480, 480, 480, 480, 480, 480, 480, 480, 480, 480, 480, 480, 480, 480, 480, 480, 360], hours=[08:00, 09:00, 10:00, 11:00, 12:30, 13:30, 14:30, 15:30, 16:30, 17:30, 18:30, 19:30, 20:30, 21:30, 22:30, 23:30, 00:30, 01:30, 02:30, 03:30]]
2025-10-16 12:58:59 INFO  c.e.s.f.s.i.JpaShiftAdapter - 🧪 Читаем shift из БД: 2025-10-16
2025-10-16 12:58:59 INFO  c.e.s.f.s.i.JpaShiftAdapter - ⏱ hourlyLabels = [08:00, 09:00, 10:00, 11:00, 12:30, 13:30, 14:30, 15:30, 16:30, 17:30, 18:30, 19:30, 20:30, 21:30, 22:30, 23:30, 00:30, 01:30, 02:30, 03:30]
2025-10-16 12:58:59 INFO  c.e.s.f.s.i.JpaShiftAdapter - 📊 hourlyActual = [0, 0, 0, 0, 60, 0, 0, 0, 0, 0, 0, 0, 0, 0, 0, 0, 0, 0, 0, 0]
2025-10-16 12:58:59 DEBUG c.e.s.f.s.i.ShiftSettingsApplier - ✅ Настройки не изменились, смена актуальна: 2025-10-16
2025-10-16 12:58:59 INFO  c.e.s.f.c.a.StoppageReconcilesService - Reconciled date=2025-10-16, hourIndex=4 -> saved 2 auto-stoppage(s)
2025-10-16 12:59:09 INFO  c.e.s.f.s.a.web.SignalController - 📡 Сигнал получен: сенсор = main, дата смены = 2025-10-15
2025-10-16 12:59:09 INFO  c.e.s.f.s.a.e.ProductDetectedListener - [EVENT] Product detected at 2025-10-16T12:59:09.699577700
2025-10-16 12:59:09 INFO  c.e.s.f.s.i.JpaShiftAdapter - 🧪 Читаем shift из БД: 2025-10-16
2025-10-16 12:59:09 INFO  c.e.s.f.s.i.JpaShiftAdapter - ⏱ hourlyLabels = [08:00, 09:00, 10:00, 11:00, 12:30, 13:30, 14:30, 15:30, 16:30, 17:30, 18:30, 19:30, 20:30, 21:30, 22:30, 23:30, 00:30, 01:30, 02:30, 03:30]
2025-10-16 12:59:09 INFO  c.e.s.f.s.i.JpaShiftAdapter - 📊 hourlyActual = [0, 0, 0, 0, 60, 0, 0, 0, 0, 0, 0, 0, 0, 0, 0, 0, 0, 0, 0, 0]
2025-10-16 12:59:09 DEBUG c.e.s.f.s.i.ShiftSettingsApplier - ✅ Настройки не изменились, смена актуальна: 2025-10-16
2025-10-16 12:59:09 INFO  c.e.s.f.s.i.ShiftSettingsApplier - 🔧 Обновлены часы смены: [08:00, 09:00, 10:00, 11:00, 12:30, 13:30, 14:30, 15:30, 16:30, 17:30, 18:30, 19:30, 20:30, 21:30, 22:30, 23:30, 00:30, 01:30, 02:30, 03:30]
2025-10-16 12:59:09 INFO  c.e.s.f.s.i.ShiftSettingsApplier - 📊 Применяем планы: [360, 480, 480, 480, 480, 480, 480, 480, 480, 480, 480, 480, 480, 480, 480, 480, 480, 480, 480, 360]
2025-10-16 12:59:09 INFO  c.e.s.f.s.i.JpaShiftAdapter - 📋 Сохраняем смену: date = 2025-10-16, labels = [08:00, 09:00, 10:00, 11:00, 12:30, 13:30, 14:30, 15:30, 16:30, 17:30, 18:30, 19:30, 20:30, 21:30, 22:30, 23:30, 00:30, 01:30, 02:30, 03:30], plan = [360, 480, 480, 480, 480, 480, 480, 480, 480, 480, 480, 480, 480, 480, 480, 480, 480, 480, 480, 360], actual = [0, 0, 0, 0, 61, 0, 0, 0, 0, 0, 0, 0, 0, 0, 0, 0, 0, 0, 0, 0]
2025-10-16 12:59:09 INFO  c.e.s.f.s.i.JpaShiftAdapter - 💾 Сохраняем actual: [0, 0, 0, 0, 61, 0, 0, 0, 0, 0, 0, 0, 0, 0, 0, 0, 0, 0, 0, 0]
2025-10-16 12:59:09 INFO  c.e.s.f.s.a.ShiftPlannerUseCase - 💾 Смена сохранена: 2025-10-16
2025-10-16 12:59:09 INFO  c.e.s.f.s.i.JpaShiftAdapter - 🧪 Читаем shift из БД: 2025-10-16
2025-10-16 12:59:09 INFO  c.e.s.f.s.i.JpaShiftAdapter - ⏱ hourlyLabels = [08:00, 09:00, 10:00, 11:00, 12:30, 13:30, 14:30, 15:30, 16:30, 17:30, 18:30, 19:30, 20:30, 21:30, 22:30, 23:30, 00:30, 01:30, 02:30, 03:30]
2025-10-16 12:59:09 INFO  c.e.s.f.s.i.JpaShiftAdapter - 📊 hourlyActual = [0, 0, 0, 0, 61, 0, 0, 0, 0, 0, 0, 0, 0, 0, 0, 0, 0, 0, 0, 0]
2025-10-16 12:59:09 INFO  c.e.s.f.s.a.e.ShiftUpdatedListener - 📤 Отправлен ShiftView в /topic/shift-updates: ShiftView[date=2025-10-16, actual=[0, 0, 0, 0, 61, 0, 0, 0, 0, 0, 0, 0, 0, 0, 0, 0, 0, 0, 0, 0], plan=[360, 480, 480, 480, 480, 480, 480, 480, 480, 480, 480, 480, 480, 480, 480, 480, 480, 480, 480, 360], hours=[08:00, 09:00, 10:00, 11:00, 12:30, 13:30, 14:30, 15:30, 16:30, 17:30, 18:30, 19:30, 20:30, 21:30, 22:30, 23:30, 00:30, 01:30, 02:30, 03:30]]
2025-10-16 12:59:09 INFO  c.e.s.f.s.i.JpaShiftAdapter - 🧪 Читаем shift из БД: 2025-10-16
2025-10-16 12:59:09 INFO  c.e.s.f.s.i.JpaShiftAdapter - ⏱ hourlyLabels = [08:00, 09:00, 10:00, 11:00, 12:30, 13:30, 14:30, 15:30, 16:30, 17:30, 18:30, 19:30, 20:30, 21:30, 22:30, 23:30, 00:30, 01:30, 02:30, 03:30]
2025-10-16 12:59:09 INFO  c.e.s.f.s.i.JpaShiftAdapter - 📊 hourlyActual = [0, 0, 0, 0, 61, 0, 0, 0, 0, 0, 0, 0, 0, 0, 0, 0, 0, 0, 0, 0]
2025-10-16 12:59:09 DEBUG c.e.s.f.s.i.ShiftSettingsApplier - ✅ Настройки не изменились, смена актуальна: 2025-10-16
2025-10-16 12:59:09 INFO  c.e.s.f.c.a.StoppageReconcilesService - Reconciled date=2025-10-16, hourIndex=4 -> saved 2 auto-stoppage(s)
2025-10-16 12:59:19 INFO  c.e.s.f.s.a.web.SignalController - 📡 Сигнал получен: сенсор = main, дата смены = 2025-10-15
2025-10-16 12:59:19 INFO  c.e.s.f.s.a.e.ProductDetectedListener - [EVENT] Product detected at 2025-10-16T12:59:19.910737200
2025-10-16 12:59:19 INFO  c.e.s.f.s.i.JpaShiftAdapter - 🧪 Читаем shift из БД: 2025-10-16
2025-10-16 12:59:19 INFO  c.e.s.f.s.i.JpaShiftAdapter - ⏱ hourlyLabels = [08:00, 09:00, 10:00, 11:00, 12:30, 13:30, 14:30, 15:30, 16:30, 17:30, 18:30, 19:30, 20:30, 21:30, 22:30, 23:30, 00:30, 01:30, 02:30, 03:30]
2025-10-16 12:59:19 INFO  c.e.s.f.s.i.JpaShiftAdapter - 📊 hourlyActual = [0, 0, 0, 0, 61, 0, 0, 0, 0, 0, 0, 0, 0, 0, 0, 0, 0, 0, 0, 0]
2025-10-16 12:59:19 DEBUG c.e.s.f.s.i.ShiftSettingsApplier - ✅ Настройки не изменились, смена актуальна: 2025-10-16
2025-10-16 12:59:19 INFO  c.e.s.f.s.i.ShiftSettingsApplier - 🔧 Обновлены часы смены: [08:00, 09:00, 10:00, 11:00, 12:30, 13:30, 14:30, 15:30, 16:30, 17:30, 18:30, 19:30, 20:30, 21:30, 22:30, 23:30, 00:30, 01:30, 02:30, 03:30]
2025-10-16 12:59:19 INFO  c.e.s.f.s.i.ShiftSettingsApplier - 📊 Применяем планы: [360, 480, 480, 480, 480, 480, 480, 480, 480, 480, 480, 480, 480, 480, 480, 480, 480, 480, 480, 360]
2025-10-16 12:59:19 INFO  c.e.s.f.s.i.JpaShiftAdapter - 📋 Сохраняем смену: date = 2025-10-16, labels = [08:00, 09:00, 10:00, 11:00, 12:30, 13:30, 14:30, 15:30, 16:30, 17:30, 18:30, 19:30, 20:30, 21:30, 22:30, 23:30, 00:30, 01:30, 02:30, 03:30], plan = [360, 480, 480, 480, 480, 480, 480, 480, 480, 480, 480, 480, 480, 480, 480, 480, 480, 480, 480, 360], actual = [0, 0, 0, 0, 62, 0, 0, 0, 0, 0, 0, 0, 0, 0, 0, 0, 0, 0, 0, 0]
2025-10-16 12:59:19 INFO  c.e.s.f.s.i.JpaShiftAdapter - 💾 Сохраняем actual: [0, 0, 0, 0, 62, 0, 0, 0, 0, 0, 0, 0, 0, 0, 0, 0, 0, 0, 0, 0]
2025-10-16 12:59:20 INFO  c.e.s.f.s.a.ShiftPlannerUseCase - 💾 Смена сохранена: 2025-10-16
2025-10-16 12:59:20 INFO  c.e.s.f.s.i.JpaShiftAdapter - 🧪 Читаем shift из БД: 2025-10-16
2025-10-16 12:59:20 INFO  c.e.s.f.s.i.JpaShiftAdapter - ⏱ hourlyLabels = [08:00, 09:00, 10:00, 11:00, 12:30, 13:30, 14:30, 15:30, 16:30, 17:30, 18:30, 19:30, 20:30, 21:30, 22:30, 23:30, 00:30, 01:30, 02:30, 03:30]
2025-10-16 12:59:20 INFO  c.e.s.f.s.i.JpaShiftAdapter - 📊 hourlyActual = [0, 0, 0, 0, 62, 0, 0, 0, 0, 0, 0, 0, 0, 0, 0, 0, 0, 0, 0, 0]
2025-10-16 12:59:20 INFO  c.e.s.f.s.a.e.ShiftUpdatedListener - 📤 Отправлен ShiftView в /topic/shift-updates: ShiftView[date=2025-10-16, actual=[0, 0, 0, 0, 62, 0, 0, 0, 0, 0, 0, 0, 0, 0, 0, 0, 0, 0, 0, 0], plan=[360, 480, 480, 480, 480, 480, 480, 480, 480, 480, 480, 480, 480, 480, 480, 480, 480, 480, 480, 360], hours=[08:00, 09:00, 10:00, 11:00, 12:30, 13:30, 14:30, 15:30, 16:30, 17:30, 18:30, 19:30, 20:30, 21:30, 22:30, 23:30, 00:30, 01:30, 02:30, 03:30]]
2025-10-16 12:59:20 INFO  c.e.s.f.s.i.JpaShiftAdapter - 🧪 Читаем shift из БД: 2025-10-16
2025-10-16 12:59:20 INFO  c.e.s.f.s.i.JpaShiftAdapter - ⏱ hourlyLabels = [08:00, 09:00, 10:00, 11:00, 12:30, 13:30, 14:30, 15:30, 16:30, 17:30, 18:30, 19:30, 20:30, 21:30, 22:30, 23:30, 00:30, 01:30, 02:30, 03:30]
2025-10-16 12:59:20 INFO  c.e.s.f.s.i.JpaShiftAdapter - 📊 hourlyActual = [0, 0, 0, 0, 62, 0, 0, 0, 0, 0, 0, 0, 0, 0, 0, 0, 0, 0, 0, 0]
2025-10-16 12:59:20 DEBUG c.e.s.f.s.i.ShiftSettingsApplier - ✅ Настройки не изменились, смена актуальна: 2025-10-16
2025-10-16 12:59:20 INFO  c.e.s.f.c.a.StoppageReconcilesService - Reconciled date=2025-10-16, hourIndex=4 -> saved 2 auto-stoppage(s)
2025-10-16 12:59:30 INFO  c.e.s.f.s.a.web.SignalController - 📡 Сигнал получен: сенсор = main, дата смены = 2025-10-15
2025-10-16 12:59:30 INFO  c.e.s.f.s.a.e.ProductDetectedListener - [EVENT] Product detected at 2025-10-16T12:59:30.129801600
2025-10-16 12:59:30 INFO  c.e.s.f.s.i.JpaShiftAdapter - 🧪 Читаем shift из БД: 2025-10-16
2025-10-16 12:59:30 INFO  c.e.s.f.s.i.JpaShiftAdapter - ⏱ hourlyLabels = [08:00, 09:00, 10:00, 11:00, 12:30, 13:30, 14:30, 15:30, 16:30, 17:30, 18:30, 19:30, 20:30, 21:30, 22:30, 23:30, 00:30, 01:30, 02:30, 03:30]
2025-10-16 12:59:30 INFO  c.e.s.f.s.i.JpaShiftAdapter - 📊 hourlyActual = [0, 0, 0, 0, 62, 0, 0, 0, 0, 0, 0, 0, 0, 0, 0, 0, 0, 0, 0, 0]
2025-10-16 12:59:30 DEBUG c.e.s.f.s.i.ShiftSettingsApplier - ✅ Настройки не изменились, смена актуальна: 2025-10-16
2025-10-16 12:59:30 INFO  c.e.s.f.s.i.ShiftSettingsApplier - 🔧 Обновлены часы смены: [08:00, 09:00, 10:00, 11:00, 12:30, 13:30, 14:30, 15:30, 16:30, 17:30, 18:30, 19:30, 20:30, 21:30, 22:30, 23:30, 00:30, 01:30, 02:30, 03:30]
2025-10-16 12:59:30 INFO  c.e.s.f.s.i.ShiftSettingsApplier - 📊 Применяем планы: [360, 480, 480, 480, 480, 480, 480, 480, 480, 480, 480, 480, 480, 480, 480, 480, 480, 480, 480, 360]
2025-10-16 12:59:30 INFO  c.e.s.f.s.i.JpaShiftAdapter - 📋 Сохраняем смену: date = 2025-10-16, labels = [08:00, 09:00, 10:00, 11:00, 12:30, 13:30, 14:30, 15:30, 16:30, 17:30, 18:30, 19:30, 20:30, 21:30, 22:30, 23:30, 00:30, 01:30, 02:30, 03:30], plan = [360, 480, 480, 480, 480, 480, 480, 480, 480, 480, 480, 480, 480, 480, 480, 480, 480, 480, 480, 360], actual = [0, 0, 0, 0, 63, 0, 0, 0, 0, 0, 0, 0, 0, 0, 0, 0, 0, 0, 0, 0]
2025-10-16 12:59:30 INFO  c.e.s.f.s.i.JpaShiftAdapter - 💾 Сохраняем actual: [0, 0, 0, 0, 63, 0, 0, 0, 0, 0, 0, 0, 0, 0, 0, 0, 0, 0, 0, 0]
2025-10-16 12:59:30 INFO  c.e.s.f.s.a.ShiftPlannerUseCase - 💾 Смена сохранена: 2025-10-16
2025-10-16 12:59:30 INFO  c.e.s.f.s.i.JpaShiftAdapter - 🧪 Читаем shift из БД: 2025-10-16
2025-10-16 12:59:30 INFO  c.e.s.f.s.i.JpaShiftAdapter - ⏱ hourlyLabels = [08:00, 09:00, 10:00, 11:00, 12:30, 13:30, 14:30, 15:30, 16:30, 17:30, 18:30, 19:30, 20:30, 21:30, 22:30, 23:30, 00:30, 01:30, 02:30, 03:30]
2025-10-16 12:59:30 INFO  c.e.s.f.s.i.JpaShiftAdapter - 📊 hourlyActual = [0, 0, 0, 0, 63, 0, 0, 0, 0, 0, 0, 0, 0, 0, 0, 0, 0, 0, 0, 0]
2025-10-16 12:59:30 INFO  c.e.s.f.s.a.e.ShiftUpdatedListener - 📤 Отправлен ShiftView в /topic/shift-updates: ShiftView[date=2025-10-16, actual=[0, 0, 0, 0, 63, 0, 0, 0, 0, 0, 0, 0, 0, 0, 0, 0, 0, 0, 0, 0], plan=[360, 480, 480, 480, 480, 480, 480, 480, 480, 480, 480, 480, 480, 480, 480, 480, 480, 480, 480, 360], hours=[08:00, 09:00, 10:00, 11:00, 12:30, 13:30, 14:30, 15:30, 16:30, 17:30, 18:30, 19:30, 20:30, 21:30, 22:30, 23:30, 00:30, 01:30, 02:30, 03:30]]
2025-10-16 12:59:30 INFO  c.e.s.f.s.i.JpaShiftAdapter - 🧪 Читаем shift из БД: 2025-10-16
2025-10-16 12:59:30 INFO  c.e.s.f.s.i.JpaShiftAdapter - ⏱ hourlyLabels = [08:00, 09:00, 10:00, 11:00, 12:30, 13:30, 14:30, 15:30, 16:30, 17:30, 18:30, 19:30, 20:30, 21:30, 22:30, 23:30, 00:30, 01:30, 02:30, 03:30]
2025-10-16 12:59:30 INFO  c.e.s.f.s.i.JpaShiftAdapter - 📊 hourlyActual = [0, 0, 0, 0, 63, 0, 0, 0, 0, 0, 0, 0, 0, 0, 0, 0, 0, 0, 0, 0]
2025-10-16 12:59:30 DEBUG c.e.s.f.s.i.ShiftSettingsApplier - ✅ Настройки не изменились, смена актуальна: 2025-10-16
2025-10-16 12:59:30 INFO  c.e.s.f.c.a.StoppageReconcilesService - Reconciled date=2025-10-16, hourIndex=4 -> saved 2 auto-stoppage(s)
2025-10-16 12:59:40 INFO  c.e.s.f.s.a.web.SignalController - 📡 Сигнал получен: сенсор = main, дата смены = 2025-10-15
2025-10-16 12:59:40 INFO  c.e.s.f.s.a.e.ProductDetectedListener - [EVENT] Product detected at 2025-10-16T12:59:40.312550
2025-10-16 12:59:40 INFO  c.e.s.f.s.i.JpaShiftAdapter - 🧪 Читаем shift из БД: 2025-10-16
2025-10-16 12:59:40 INFO  c.e.s.f.s.i.JpaShiftAdapter - ⏱ hourlyLabels = [08:00, 09:00, 10:00, 11:00, 12:30, 13:30, 14:30, 15:30, 16:30, 17:30, 18:30, 19:30, 20:30, 21:30, 22:30, 23:30, 00:30, 01:30, 02:30, 03:30]
2025-10-16 12:59:40 INFO  c.e.s.f.s.i.JpaShiftAdapter - 📊 hourlyActual = [0, 0, 0, 0, 63, 0, 0, 0, 0, 0, 0, 0, 0, 0, 0, 0, 0, 0, 0, 0]
2025-10-16 12:59:40 DEBUG c.e.s.f.s.i.ShiftSettingsApplier - ✅ Настройки не изменились, смена актуальна: 2025-10-16
2025-10-16 12:59:40 INFO  c.e.s.f.s.i.ShiftSettingsApplier - 🔧 Обновлены часы смены: [08:00, 09:00, 10:00, 11:00, 12:30, 13:30, 14:30, 15:30, 16:30, 17:30, 18:30, 19:30, 20:30, 21:30, 22:30, 23:30, 00:30, 01:30, 02:30, 03:30]
2025-10-16 12:59:40 INFO  c.e.s.f.s.i.ShiftSettingsApplier - 📊 Применяем планы: [360, 480, 480, 480, 480, 480, 480, 480, 480, 480, 480, 480, 480, 480, 480, 480, 480, 480, 480, 360]
2025-10-16 12:59:40 INFO  c.e.s.f.s.i.JpaShiftAdapter - 📋 Сохраняем смену: date = 2025-10-16, labels = [08:00, 09:00, 10:00, 11:00, 12:30, 13:30, 14:30, 15:30, 16:30, 17:30, 18:30, 19:30, 20:30, 21:30, 22:30, 23:30, 00:30, 01:30, 02:30, 03:30], plan = [360, 480, 480, 480, 480, 480, 480, 480, 480, 480, 480, 480, 480, 480, 480, 480, 480, 480, 480, 360], actual = [0, 0, 0, 0, 64, 0, 0, 0, 0, 0, 0, 0, 0, 0, 0, 0, 0, 0, 0, 0]
2025-10-16 12:59:40 INFO  c.e.s.f.s.i.JpaShiftAdapter - 💾 Сохраняем actual: [0, 0, 0, 0, 64, 0, 0, 0, 0, 0, 0, 0, 0, 0, 0, 0, 0, 0, 0, 0]
2025-10-16 12:59:40 INFO  c.e.s.f.s.a.ShiftPlannerUseCase - 💾 Смена сохранена: 2025-10-16
2025-10-16 12:59:40 INFO  c.e.s.f.s.i.JpaShiftAdapter - 🧪 Читаем shift из БД: 2025-10-16
2025-10-16 12:59:40 INFO  c.e.s.f.s.i.JpaShiftAdapter - ⏱ hourlyLabels = [08:00, 09:00, 10:00, 11:00, 12:30, 13:30, 14:30, 15:30, 16:30, 17:30, 18:30, 19:30, 20:30, 21:30, 22:30, 23:30, 00:30, 01:30, 02:30, 03:30]
2025-10-16 12:59:40 INFO  c.e.s.f.s.i.JpaShiftAdapter - 📊 hourlyActual = [0, 0, 0, 0, 64, 0, 0, 0, 0, 0, 0, 0, 0, 0, 0, 0, 0, 0, 0, 0]
2025-10-16 12:59:40 INFO  c.e.s.f.s.a.e.ShiftUpdatedListener - 📤 Отправлен ShiftView в /topic/shift-updates: ShiftView[date=2025-10-16, actual=[0, 0, 0, 0, 64, 0, 0, 0, 0, 0, 0, 0, 0, 0, 0, 0, 0, 0, 0, 0], plan=[360, 480, 480, 480, 480, 480, 480, 480, 480, 480, 480, 480, 480, 480, 480, 480, 480, 480, 480, 360], hours=[08:00, 09:00, 10:00, 11:00, 12:30, 13:30, 14:30, 15:30, 16:30, 17:30, 18:30, 19:30, 20:30, 21:30, 22:30, 23:30, 00:30, 01:30, 02:30, 03:30]]
2025-10-16 12:59:40 INFO  c.e.s.f.s.i.JpaShiftAdapter - 🧪 Читаем shift из БД: 2025-10-16
2025-10-16 12:59:40 INFO  c.e.s.f.s.i.JpaShiftAdapter - ⏱ hourlyLabels = [08:00, 09:00, 10:00, 11:00, 12:30, 13:30, 14:30, 15:30, 16:30, 17:30, 18:30, 19:30, 20:30, 21:30, 22:30, 23:30, 00:30, 01:30, 02:30, 03:30]
2025-10-16 12:59:40 INFO  c.e.s.f.s.i.JpaShiftAdapter - 📊 hourlyActual = [0, 0, 0, 0, 64, 0, 0, 0, 0, 0, 0, 0, 0, 0, 0, 0, 0, 0, 0, 0]
2025-10-16 12:59:40 DEBUG c.e.s.f.s.i.ShiftSettingsApplier - ✅ Настройки не изменились, смена актуальна: 2025-10-16
2025-10-16 12:59:40 INFO  c.e.s.f.c.a.StoppageReconcilesService - Reconciled date=2025-10-16, hourIndex=4 -> saved 2 auto-stoppage(s)
2025-10-16 12:59:50 INFO  c.e.s.f.s.a.web.SignalController - 📡 Сигнал получен: сенсор = main, дата смены = 2025-10-15
2025-10-16 12:59:50 INFO  c.e.s.f.s.a.e.ProductDetectedListener - [EVENT] Product detected at 2025-10-16T12:59:50.547856300
2025-10-16 12:59:50 INFO  c.e.s.f.s.i.JpaShiftAdapter - 🧪 Читаем shift из БД: 2025-10-16
2025-10-16 12:59:50 INFO  c.e.s.f.s.i.JpaShiftAdapter - ⏱ hourlyLabels = [08:00, 09:00, 10:00, 11:00, 12:30, 13:30, 14:30, 15:30, 16:30, 17:30, 18:30, 19:30, 20:30, 21:30, 22:30, 23:30, 00:30, 01:30, 02:30, 03:30]
2025-10-16 12:59:50 INFO  c.e.s.f.s.i.JpaShiftAdapter - 📊 hourlyActual = [0, 0, 0, 0, 64, 0, 0, 0, 0, 0, 0, 0, 0, 0, 0, 0, 0, 0, 0, 0]
2025-10-16 12:59:50 DEBUG c.e.s.f.s.i.ShiftSettingsApplier - ✅ Настройки не изменились, смена актуальна: 2025-10-16
2025-10-16 12:59:50 INFO  c.e.s.f.s.i.ShiftSettingsApplier - 🔧 Обновлены часы смены: [08:00, 09:00, 10:00, 11:00, 12:30, 13:30, 14:30, 15:30, 16:30, 17:30, 18:30, 19:30, 20:30, 21:30, 22:30, 23:30, 00:30, 01:30, 02:30, 03:30]
2025-10-16 12:59:50 INFO  c.e.s.f.s.i.ShiftSettingsApplier - 📊 Применяем планы: [360, 480, 480, 480, 480, 480, 480, 480, 480, 480, 480, 480, 480, 480, 480, 480, 480, 480, 480, 360]
2025-10-16 12:59:50 INFO  c.e.s.f.s.i.JpaShiftAdapter - 📋 Сохраняем смену: date = 2025-10-16, labels = [08:00, 09:00, 10:00, 11:00, 12:30, 13:30, 14:30, 15:30, 16:30, 17:30, 18:30, 19:30, 20:30, 21:30, 22:30, 23:30, 00:30, 01:30, 02:30, 03:30], plan = [360, 480, 480, 480, 480, 480, 480, 480, 480, 480, 480, 480, 480, 480, 480, 480, 480, 480, 480, 360], actual = [0, 0, 0, 0, 65, 0, 0, 0, 0, 0, 0, 0, 0, 0, 0, 0, 0, 0, 0, 0]
2025-10-16 12:59:50 INFO  c.e.s.f.s.i.JpaShiftAdapter - 💾 Сохраняем actual: [0, 0, 0, 0, 65, 0, 0, 0, 0, 0, 0, 0, 0, 0, 0, 0, 0, 0, 0, 0]
2025-10-16 12:59:50 INFO  c.e.s.f.s.a.ShiftPlannerUseCase - 💾 Смена сохранена: 2025-10-16
2025-10-16 12:59:50 INFO  c.e.s.f.s.i.JpaShiftAdapter - 🧪 Читаем shift из БД: 2025-10-16
2025-10-16 12:59:50 INFO  c.e.s.f.s.i.JpaShiftAdapter - ⏱ hourlyLabels = [08:00, 09:00, 10:00, 11:00, 12:30, 13:30, 14:30, 15:30, 16:30, 17:30, 18:30, 19:30, 20:30, 21:30, 22:30, 23:30, 00:30, 01:30, 02:30, 03:30]
2025-10-16 12:59:50 INFO  c.e.s.f.s.i.JpaShiftAdapter - 📊 hourlyActual = [0, 0, 0, 0, 65, 0, 0, 0, 0, 0, 0, 0, 0, 0, 0, 0, 0, 0, 0, 0]
2025-10-16 12:59:50 INFO  c.e.s.f.s.a.e.ShiftUpdatedListener - 📤 Отправлен ShiftView в /topic/shift-updates: ShiftView[date=2025-10-16, actual=[0, 0, 0, 0, 65, 0, 0, 0, 0, 0, 0, 0, 0, 0, 0, 0, 0, 0, 0, 0], plan=[360, 480, 480, 480, 480, 480, 480, 480, 480, 480, 480, 480, 480, 480, 480, 480, 480, 480, 480, 360], hours=[08:00, 09:00, 10:00, 11:00, 12:30, 13:30, 14:30, 15:30, 16:30, 17:30, 18:30, 19:30, 20:30, 21:30, 22:30, 23:30, 00:30, 01:30, 02:30, 03:30]]
2025-10-16 12:59:50 INFO  c.e.s.f.s.i.JpaShiftAdapter - 🧪 Читаем shift из БД: 2025-10-16
2025-10-16 12:59:50 INFO  c.e.s.f.s.i.JpaShiftAdapter - ⏱ hourlyLabels = [08:00, 09:00, 10:00, 11:00, 12:30, 13:30, 14:30, 15:30, 16:30, 17:30, 18:30, 19:30, 20:30, 21:30, 22:30, 23:30, 00:30, 01:30, 02:30, 03:30]
2025-10-16 12:59:50 INFO  c.e.s.f.s.i.JpaShiftAdapter - 📊 hourlyActual = [0, 0, 0, 0, 65, 0, 0, 0, 0, 0, 0, 0, 0, 0, 0, 0, 0, 0, 0, 0]
2025-10-16 12:59:50 DEBUG c.e.s.f.s.i.ShiftSettingsApplier - ✅ Настройки не изменились, смена актуальна: 2025-10-16
2025-10-16 12:59:50 INFO  c.e.s.f.c.a.StoppageReconcilesService - Reconciled date=2025-10-16, hourIndex=4 -> saved 2 auto-stoppage(s)
2025-10-16 13:00:00 INFO  c.e.s.f.s.a.web.SignalController - 📡 Сигнал получен: сенсор = main, дата смены = 2025-10-15
2025-10-16 13:00:00 INFO  c.e.s.f.s.a.e.ProductDetectedListener - [EVENT] Product detected at 2025-10-16T13:00:00.845986300
2025-10-16 13:00:00 INFO  c.e.s.f.s.i.JpaShiftAdapter - 🧪 Читаем shift из БД: 2025-10-16
2025-10-16 13:00:00 INFO  c.e.s.f.s.i.JpaShiftAdapter - ⏱ hourlyLabels = [08:00, 09:00, 10:00, 11:00, 12:30, 13:30, 14:30, 15:30, 16:30, 17:30, 18:30, 19:30, 20:30, 21:30, 22:30, 23:30, 00:30, 01:30, 02:30, 03:30]
2025-10-16 13:00:00 INFO  c.e.s.f.s.i.JpaShiftAdapter - 📊 hourlyActual = [0, 0, 0, 0, 65, 0, 0, 0, 0, 0, 0, 0, 0, 0, 0, 0, 0, 0, 0, 0]
2025-10-16 13:00:00 DEBUG c.e.s.f.s.i.ShiftSettingsApplier - ✅ Настройки не изменились, смена актуальна: 2025-10-16
2025-10-16 13:00:00 INFO  c.e.s.f.s.i.ShiftSettingsApplier - 🔧 Обновлены часы смены: [08:00, 09:00, 10:00, 11:00, 12:30, 13:30, 14:30, 15:30, 16:30, 17:30, 18:30, 19:30, 20:30, 21:30, 22:30, 23:30, 00:30, 01:30, 02:30, 03:30]
2025-10-16 13:00:00 INFO  c.e.s.f.s.i.ShiftSettingsApplier - 📊 Применяем планы: [360, 480, 480, 480, 480, 480, 480, 480, 480, 480, 480, 480, 480, 480, 480, 480, 480, 480, 480, 360]
2025-10-16 13:00:00 INFO  c.e.s.f.s.i.JpaShiftAdapter - 📋 Сохраняем смену: date = 2025-10-16, labels = [08:00, 09:00, 10:00, 11:00, 12:30, 13:30, 14:30, 15:30, 16:30, 17:30, 18:30, 19:30, 20:30, 21:30, 22:30, 23:30, 00:30, 01:30, 02:30, 03:30], plan = [360, 480, 480, 480, 480, 480, 480, 480, 480, 480, 480, 480, 480, 480, 480, 480, 480, 480, 480, 360], actual = [0, 0, 0, 0, 66, 0, 0, 0, 0, 0, 0, 0, 0, 0, 0, 0, 0, 0, 0, 0]
2025-10-16 13:00:00 INFO  c.e.s.f.s.i.JpaShiftAdapter - 💾 Сохраняем actual: [0, 0, 0, 0, 66, 0, 0, 0, 0, 0, 0, 0, 0, 0, 0, 0, 0, 0, 0, 0]
2025-10-16 13:00:00 INFO  c.e.s.f.s.a.ShiftPlannerUseCase - 💾 Смена сохранена: 2025-10-16
2025-10-16 13:00:00 INFO  c.e.s.f.s.i.JpaShiftAdapter - 🧪 Читаем shift из БД: 2025-10-16
2025-10-16 13:00:00 INFO  c.e.s.f.s.i.JpaShiftAdapter - ⏱ hourlyLabels = [08:00, 09:00, 10:00, 11:00, 12:30, 13:30, 14:30, 15:30, 16:30, 17:30, 18:30, 19:30, 20:30, 21:30, 22:30, 23:30, 00:30, 01:30, 02:30, 03:30]
2025-10-16 13:00:00 INFO  c.e.s.f.s.i.JpaShiftAdapter - 📊 hourlyActual = [0, 0, 0, 0, 66, 0, 0, 0, 0, 0, 0, 0, 0, 0, 0, 0, 0, 0, 0, 0]
2025-10-16 13:00:01 INFO  c.e.s.f.s.a.e.ShiftUpdatedListener - 📤 Отправлен ShiftView в /topic/shift-updates: ShiftView[date=2025-10-16, actual=[0, 0, 0, 0, 66, 0, 0, 0, 0, 0, 0, 0, 0, 0, 0, 0, 0, 0, 0, 0], plan=[360, 480, 480, 480, 480, 480, 480, 480, 480, 480, 480, 480, 480, 480, 480, 480, 480, 480, 480, 360], hours=[08:00, 09:00, 10:00, 11:00, 12:30, 13:30, 14:30, 15:30, 16:30, 17:30, 18:30, 19:30, 20:30, 21:30, 22:30, 23:30, 00:30, 01:30, 02:30, 03:30]]
2025-10-16 13:00:01 INFO  c.e.s.f.s.i.JpaShiftAdapter - 🧪 Читаем shift из БД: 2025-10-16
2025-10-16 13:00:01 INFO  c.e.s.f.s.i.JpaShiftAdapter - ⏱ hourlyLabels = [08:00, 09:00, 10:00, 11:00, 12:30, 13:30, 14:30, 15:30, 16:30, 17:30, 18:30, 19:30, 20:30, 21:30, 22:30, 23:30, 00:30, 01:30, 02:30, 03:30]
2025-10-16 13:00:01 INFO  c.e.s.f.s.i.JpaShiftAdapter - 📊 hourlyActual = [0, 0, 0, 0, 66, 0, 0, 0, 0, 0, 0, 0, 0, 0, 0, 0, 0, 0, 0, 0]
2025-10-16 13:00:01 DEBUG c.e.s.f.s.i.ShiftSettingsApplier - ✅ Настройки не изменились, смена актуальна: 2025-10-16
2025-10-16 13:00:01 INFO  c.e.s.f.c.a.StoppageReconcilesService - Reconciled date=2025-10-16, hourIndex=4 -> saved 2 auto-stoppage(s)
2025-10-16 13:00:11 INFO  c.e.s.f.s.a.web.SignalController - 📡 Сигнал получен: сенсор = main, дата смены = 2025-10-15
2025-10-16 13:00:11 INFO  c.e.s.f.s.a.e.ProductDetectedListener - [EVENT] Product detected at 2025-10-16T13:00:11.091146700
2025-10-16 13:00:11 INFO  c.e.s.f.s.i.JpaShiftAdapter - 🧪 Читаем shift из БД: 2025-10-16
2025-10-16 13:00:11 INFO  c.e.s.f.s.i.JpaShiftAdapter - ⏱ hourlyLabels = [08:00, 09:00, 10:00, 11:00, 12:30, 13:30, 14:30, 15:30, 16:30, 17:30, 18:30, 19:30, 20:30, 21:30, 22:30, 23:30, 00:30, 01:30, 02:30, 03:30]
2025-10-16 13:00:11 INFO  c.e.s.f.s.i.JpaShiftAdapter - 📊 hourlyActual = [0, 0, 0, 0, 66, 0, 0, 0, 0, 0, 0, 0, 0, 0, 0, 0, 0, 0, 0, 0]
2025-10-16 13:00:11 DEBUG c.e.s.f.s.i.ShiftSettingsApplier - ✅ Настройки не изменились, смена актуальна: 2025-10-16
2025-10-16 13:00:11 INFO  c.e.s.f.s.i.ShiftSettingsApplier - 🔧 Обновлены часы смены: [08:00, 09:00, 10:00, 11:00, 12:30, 13:30, 14:30, 15:30, 16:30, 17:30, 18:30, 19:30, 20:30, 21:30, 22:30, 23:30, 00:30, 01:30, 02:30, 03:30]
2025-10-16 13:00:11 INFO  c.e.s.f.s.i.ShiftSettingsApplier - 📊 Применяем планы: [360, 480, 480, 480, 480, 480, 480, 480, 480, 480, 480, 480, 480, 480, 480, 480, 480, 480, 480, 360]
2025-10-16 13:00:11 INFO  c.e.s.f.s.i.JpaShiftAdapter - 📋 Сохраняем смену: date = 2025-10-16, labels = [08:00, 09:00, 10:00, 11:00, 12:30, 13:30, 14:30, 15:30, 16:30, 17:30, 18:30, 19:30, 20:30, 21:30, 22:30, 23:30, 00:30, 01:30, 02:30, 03:30], plan = [360, 480, 480, 480, 480, 480, 480, 480, 480, 480, 480, 480, 480, 480, 480, 480, 480, 480, 480, 360], actual = [0, 0, 0, 0, 67, 0, 0, 0, 0, 0, 0, 0, 0, 0, 0, 0, 0, 0, 0, 0]
2025-10-16 13:00:11 INFO  c.e.s.f.s.i.JpaShiftAdapter - 💾 Сохраняем actual: [0, 0, 0, 0, 67, 0, 0, 0, 0, 0, 0, 0, 0, 0, 0, 0, 0, 0, 0, 0]
2025-10-16 13:00:11 INFO  c.e.s.f.s.a.ShiftPlannerUseCase - 💾 Смена сохранена: 2025-10-16
2025-10-16 13:00:11 INFO  c.e.s.f.s.i.JpaShiftAdapter - 🧪 Читаем shift из БД: 2025-10-16
2025-10-16 13:00:11 INFO  c.e.s.f.s.i.JpaShiftAdapter - ⏱ hourlyLabels = [08:00, 09:00, 10:00, 11:00, 12:30, 13:30, 14:30, 15:30, 16:30, 17:30, 18:30, 19:30, 20:30, 21:30, 22:30, 23:30, 00:30, 01:30, 02:30, 03:30]
2025-10-16 13:00:11 INFO  c.e.s.f.s.i.JpaShiftAdapter - 📊 hourlyActual = [0, 0, 0, 0, 67, 0, 0, 0, 0, 0, 0, 0, 0, 0, 0, 0, 0, 0, 0, 0]
2025-10-16 13:00:11 INFO  c.e.s.f.s.a.e.ShiftUpdatedListener - 📤 Отправлен ShiftView в /topic/shift-updates: ShiftView[date=2025-10-16, actual=[0, 0, 0, 0, 67, 0, 0, 0, 0, 0, 0, 0, 0, 0, 0, 0, 0, 0, 0, 0], plan=[360, 480, 480, 480, 480, 480, 480, 480, 480, 480, 480, 480, 480, 480, 480, 480, 480, 480, 480, 360], hours=[08:00, 09:00, 10:00, 11:00, 12:30, 13:30, 14:30, 15:30, 16:30, 17:30, 18:30, 19:30, 20:30, 21:30, 22:30, 23:30, 00:30, 01:30, 02:30, 03:30]]
2025-10-16 13:00:11 INFO  c.e.s.f.s.i.JpaShiftAdapter - 🧪 Читаем shift из БД: 2025-10-16
2025-10-16 13:00:11 INFO  c.e.s.f.s.i.JpaShiftAdapter - ⏱ hourlyLabels = [08:00, 09:00, 10:00, 11:00, 12:30, 13:30, 14:30, 15:30, 16:30, 17:30, 18:30, 19:30, 20:30, 21:30, 22:30, 23:30, 00:30, 01:30, 02:30, 03:30]
2025-10-16 13:00:11 INFO  c.e.s.f.s.i.JpaShiftAdapter - 📊 hourlyActual = [0, 0, 0, 0, 67, 0, 0, 0, 0, 0, 0, 0, 0, 0, 0, 0, 0, 0, 0, 0]
2025-10-16 13:00:11 DEBUG c.e.s.f.s.i.ShiftSettingsApplier - ✅ Настройки не изменились, смена актуальна: 2025-10-16
2025-10-16 13:00:11 INFO  c.e.s.f.c.a.StoppageReconcilesService - Reconciled date=2025-10-16, hourIndex=4 -> saved 2 auto-stoppage(s)
2025-10-16 13:00:21 INFO  c.e.s.f.s.a.web.SignalController - 📡 Сигнал получен: сенсор = main, дата смены = 2025-10-15
2025-10-16 13:00:21 INFO  c.e.s.f.s.a.e.ProductDetectedListener - [EVENT] Product detected at 2025-10-16T13:00:21.301055600
2025-10-16 13:00:21 INFO  c.e.s.f.s.i.JpaShiftAdapter - 🧪 Читаем shift из БД: 2025-10-16
2025-10-16 13:00:21 INFO  c.e.s.f.s.i.JpaShiftAdapter - ⏱ hourlyLabels = [08:00, 09:00, 10:00, 11:00, 12:30, 13:30, 14:30, 15:30, 16:30, 17:30, 18:30, 19:30, 20:30, 21:30, 22:30, 23:30, 00:30, 01:30, 02:30, 03:30]
2025-10-16 13:00:21 INFO  c.e.s.f.s.i.JpaShiftAdapter - 📊 hourlyActual = [0, 0, 0, 0, 67, 0, 0, 0, 0, 0, 0, 0, 0, 0, 0, 0, 0, 0, 0, 0]
2025-10-16 13:00:21 DEBUG c.e.s.f.s.i.ShiftSettingsApplier - ✅ Настройки не изменились, смена актуальна: 2025-10-16
2025-10-16 13:00:21 INFO  c.e.s.f.s.i.ShiftSettingsApplier - 🔧 Обновлены часы смены: [08:00, 09:00, 10:00, 11:00, 12:30, 13:30, 14:30, 15:30, 16:30, 17:30, 18:30, 19:30, 20:30, 21:30, 22:30, 23:30, 00:30, 01:30, 02:30, 03:30]
2025-10-16 13:00:21 INFO  c.e.s.f.s.i.ShiftSettingsApplier - 📊 Применяем планы: [360, 480, 480, 480, 480, 480, 480, 480, 480, 480, 480, 480, 480, 480, 480, 480, 480, 480, 480, 360]
2025-10-16 13:00:21 INFO  c.e.s.f.s.i.JpaShiftAdapter - 📋 Сохраняем смену: date = 2025-10-16, labels = [08:00, 09:00, 10:00, 11:00, 12:30, 13:30, 14:30, 15:30, 16:30, 17:30, 18:30, 19:30, 20:30, 21:30, 22:30, 23:30, 00:30, 01:30, 02:30, 03:30], plan = [360, 480, 480, 480, 480, 480, 480, 480, 480, 480, 480, 480, 480, 480, 480, 480, 480, 480, 480, 360], actual = [0, 0, 0, 0, 68, 0, 0, 0, 0, 0, 0, 0, 0, 0, 0, 0, 0, 0, 0, 0]
2025-10-16 13:00:21 INFO  c.e.s.f.s.i.JpaShiftAdapter - 💾 Сохраняем actual: [0, 0, 0, 0, 68, 0, 0, 0, 0, 0, 0, 0, 0, 0, 0, 0, 0, 0, 0, 0]
2025-10-16 13:00:21 INFO  c.e.s.f.s.a.ShiftPlannerUseCase - 💾 Смена сохранена: 2025-10-16
2025-10-16 13:00:21 INFO  c.e.s.f.s.i.JpaShiftAdapter - 🧪 Читаем shift из БД: 2025-10-16
2025-10-16 13:00:21 INFO  c.e.s.f.s.i.JpaShiftAdapter - ⏱ hourlyLabels = [08:00, 09:00, 10:00, 11:00, 12:30, 13:30, 14:30, 15:30, 16:30, 17:30, 18:30, 19:30, 20:30, 21:30, 22:30, 23:30, 00:30, 01:30, 02:30, 03:30]
2025-10-16 13:00:21 INFO  c.e.s.f.s.i.JpaShiftAdapter - 📊 hourlyActual = [0, 0, 0, 0, 68, 0, 0, 0, 0, 0, 0, 0, 0, 0, 0, 0, 0, 0, 0, 0]
2025-10-16 13:00:21 INFO  c.e.s.f.s.a.e.ShiftUpdatedListener - 📤 Отправлен ShiftView в /topic/shift-updates: ShiftView[date=2025-10-16, actual=[0, 0, 0, 0, 68, 0, 0, 0, 0, 0, 0, 0, 0, 0, 0, 0, 0, 0, 0, 0], plan=[360, 480, 480, 480, 480, 480, 480, 480, 480, 480, 480, 480, 480, 480, 480, 480, 480, 480, 480, 360], hours=[08:00, 09:00, 10:00, 11:00, 12:30, 13:30, 14:30, 15:30, 16:30, 17:30, 18:30, 19:30, 20:30, 21:30, 22:30, 23:30, 00:30, 01:30, 02:30, 03:30]]
2025-10-16 13:00:21 INFO  c.e.s.f.s.i.JpaShiftAdapter - 🧪 Читаем shift из БД: 2025-10-16
2025-10-16 13:00:21 INFO  c.e.s.f.s.i.JpaShiftAdapter - ⏱ hourlyLabels = [08:00, 09:00, 10:00, 11:00, 12:30, 13:30, 14:30, 15:30, 16:30, 17:30, 18:30, 19:30, 20:30, 21:30, 22:30, 23:30, 00:30, 01:30, 02:30, 03:30]
2025-10-16 13:00:21 INFO  c.e.s.f.s.i.JpaShiftAdapter - 📊 hourlyActual = [0, 0, 0, 0, 68, 0, 0, 0, 0, 0, 0, 0, 0, 0, 0, 0, 0, 0, 0, 0]
2025-10-16 13:00:21 DEBUG c.e.s.f.s.i.ShiftSettingsApplier - ✅ Настройки не изменились, смена актуальна: 2025-10-16
2025-10-16 13:00:21 INFO  c.e.s.f.c.a.StoppageReconcilesService - Reconciled date=2025-10-16, hourIndex=4 -> saved 2 auto-stoppage(s)
2025-10-16 13:00:32 INFO  c.e.s.f.s.a.web.SignalController - 📡 Сигнал получен: сенсор = main, дата смены = 2025-10-15
2025-10-16 13:00:32 INFO  c.e.s.f.s.a.e.ProductDetectedListener - [EVENT] Product detected at 2025-10-16T13:00:32.062463600
2025-10-16 13:00:32 INFO  c.e.s.f.s.i.JpaShiftAdapter - 🧪 Читаем shift из БД: 2025-10-16
2025-10-16 13:00:32 INFO  c.e.s.f.s.i.JpaShiftAdapter - ⏱ hourlyLabels = [08:00, 09:00, 10:00, 11:00, 12:30, 13:30, 14:30, 15:30, 16:30, 17:30, 18:30, 19:30, 20:30, 21:30, 22:30, 23:30, 00:30, 01:30, 02:30, 03:30]
2025-10-16 13:00:32 INFO  c.e.s.f.s.i.JpaShiftAdapter - 📊 hourlyActual = [0, 0, 0, 0, 68, 0, 0, 0, 0, 0, 0, 0, 0, 0, 0, 0, 0, 0, 0, 0]
2025-10-16 13:00:32 DEBUG c.e.s.f.s.i.ShiftSettingsApplier - ✅ Настройки не изменились, смена актуальна: 2025-10-16
2025-10-16 13:00:32 INFO  c.e.s.f.s.i.ShiftSettingsApplier - 🔧 Обновлены часы смены: [08:00, 09:00, 10:00, 11:00, 12:30, 13:30, 14:30, 15:30, 16:30, 17:30, 18:30, 19:30, 20:30, 21:30, 22:30, 23:30, 00:30, 01:30, 02:30, 03:30]
2025-10-16 13:00:32 INFO  c.e.s.f.s.i.ShiftSettingsApplier - 📊 Применяем планы: [360, 480, 480, 480, 480, 480, 480, 480, 480, 480, 480, 480, 480, 480, 480, 480, 480, 480, 480, 360]
2025-10-16 13:00:32 INFO  c.e.s.f.s.i.JpaShiftAdapter - 📋 Сохраняем смену: date = 2025-10-16, labels = [08:00, 09:00, 10:00, 11:00, 12:30, 13:30, 14:30, 15:30, 16:30, 17:30, 18:30, 19:30, 20:30, 21:30, 22:30, 23:30, 00:30, 01:30, 02:30, 03:30], plan = [360, 480, 480, 480, 480, 480, 480, 480, 480, 480, 480, 480, 480, 480, 480, 480, 480, 480, 480, 360], actual = [0, 0, 0, 0, 69, 0, 0, 0, 0, 0, 0, 0, 0, 0, 0, 0, 0, 0, 0, 0]
2025-10-16 13:00:32 INFO  c.e.s.f.s.i.JpaShiftAdapter - 💾 Сохраняем actual: [0, 0, 0, 0, 69, 0, 0, 0, 0, 0, 0, 0, 0, 0, 0, 0, 0, 0, 0, 0]
2025-10-16 13:00:32 INFO  c.e.s.f.s.a.ShiftPlannerUseCase - 💾 Смена сохранена: 2025-10-16
2025-10-16 13:00:32 INFO  c.e.s.f.s.i.JpaShiftAdapter - 🧪 Читаем shift из БД: 2025-10-16
2025-10-16 13:00:32 INFO  c.e.s.f.s.i.JpaShiftAdapter - ⏱ hourlyLabels = [08:00, 09:00, 10:00, 11:00, 12:30, 13:30, 14:30, 15:30, 16:30, 17:30, 18:30, 19:30, 20:30, 21:30, 22:30, 23:30, 00:30, 01:30, 02:30, 03:30]
2025-10-16 13:00:32 INFO  c.e.s.f.s.i.JpaShiftAdapter - 📊 hourlyActual = [0, 0, 0, 0, 69, 0, 0, 0, 0, 0, 0, 0, 0, 0, 0, 0, 0, 0, 0, 0]
2025-10-16 13:00:32 INFO  c.e.s.f.s.a.e.ShiftUpdatedListener - 📤 Отправлен ShiftView в /topic/shift-updates: ShiftView[date=2025-10-16, actual=[0, 0, 0, 0, 69, 0, 0, 0, 0, 0, 0, 0, 0, 0, 0, 0, 0, 0, 0, 0], plan=[360, 480, 480, 480, 480, 480, 480, 480, 480, 480, 480, 480, 480, 480, 480, 480, 480, 480, 480, 360], hours=[08:00, 09:00, 10:00, 11:00, 12:30, 13:30, 14:30, 15:30, 16:30, 17:30, 18:30, 19:30, 20:30, 21:30, 22:30, 23:30, 00:30, 01:30, 02:30, 03:30]]
2025-10-16 13:00:32 INFO  c.e.s.f.s.i.JpaShiftAdapter - 🧪 Читаем shift из БД: 2025-10-16
2025-10-16 13:00:32 INFO  c.e.s.f.s.i.JpaShiftAdapter - ⏱ hourlyLabels = [08:00, 09:00, 10:00, 11:00, 12:30, 13:30, 14:30, 15:30, 16:30, 17:30, 18:30, 19:30, 20:30, 21:30, 22:30, 23:30, 00:30, 01:30, 02:30, 03:30]
2025-10-16 13:00:32 INFO  c.e.s.f.s.i.JpaShiftAdapter - 📊 hourlyActual = [0, 0, 0, 0, 69, 0, 0, 0, 0, 0, 0, 0, 0, 0, 0, 0, 0, 0, 0, 0]
2025-10-16 13:00:32 DEBUG c.e.s.f.s.i.ShiftSettingsApplier - ✅ Настройки не изменились, смена актуальна: 2025-10-16
2025-10-16 13:00:32 INFO  c.e.s.f.c.a.StoppageReconcilesService - Reconciled date=2025-10-16, hourIndex=4 -> saved 2 auto-stoppage(s)
2025-10-16 13:00:42 INFO  c.e.s.f.s.a.web.SignalController - 📡 Сигнал получен: сенсор = main, дата смены = 2025-10-15
2025-10-16 13:00:42 INFO  c.e.s.f.s.a.e.ProductDetectedListener - [EVENT] Product detected at 2025-10-16T13:00:42.285047600
2025-10-16 13:00:42 INFO  c.e.s.f.s.i.JpaShiftAdapter - 🧪 Читаем shift из БД: 2025-10-16
2025-10-16 13:00:42 INFO  c.e.s.f.s.i.JpaShiftAdapter - ⏱ hourlyLabels = [08:00, 09:00, 10:00, 11:00, 12:30, 13:30, 14:30, 15:30, 16:30, 17:30, 18:30, 19:30, 20:30, 21:30, 22:30, 23:30, 00:30, 01:30, 02:30, 03:30]
2025-10-16 13:00:42 INFO  c.e.s.f.s.i.JpaShiftAdapter - 📊 hourlyActual = [0, 0, 0, 0, 69, 0, 0, 0, 0, 0, 0, 0, 0, 0, 0, 0, 0, 0, 0, 0]
2025-10-16 13:00:42 DEBUG c.e.s.f.s.i.ShiftSettingsApplier - ✅ Настройки не изменились, смена актуальна: 2025-10-16
2025-10-16 13:00:42 INFO  c.e.s.f.s.i.ShiftSettingsApplier - 🔧 Обновлены часы смены: [08:00, 09:00, 10:00, 11:00, 12:30, 13:30, 14:30, 15:30, 16:30, 17:30, 18:30, 19:30, 20:30, 21:30, 22:30, 23:30, 00:30, 01:30, 02:30, 03:30]
2025-10-16 13:00:42 INFO  c.e.s.f.s.i.ShiftSettingsApplier - 📊 Применяем планы: [360, 480, 480, 480, 480, 480, 480, 480, 480, 480, 480, 480, 480, 480, 480, 480, 480, 480, 480, 360]
2025-10-16 13:00:42 INFO  c.e.s.f.s.i.JpaShiftAdapter - 📋 Сохраняем смену: date = 2025-10-16, labels = [08:00, 09:00, 10:00, 11:00, 12:30, 13:30, 14:30, 15:30, 16:30, 17:30, 18:30, 19:30, 20:30, 21:30, 22:30, 23:30, 00:30, 01:30, 02:30, 03:30], plan = [360, 480, 480, 480, 480, 480, 480, 480, 480, 480, 480, 480, 480, 480, 480, 480, 480, 480, 480, 360], actual = [0, 0, 0, 0, 70, 0, 0, 0, 0, 0, 0, 0, 0, 0, 0, 0, 0, 0, 0, 0]
2025-10-16 13:00:42 INFO  c.e.s.f.s.i.JpaShiftAdapter - 💾 Сохраняем actual: [0, 0, 0, 0, 70, 0, 0, 0, 0, 0, 0, 0, 0, 0, 0, 0, 0, 0, 0, 0]
2025-10-16 13:00:42 INFO  c.e.s.f.s.a.ShiftPlannerUseCase - 💾 Смена сохранена: 2025-10-16
2025-10-16 13:00:42 INFO  c.e.s.f.s.i.JpaShiftAdapter - 🧪 Читаем shift из БД: 2025-10-16
2025-10-16 13:00:42 INFO  c.e.s.f.s.i.JpaShiftAdapter - ⏱ hourlyLabels = [08:00, 09:00, 10:00, 11:00, 12:30, 13:30, 14:30, 15:30, 16:30, 17:30, 18:30, 19:30, 20:30, 21:30, 22:30, 23:30, 00:30, 01:30, 02:30, 03:30]
2025-10-16 13:00:42 INFO  c.e.s.f.s.i.JpaShiftAdapter - 📊 hourlyActual = [0, 0, 0, 0, 70, 0, 0, 0, 0, 0, 0, 0, 0, 0, 0, 0, 0, 0, 0, 0]
2025-10-16 13:00:42 INFO  c.e.s.f.s.a.e.ShiftUpdatedListener - 📤 Отправлен ShiftView в /topic/shift-updates: ShiftView[date=2025-10-16, actual=[0, 0, 0, 0, 70, 0, 0, 0, 0, 0, 0, 0, 0, 0, 0, 0, 0, 0, 0, 0], plan=[360, 480, 480, 480, 480, 480, 480, 480, 480, 480, 480, 480, 480, 480, 480, 480, 480, 480, 480, 360], hours=[08:00, 09:00, 10:00, 11:00, 12:30, 13:30, 14:30, 15:30, 16:30, 17:30, 18:30, 19:30, 20:30, 21:30, 22:30, 23:30, 00:30, 01:30, 02:30, 03:30]]
2025-10-16 13:00:42 INFO  c.e.s.f.s.i.JpaShiftAdapter - 🧪 Читаем shift из БД: 2025-10-16
2025-10-16 13:00:42 INFO  c.e.s.f.s.i.JpaShiftAdapter - ⏱ hourlyLabels = [08:00, 09:00, 10:00, 11:00, 12:30, 13:30, 14:30, 15:30, 16:30, 17:30, 18:30, 19:30, 20:30, 21:30, 22:30, 23:30, 00:30, 01:30, 02:30, 03:30]
2025-10-16 13:00:42 INFO  c.e.s.f.s.i.JpaShiftAdapter - 📊 hourlyActual = [0, 0, 0, 0, 70, 0, 0, 0, 0, 0, 0, 0, 0, 0, 0, 0, 0, 0, 0, 0]
2025-10-16 13:00:42 DEBUG c.e.s.f.s.i.ShiftSettingsApplier - ✅ Настройки не изменились, смена актуальна: 2025-10-16
2025-10-16 13:00:42 INFO  c.e.s.f.c.a.StoppageReconcilesService - Reconciled date=2025-10-16, hourIndex=4 -> saved 2 auto-stoppage(s)
2025-10-16 13:00:52 INFO  c.e.s.f.s.a.web.SignalController - 📡 Сигнал получен: сенсор = main, дата смены = 2025-10-15
2025-10-16 13:00:52 INFO  c.e.s.f.s.a.e.ProductDetectedListener - [EVENT] Product detected at 2025-10-16T13:00:52.474200
2025-10-16 13:00:52 INFO  c.e.s.f.s.i.JpaShiftAdapter - 🧪 Читаем shift из БД: 2025-10-16
2025-10-16 13:00:52 INFO  c.e.s.f.s.i.JpaShiftAdapter - ⏱ hourlyLabels = [08:00, 09:00, 10:00, 11:00, 12:30, 13:30, 14:30, 15:30, 16:30, 17:30, 18:30, 19:30, 20:30, 21:30, 22:30, 23:30, 00:30, 01:30, 02:30, 03:30]
2025-10-16 13:00:52 INFO  c.e.s.f.s.i.JpaShiftAdapter - 📊 hourlyActual = [0, 0, 0, 0, 70, 0, 0, 0, 0, 0, 0, 0, 0, 0, 0, 0, 0, 0, 0, 0]
2025-10-16 13:00:52 DEBUG c.e.s.f.s.i.ShiftSettingsApplier - ✅ Настройки не изменились, смена актуальна: 2025-10-16
2025-10-16 13:00:52 INFO  c.e.s.f.s.i.ShiftSettingsApplier - 🔧 Обновлены часы смены: [08:00, 09:00, 10:00, 11:00, 12:30, 13:30, 14:30, 15:30, 16:30, 17:30, 18:30, 19:30, 20:30, 21:30, 22:30, 23:30, 00:30, 01:30, 02:30, 03:30]
2025-10-16 13:00:52 INFO  c.e.s.f.s.i.ShiftSettingsApplier - 📊 Применяем планы: [360, 480, 480, 480, 480, 480, 480, 480, 480, 480, 480, 480, 480, 480, 480, 480, 480, 480, 480, 360]
2025-10-16 13:00:52 INFO  c.e.s.f.s.i.JpaShiftAdapter - 📋 Сохраняем смену: date = 2025-10-16, labels = [08:00, 09:00, 10:00, 11:00, 12:30, 13:30, 14:30, 15:30, 16:30, 17:30, 18:30, 19:30, 20:30, 21:30, 22:30, 23:30, 00:30, 01:30, 02:30, 03:30], plan = [360, 480, 480, 480, 480, 480, 480, 480, 480, 480, 480, 480, 480, 480, 480, 480, 480, 480, 480, 360], actual = [0, 0, 0, 0, 71, 0, 0, 0, 0, 0, 0, 0, 0, 0, 0, 0, 0, 0, 0, 0]
2025-10-16 13:00:52 INFO  c.e.s.f.s.i.JpaShiftAdapter - 💾 Сохраняем actual: [0, 0, 0, 0, 71, 0, 0, 0, 0, 0, 0, 0, 0, 0, 0, 0, 0, 0, 0, 0]
2025-10-16 13:00:52 INFO  c.e.s.f.s.a.ShiftPlannerUseCase - 💾 Смена сохранена: 2025-10-16
2025-10-16 13:00:52 INFO  c.e.s.f.s.i.JpaShiftAdapter - 🧪 Читаем shift из БД: 2025-10-16
2025-10-16 13:00:52 INFO  c.e.s.f.s.i.JpaShiftAdapter - ⏱ hourlyLabels = [08:00, 09:00, 10:00, 11:00, 12:30, 13:30, 14:30, 15:30, 16:30, 17:30, 18:30, 19:30, 20:30, 21:30, 22:30, 23:30, 00:30, 01:30, 02:30, 03:30]
2025-10-16 13:00:52 INFO  c.e.s.f.s.i.JpaShiftAdapter - 📊 hourlyActual = [0, 0, 0, 0, 71, 0, 0, 0, 0, 0, 0, 0, 0, 0, 0, 0, 0, 0, 0, 0]
2025-10-16 13:00:52 INFO  c.e.s.f.s.a.e.ShiftUpdatedListener - 📤 Отправлен ShiftView в /topic/shift-updates: ShiftView[date=2025-10-16, actual=[0, 0, 0, 0, 71, 0, 0, 0, 0, 0, 0, 0, 0, 0, 0, 0, 0, 0, 0, 0], plan=[360, 480, 480, 480, 480, 480, 480, 480, 480, 480, 480, 480, 480, 480, 480, 480, 480, 480, 480, 360], hours=[08:00, 09:00, 10:00, 11:00, 12:30, 13:30, 14:30, 15:30, 16:30, 17:30, 18:30, 19:30, 20:30, 21:30, 22:30, 23:30, 00:30, 01:30, 02:30, 03:30]]
2025-10-16 13:00:52 INFO  c.e.s.f.s.i.JpaShiftAdapter - 🧪 Читаем shift из БД: 2025-10-16
2025-10-16 13:00:52 INFO  c.e.s.f.s.i.JpaShiftAdapter - ⏱ hourlyLabels = [08:00, 09:00, 10:00, 11:00, 12:30, 13:30, 14:30, 15:30, 16:30, 17:30, 18:30, 19:30, 20:30, 21:30, 22:30, 23:30, 00:30, 01:30, 02:30, 03:30]
2025-10-16 13:00:52 INFO  c.e.s.f.s.i.JpaShiftAdapter - 📊 hourlyActual = [0, 0, 0, 0, 71, 0, 0, 0, 0, 0, 0, 0, 0, 0, 0, 0, 0, 0, 0, 0]
2025-10-16 13:00:52 DEBUG c.e.s.f.s.i.ShiftSettingsApplier - ✅ Настройки не изменились, смена актуальна: 2025-10-16
2025-10-16 13:00:52 INFO  c.e.s.f.c.a.StoppageReconcilesService - Reconciled date=2025-10-16, hourIndex=4 -> saved 2 auto-stoppage(s)
2025-10-16 13:01:02 INFO  c.e.s.f.s.a.web.SignalController - 📡 Сигнал получен: сенсор = main, дата смены = 2025-10-15
2025-10-16 13:01:02 INFO  c.e.s.f.s.a.e.ProductDetectedListener - [EVENT] Product detected at 2025-10-16T13:01:02.863906100
2025-10-16 13:01:02 INFO  c.e.s.f.s.i.JpaShiftAdapter - 🧪 Читаем shift из БД: 2025-10-16
2025-10-16 13:01:02 INFO  c.e.s.f.s.i.JpaShiftAdapter - ⏱ hourlyLabels = [08:00, 09:00, 10:00, 11:00, 12:30, 13:30, 14:30, 15:30, 16:30, 17:30, 18:30, 19:30, 20:30, 21:30, 22:30, 23:30, 00:30, 01:30, 02:30, 03:30]
2025-10-16 13:01:02 INFO  c.e.s.f.s.i.JpaShiftAdapter - 📊 hourlyActual = [0, 0, 0, 0, 71, 0, 0, 0, 0, 0, 0, 0, 0, 0, 0, 0, 0, 0, 0, 0]
2025-10-16 13:01:02 DEBUG c.e.s.f.s.i.ShiftSettingsApplier - ✅ Настройки не изменились, смена актуальна: 2025-10-16
2025-10-16 13:01:02 INFO  c.e.s.f.s.i.ShiftSettingsApplier - 🔧 Обновлены часы смены: [08:00, 09:00, 10:00, 11:00, 12:30, 13:30, 14:30, 15:30, 16:30, 17:30, 18:30, 19:30, 20:30, 21:30, 22:30, 23:30, 00:30, 01:30, 02:30, 03:30]
2025-10-16 13:01:02 INFO  c.e.s.f.s.i.ShiftSettingsApplier - 📊 Применяем планы: [360, 480, 480, 480, 480, 480, 480, 480, 480, 480, 480, 480, 480, 480, 480, 480, 480, 480, 480, 360]
2025-10-16 13:01:02 INFO  c.e.s.f.s.i.JpaShiftAdapter - 📋 Сохраняем смену: date = 2025-10-16, labels = [08:00, 09:00, 10:00, 11:00, 12:30, 13:30, 14:30, 15:30, 16:30, 17:30, 18:30, 19:30, 20:30, 21:30, 22:30, 23:30, 00:30, 01:30, 02:30, 03:30], plan = [360, 480, 480, 480, 480, 480, 480, 480, 480, 480, 480, 480, 480, 480, 480, 480, 480, 480, 480, 360], actual = [0, 0, 0, 0, 72, 0, 0, 0, 0, 0, 0, 0, 0, 0, 0, 0, 0, 0, 0, 0]
2025-10-16 13:01:02 INFO  c.e.s.f.s.i.JpaShiftAdapter - 💾 Сохраняем actual: [0, 0, 0, 0, 72, 0, 0, 0, 0, 0, 0, 0, 0, 0, 0, 0, 0, 0, 0, 0]
2025-10-16 13:01:02 INFO  c.e.s.f.s.a.ShiftPlannerUseCase - 💾 Смена сохранена: 2025-10-16
2025-10-16 13:01:02 INFO  c.e.s.f.s.i.JpaShiftAdapter - 🧪 Читаем shift из БД: 2025-10-16
2025-10-16 13:01:02 INFO  c.e.s.f.s.i.JpaShiftAdapter - ⏱ hourlyLabels = [08:00, 09:00, 10:00, 11:00, 12:30, 13:30, 14:30, 15:30, 16:30, 17:30, 18:30, 19:30, 20:30, 21:30, 22:30, 23:30, 00:30, 01:30, 02:30, 03:30]
2025-10-16 13:01:02 INFO  c.e.s.f.s.i.JpaShiftAdapter - 📊 hourlyActual = [0, 0, 0, 0, 72, 0, 0, 0, 0, 0, 0, 0, 0, 0, 0, 0, 0, 0, 0, 0]
2025-10-16 13:01:02 INFO  c.e.s.f.s.a.e.ShiftUpdatedListener - 📤 Отправлен ShiftView в /topic/shift-updates: ShiftView[date=2025-10-16, actual=[0, 0, 0, 0, 72, 0, 0, 0, 0, 0, 0, 0, 0, 0, 0, 0, 0, 0, 0, 0], plan=[360, 480, 480, 480, 480, 480, 480, 480, 480, 480, 480, 480, 480, 480, 480, 480, 480, 480, 480, 360], hours=[08:00, 09:00, 10:00, 11:00, 12:30, 13:30, 14:30, 15:30, 16:30, 17:30, 18:30, 19:30, 20:30, 21:30, 22:30, 23:30, 00:30, 01:30, 02:30, 03:30]]
2025-10-16 13:01:02 INFO  c.e.s.f.s.i.JpaShiftAdapter - 🧪 Читаем shift из БД: 2025-10-16
2025-10-16 13:01:02 INFO  c.e.s.f.s.i.JpaShiftAdapter - ⏱ hourlyLabels = [08:00, 09:00, 10:00, 11:00, 12:30, 13:30, 14:30, 15:30, 16:30, 17:30, 18:30, 19:30, 20:30, 21:30, 22:30, 23:30, 00:30, 01:30, 02:30, 03:30]
2025-10-16 13:01:02 INFO  c.e.s.f.s.i.JpaShiftAdapter - 📊 hourlyActual = [0, 0, 0, 0, 72, 0, 0, 0, 0, 0, 0, 0, 0, 0, 0, 0, 0, 0, 0, 0]
2025-10-16 13:01:02 DEBUG c.e.s.f.s.i.ShiftSettingsApplier - ✅ Настройки не изменились, смена актуальна: 2025-10-16
2025-10-16 13:01:03 INFO  c.e.s.f.c.a.StoppageReconcilesService - Reconciled date=2025-10-16, hourIndex=4 -> saved 2 auto-stoppage(s)
2025-10-16 13:01:13 INFO  c.e.s.f.s.a.web.SignalController - 📡 Сигнал получен: сенсор = main, дата смены = 2025-10-15
2025-10-16 13:01:13 INFO  c.e.s.f.s.a.e.ProductDetectedListener - [EVENT] Product detected at 2025-10-16T13:01:13.068473500
2025-10-16 13:01:13 INFO  c.e.s.f.s.i.JpaShiftAdapter - 🧪 Читаем shift из БД: 2025-10-16
2025-10-16 13:01:13 INFO  c.e.s.f.s.i.JpaShiftAdapter - ⏱ hourlyLabels = [08:00, 09:00, 10:00, 11:00, 12:30, 13:30, 14:30, 15:30, 16:30, 17:30, 18:30, 19:30, 20:30, 21:30, 22:30, 23:30, 00:30, 01:30, 02:30, 03:30]
2025-10-16 13:01:13 INFO  c.e.s.f.s.i.JpaShiftAdapter - 📊 hourlyActual = [0, 0, 0, 0, 72, 0, 0, 0, 0, 0, 0, 0, 0, 0, 0, 0, 0, 0, 0, 0]
2025-10-16 13:01:13 DEBUG c.e.s.f.s.i.ShiftSettingsApplier - ✅ Настройки не изменились, смена актуальна: 2025-10-16
2025-10-16 13:01:13 INFO  c.e.s.f.s.i.ShiftSettingsApplier - 🔧 Обновлены часы смены: [08:00, 09:00, 10:00, 11:00, 12:30, 13:30, 14:30, 15:30, 16:30, 17:30, 18:30, 19:30, 20:30, 21:30, 22:30, 23:30, 00:30, 01:30, 02:30, 03:30]
2025-10-16 13:01:13 INFO  c.e.s.f.s.i.ShiftSettingsApplier - 📊 Применяем планы: [360, 480, 480, 480, 480, 480, 480, 480, 480, 480, 480, 480, 480, 480, 480, 480, 480, 480, 480, 360]
2025-10-16 13:01:13 INFO  c.e.s.f.s.i.JpaShiftAdapter - 📋 Сохраняем смену: date = 2025-10-16, labels = [08:00, 09:00, 10:00, 11:00, 12:30, 13:30, 14:30, 15:30, 16:30, 17:30, 18:30, 19:30, 20:30, 21:30, 22:30, 23:30, 00:30, 01:30, 02:30, 03:30], plan = [360, 480, 480, 480, 480, 480, 480, 480, 480, 480, 480, 480, 480, 480, 480, 480, 480, 480, 480, 360], actual = [0, 0, 0, 0, 73, 0, 0, 0, 0, 0, 0, 0, 0, 0, 0, 0, 0, 0, 0, 0]
2025-10-16 13:01:13 INFO  c.e.s.f.s.i.JpaShiftAdapter - 💾 Сохраняем actual: [0, 0, 0, 0, 73, 0, 0, 0, 0, 0, 0, 0, 0, 0, 0, 0, 0, 0, 0, 0]
2025-10-16 13:01:13 INFO  c.e.s.f.s.a.ShiftPlannerUseCase - 💾 Смена сохранена: 2025-10-16
2025-10-16 13:01:13 INFO  c.e.s.f.s.i.JpaShiftAdapter - 🧪 Читаем shift из БД: 2025-10-16
2025-10-16 13:01:13 INFO  c.e.s.f.s.i.JpaShiftAdapter - ⏱ hourlyLabels = [08:00, 09:00, 10:00, 11:00, 12:30, 13:30, 14:30, 15:30, 16:30, 17:30, 18:30, 19:30, 20:30, 21:30, 22:30, 23:30, 00:30, 01:30, 02:30, 03:30]
2025-10-16 13:01:13 INFO  c.e.s.f.s.i.JpaShiftAdapter - 📊 hourlyActual = [0, 0, 0, 0, 73, 0, 0, 0, 0, 0, 0, 0, 0, 0, 0, 0, 0, 0, 0, 0]
2025-10-16 13:01:13 INFO  c.e.s.f.s.a.e.ShiftUpdatedListener - 📤 Отправлен ShiftView в /topic/shift-updates: ShiftView[date=2025-10-16, actual=[0, 0, 0, 0, 73, 0, 0, 0, 0, 0, 0, 0, 0, 0, 0, 0, 0, 0, 0, 0], plan=[360, 480, 480, 480, 480, 480, 480, 480, 480, 480, 480, 480, 480, 480, 480, 480, 480, 480, 480, 360], hours=[08:00, 09:00, 10:00, 11:00, 12:30, 13:30, 14:30, 15:30, 16:30, 17:30, 18:30, 19:30, 20:30, 21:30, 22:30, 23:30, 00:30, 01:30, 02:30, 03:30]]
2025-10-16 13:01:13 INFO  c.e.s.f.s.i.JpaShiftAdapter - 🧪 Читаем shift из БД: 2025-10-16
2025-10-16 13:01:13 INFO  c.e.s.f.s.i.JpaShiftAdapter - ⏱ hourlyLabels = [08:00, 09:00, 10:00, 11:00, 12:30, 13:30, 14:30, 15:30, 16:30, 17:30, 18:30, 19:30, 20:30, 21:30, 22:30, 23:30, 00:30, 01:30, 02:30, 03:30]
2025-10-16 13:01:13 INFO  c.e.s.f.s.i.JpaShiftAdapter - 📊 hourlyActual = [0, 0, 0, 0, 73, 0, 0, 0, 0, 0, 0, 0, 0, 0, 0, 0, 0, 0, 0, 0]
2025-10-16 13:01:13 DEBUG c.e.s.f.s.i.ShiftSettingsApplier - ✅ Настройки не изменились, смена актуальна: 2025-10-16
2025-10-16 13:01:13 INFO  c.e.s.f.c.a.StoppageReconcilesService - Reconciled date=2025-10-16, hourIndex=4 -> saved 2 auto-stoppage(s)
2025-10-16 13:01:23 INFO  c.e.s.f.s.a.web.SignalController - 📡 Сигнал получен: сенсор = main, дата смены = 2025-10-15
2025-10-16 13:01:23 INFO  c.e.s.f.s.a.e.ProductDetectedListener - [EVENT] Product detected at 2025-10-16T13:01:23.327027600
2025-10-16 13:01:23 INFO  c.e.s.f.s.i.JpaShiftAdapter - 🧪 Читаем shift из БД: 2025-10-16
2025-10-16 13:01:23 INFO  c.e.s.f.s.i.JpaShiftAdapter - ⏱ hourlyLabels = [08:00, 09:00, 10:00, 11:00, 12:30, 13:30, 14:30, 15:30, 16:30, 17:30, 18:30, 19:30, 20:30, 21:30, 22:30, 23:30, 00:30, 01:30, 02:30, 03:30]
2025-10-16 13:01:23 INFO  c.e.s.f.s.i.JpaShiftAdapter - 📊 hourlyActual = [0, 0, 0, 0, 73, 0, 0, 0, 0, 0, 0, 0, 0, 0, 0, 0, 0, 0, 0, 0]
2025-10-16 13:01:23 DEBUG c.e.s.f.s.i.ShiftSettingsApplier - ✅ Настройки не изменились, смена актуальна: 2025-10-16
2025-10-16 13:01:23 INFO  c.e.s.f.s.i.ShiftSettingsApplier - 🔧 Обновлены часы смены: [08:00, 09:00, 10:00, 11:00, 12:30, 13:30, 14:30, 15:30, 16:30, 17:30, 18:30, 19:30, 20:30, 21:30, 22:30, 23:30, 00:30, 01:30, 02:30, 03:30]
2025-10-16 13:01:23 INFO  c.e.s.f.s.i.ShiftSettingsApplier - 📊 Применяем планы: [360, 480, 480, 480, 480, 480, 480, 480, 480, 480, 480, 480, 480, 480, 480, 480, 480, 480, 480, 360]
2025-10-16 13:01:23 INFO  c.e.s.f.s.i.JpaShiftAdapter - 📋 Сохраняем смену: date = 2025-10-16, labels = [08:00, 09:00, 10:00, 11:00, 12:30, 13:30, 14:30, 15:30, 16:30, 17:30, 18:30, 19:30, 20:30, 21:30, 22:30, 23:30, 00:30, 01:30, 02:30, 03:30], plan = [360, 480, 480, 480, 480, 480, 480, 480, 480, 480, 480, 480, 480, 480, 480, 480, 480, 480, 480, 360], actual = [0, 0, 0, 0, 74, 0, 0, 0, 0, 0, 0, 0, 0, 0, 0, 0, 0, 0, 0, 0]
2025-10-16 13:01:23 INFO  c.e.s.f.s.i.JpaShiftAdapter - 💾 Сохраняем actual: [0, 0, 0, 0, 74, 0, 0, 0, 0, 0, 0, 0, 0, 0, 0, 0, 0, 0, 0, 0]
2025-10-16 13:01:23 INFO  c.e.s.f.s.a.ShiftPlannerUseCase - 💾 Смена сохранена: 2025-10-16
2025-10-16 13:01:23 INFO  c.e.s.f.s.i.JpaShiftAdapter - 🧪 Читаем shift из БД: 2025-10-16
2025-10-16 13:01:23 INFO  c.e.s.f.s.i.JpaShiftAdapter - ⏱ hourlyLabels = [08:00, 09:00, 10:00, 11:00, 12:30, 13:30, 14:30, 15:30, 16:30, 17:30, 18:30, 19:30, 20:30, 21:30, 22:30, 23:30, 00:30, 01:30, 02:30, 03:30]
2025-10-16 13:01:23 INFO  c.e.s.f.s.i.JpaShiftAdapter - 📊 hourlyActual = [0, 0, 0, 0, 74, 0, 0, 0, 0, 0, 0, 0, 0, 0, 0, 0, 0, 0, 0, 0]
2025-10-16 13:01:23 INFO  c.e.s.f.s.a.e.ShiftUpdatedListener - 📤 Отправлен ShiftView в /topic/shift-updates: ShiftView[date=2025-10-16, actual=[0, 0, 0, 0, 74, 0, 0, 0, 0, 0, 0, 0, 0, 0, 0, 0, 0, 0, 0, 0], plan=[360, 480, 480, 480, 480, 480, 480, 480, 480, 480, 480, 480, 480, 480, 480, 480, 480, 480, 480, 360], hours=[08:00, 09:00, 10:00, 11:00, 12:30, 13:30, 14:30, 15:30, 16:30, 17:30, 18:30, 19:30, 20:30, 21:30, 22:30, 23:30, 00:30, 01:30, 02:30, 03:30]]
2025-10-16 13:01:23 INFO  c.e.s.f.s.i.JpaShiftAdapter - 🧪 Читаем shift из БД: 2025-10-16
2025-10-16 13:01:23 INFO  c.e.s.f.s.i.JpaShiftAdapter - ⏱ hourlyLabels = [08:00, 09:00, 10:00, 11:00, 12:30, 13:30, 14:30, 15:30, 16:30, 17:30, 18:30, 19:30, 20:30, 21:30, 22:30, 23:30, 00:30, 01:30, 02:30, 03:30]
2025-10-16 13:01:23 INFO  c.e.s.f.s.i.JpaShiftAdapter - 📊 hourlyActual = [0, 0, 0, 0, 74, 0, 0, 0, 0, 0, 0, 0, 0, 0, 0, 0, 0, 0, 0, 0]
2025-10-16 13:01:23 DEBUG c.e.s.f.s.i.ShiftSettingsApplier - ✅ Настройки не изменились, смена актуальна: 2025-10-16
2025-10-16 13:01:23 INFO  c.e.s.f.c.a.StoppageReconcilesService - Reconciled date=2025-10-16, hourIndex=4 -> saved 2 auto-stoppage(s)
2025-10-16 13:01:33 INFO  c.e.s.f.s.a.web.SignalController - 📡 Сигнал получен: сенсор = main, дата смены = 2025-10-15
2025-10-16 13:01:33 INFO  c.e.s.f.s.a.e.ProductDetectedListener - [EVENT] Product detected at 2025-10-16T13:01:33.762273800
2025-10-16 13:01:33 INFO  c.e.s.f.s.i.JpaShiftAdapter - 🧪 Читаем shift из БД: 2025-10-16
2025-10-16 13:01:33 INFO  c.e.s.f.s.i.JpaShiftAdapter - ⏱ hourlyLabels = [08:00, 09:00, 10:00, 11:00, 12:30, 13:30, 14:30, 15:30, 16:30, 17:30, 18:30, 19:30, 20:30, 21:30, 22:30, 23:30, 00:30, 01:30, 02:30, 03:30]
2025-10-16 13:01:33 INFO  c.e.s.f.s.i.JpaShiftAdapter - 📊 hourlyActual = [0, 0, 0, 0, 74, 0, 0, 0, 0, 0, 0, 0, 0, 0, 0, 0, 0, 0, 0, 0]
2025-10-16 13:01:33 DEBUG c.e.s.f.s.i.ShiftSettingsApplier - ✅ Настройки не изменились, смена актуальна: 2025-10-16
2025-10-16 13:01:33 INFO  c.e.s.f.s.i.ShiftSettingsApplier - 🔧 Обновлены часы смены: [08:00, 09:00, 10:00, 11:00, 12:30, 13:30, 14:30, 15:30, 16:30, 17:30, 18:30, 19:30, 20:30, 21:30, 22:30, 23:30, 00:30, 01:30, 02:30, 03:30]
2025-10-16 13:01:33 INFO  c.e.s.f.s.i.ShiftSettingsApplier - 📊 Применяем планы: [360, 480, 480, 480, 480, 480, 480, 480, 480, 480, 480, 480, 480, 480, 480, 480, 480, 480, 480, 360]
2025-10-16 13:01:33 INFO  c.e.s.f.s.i.JpaShiftAdapter - 📋 Сохраняем смену: date = 2025-10-16, labels = [08:00, 09:00, 10:00, 11:00, 12:30, 13:30, 14:30, 15:30, 16:30, 17:30, 18:30, 19:30, 20:30, 21:30, 22:30, 23:30, 00:30, 01:30, 02:30, 03:30], plan = [360, 480, 480, 480, 480, 480, 480, 480, 480, 480, 480, 480, 480, 480, 480, 480, 480, 480, 480, 360], actual = [0, 0, 0, 0, 75, 0, 0, 0, 0, 0, 0, 0, 0, 0, 0, 0, 0, 0, 0, 0]
2025-10-16 13:01:33 INFO  c.e.s.f.s.i.JpaShiftAdapter - 💾 Сохраняем actual: [0, 0, 0, 0, 75, 0, 0, 0, 0, 0, 0, 0, 0, 0, 0, 0, 0, 0, 0, 0]
2025-10-16 13:01:33 INFO  c.e.s.f.s.a.ShiftPlannerUseCase - 💾 Смена сохранена: 2025-10-16
2025-10-16 13:01:33 INFO  c.e.s.f.s.i.JpaShiftAdapter - 🧪 Читаем shift из БД: 2025-10-16
2025-10-16 13:01:33 INFO  c.e.s.f.s.i.JpaShiftAdapter - ⏱ hourlyLabels = [08:00, 09:00, 10:00, 11:00, 12:30, 13:30, 14:30, 15:30, 16:30, 17:30, 18:30, 19:30, 20:30, 21:30, 22:30, 23:30, 00:30, 01:30, 02:30, 03:30]
2025-10-16 13:01:33 INFO  c.e.s.f.s.i.JpaShiftAdapter - 📊 hourlyActual = [0, 0, 0, 0, 75, 0, 0, 0, 0, 0, 0, 0, 0, 0, 0, 0, 0, 0, 0, 0]
2025-10-16 13:01:33 INFO  c.e.s.f.s.a.e.ShiftUpdatedListener - 📤 Отправлен ShiftView в /topic/shift-updates: ShiftView[date=2025-10-16, actual=[0, 0, 0, 0, 75, 0, 0, 0, 0, 0, 0, 0, 0, 0, 0, 0, 0, 0, 0, 0], plan=[360, 480, 480, 480, 480, 480, 480, 480, 480, 480, 480, 480, 480, 480, 480, 480, 480, 480, 480, 360], hours=[08:00, 09:00, 10:00, 11:00, 12:30, 13:30, 14:30, 15:30, 16:30, 17:30, 18:30, 19:30, 20:30, 21:30, 22:30, 23:30, 00:30, 01:30, 02:30, 03:30]]
2025-10-16 13:01:33 INFO  c.e.s.f.s.i.JpaShiftAdapter - 🧪 Читаем shift из БД: 2025-10-16
2025-10-16 13:01:33 INFO  c.e.s.f.s.i.JpaShiftAdapter - ⏱ hourlyLabels = [08:00, 09:00, 10:00, 11:00, 12:30, 13:30, 14:30, 15:30, 16:30, 17:30, 18:30, 19:30, 20:30, 21:30, 22:30, 23:30, 00:30, 01:30, 02:30, 03:30]
2025-10-16 13:01:33 INFO  c.e.s.f.s.i.JpaShiftAdapter - 📊 hourlyActual = [0, 0, 0, 0, 75, 0, 0, 0, 0, 0, 0, 0, 0, 0, 0, 0, 0, 0, 0, 0]
2025-10-16 13:01:33 DEBUG c.e.s.f.s.i.ShiftSettingsApplier - ✅ Настройки не изменились, смена актуальна: 2025-10-16
2025-10-16 13:01:33 INFO  c.e.s.f.c.a.StoppageReconcilesService - Reconciled date=2025-10-16, hourIndex=4 -> saved 2 auto-stoppage(s)
2025-10-16 13:01:44 INFO  c.e.s.f.s.a.web.SignalController - 📡 Сигнал получен: сенсор = main, дата смены = 2025-10-15
2025-10-16 13:01:44 INFO  c.e.s.f.s.a.e.ProductDetectedListener - [EVENT] Product detected at 2025-10-16T13:01:44.028018100
2025-10-16 13:01:44 INFO  c.e.s.f.s.i.JpaShiftAdapter - 🧪 Читаем shift из БД: 2025-10-16
2025-10-16 13:01:44 INFO  c.e.s.f.s.i.JpaShiftAdapter - ⏱ hourlyLabels = [08:00, 09:00, 10:00, 11:00, 12:30, 13:30, 14:30, 15:30, 16:30, 17:30, 18:30, 19:30, 20:30, 21:30, 22:30, 23:30, 00:30, 01:30, 02:30, 03:30]
2025-10-16 13:01:44 INFO  c.e.s.f.s.i.JpaShiftAdapter - 📊 hourlyActual = [0, 0, 0, 0, 75, 0, 0, 0, 0, 0, 0, 0, 0, 0, 0, 0, 0, 0, 0, 0]
2025-10-16 13:01:44 DEBUG c.e.s.f.s.i.ShiftSettingsApplier - ✅ Настройки не изменились, смена актуальна: 2025-10-16
2025-10-16 13:01:44 INFO  c.e.s.f.s.i.ShiftSettingsApplier - 🔧 Обновлены часы смены: [08:00, 09:00, 10:00, 11:00, 12:30, 13:30, 14:30, 15:30, 16:30, 17:30, 18:30, 19:30, 20:30, 21:30, 22:30, 23:30, 00:30, 01:30, 02:30, 03:30]
2025-10-16 13:01:44 INFO  c.e.s.f.s.i.ShiftSettingsApplier - 📊 Применяем планы: [360, 480, 480, 480, 480, 480, 480, 480, 480, 480, 480, 480, 480, 480, 480, 480, 480, 480, 480, 360]
2025-10-16 13:01:44 INFO  c.e.s.f.s.i.JpaShiftAdapter - 📋 Сохраняем смену: date = 2025-10-16, labels = [08:00, 09:00, 10:00, 11:00, 12:30, 13:30, 14:30, 15:30, 16:30, 17:30, 18:30, 19:30, 20:30, 21:30, 22:30, 23:30, 00:30, 01:30, 02:30, 03:30], plan = [360, 480, 480, 480, 480, 480, 480, 480, 480, 480, 480, 480, 480, 480, 480, 480, 480, 480, 480, 360], actual = [0, 0, 0, 0, 76, 0, 0, 0, 0, 0, 0, 0, 0, 0, 0, 0, 0, 0, 0, 0]
2025-10-16 13:01:44 INFO  c.e.s.f.s.i.JpaShiftAdapter - 💾 Сохраняем actual: [0, 0, 0, 0, 76, 0, 0, 0, 0, 0, 0, 0, 0, 0, 0, 0, 0, 0, 0, 0]
2025-10-16 13:01:44 INFO  c.e.s.f.s.a.ShiftPlannerUseCase - 💾 Смена сохранена: 2025-10-16
2025-10-16 13:01:44 INFO  c.e.s.f.s.i.JpaShiftAdapter - 🧪 Читаем shift из БД: 2025-10-16
2025-10-16 13:01:44 INFO  c.e.s.f.s.i.JpaShiftAdapter - ⏱ hourlyLabels = [08:00, 09:00, 10:00, 11:00, 12:30, 13:30, 14:30, 15:30, 16:30, 17:30, 18:30, 19:30, 20:30, 21:30, 22:30, 23:30, 00:30, 01:30, 02:30, 03:30]
2025-10-16 13:01:44 INFO  c.e.s.f.s.i.JpaShiftAdapter - 📊 hourlyActual = [0, 0, 0, 0, 76, 0, 0, 0, 0, 0, 0, 0, 0, 0, 0, 0, 0, 0, 0, 0]
2025-10-16 13:01:44 INFO  c.e.s.f.s.a.e.ShiftUpdatedListener - 📤 Отправлен ShiftView в /topic/shift-updates: ShiftView[date=2025-10-16, actual=[0, 0, 0, 0, 76, 0, 0, 0, 0, 0, 0, 0, 0, 0, 0, 0, 0, 0, 0, 0], plan=[360, 480, 480, 480, 480, 480, 480, 480, 480, 480, 480, 480, 480, 480, 480, 480, 480, 480, 480, 360], hours=[08:00, 09:00, 10:00, 11:00, 12:30, 13:30, 14:30, 15:30, 16:30, 17:30, 18:30, 19:30, 20:30, 21:30, 22:30, 23:30, 00:30, 01:30, 02:30, 03:30]]
2025-10-16 13:01:44 INFO  c.e.s.f.s.i.JpaShiftAdapter - 🧪 Читаем shift из БД: 2025-10-16
2025-10-16 13:01:44 INFO  c.e.s.f.s.i.JpaShiftAdapter - ⏱ hourlyLabels = [08:00, 09:00, 10:00, 11:00, 12:30, 13:30, 14:30, 15:30, 16:30, 17:30, 18:30, 19:30, 20:30, 21:30, 22:30, 23:30, 00:30, 01:30, 02:30, 03:30]
2025-10-16 13:01:44 INFO  c.e.s.f.s.i.JpaShiftAdapter - 📊 hourlyActual = [0, 0, 0, 0, 76, 0, 0, 0, 0, 0, 0, 0, 0, 0, 0, 0, 0, 0, 0, 0]
2025-10-16 13:01:44 DEBUG c.e.s.f.s.i.ShiftSettingsApplier - ✅ Настройки не изменились, смена актуальна: 2025-10-16
2025-10-16 13:01:44 INFO  c.e.s.f.c.a.StoppageReconcilesService - Reconciled date=2025-10-16, hourIndex=4 -> saved 2 auto-stoppage(s)
2025-10-16 13:01:54 INFO  c.e.s.f.s.a.web.SignalController - 📡 Сигнал получен: сенсор = main, дата смены = 2025-10-15
2025-10-16 13:01:54 INFO  c.e.s.f.s.a.e.ProductDetectedListener - [EVENT] Product detected at 2025-10-16T13:01:54.217824
2025-10-16 13:01:54 INFO  c.e.s.f.s.i.JpaShiftAdapter - 🧪 Читаем shift из БД: 2025-10-16
2025-10-16 13:01:54 INFO  c.e.s.f.s.i.JpaShiftAdapter - ⏱ hourlyLabels = [08:00, 09:00, 10:00, 11:00, 12:30, 13:30, 14:30, 15:30, 16:30, 17:30, 18:30, 19:30, 20:30, 21:30, 22:30, 23:30, 00:30, 01:30, 02:30, 03:30]
2025-10-16 13:01:54 INFO  c.e.s.f.s.i.JpaShiftAdapter - 📊 hourlyActual = [0, 0, 0, 0, 76, 0, 0, 0, 0, 0, 0, 0, 0, 0, 0, 0, 0, 0, 0, 0]
2025-10-16 13:01:54 DEBUG c.e.s.f.s.i.ShiftSettingsApplier - ✅ Настройки не изменились, смена актуальна: 2025-10-16
2025-10-16 13:01:54 INFO  c.e.s.f.s.i.ShiftSettingsApplier - 🔧 Обновлены часы смены: [08:00, 09:00, 10:00, 11:00, 12:30, 13:30, 14:30, 15:30, 16:30, 17:30, 18:30, 19:30, 20:30, 21:30, 22:30, 23:30, 00:30, 01:30, 02:30, 03:30]
2025-10-16 13:01:54 INFO  c.e.s.f.s.i.ShiftSettingsApplier - 📊 Применяем планы: [360, 480, 480, 480, 480, 480, 480, 480, 480, 480, 480, 480, 480, 480, 480, 480, 480, 480, 480, 360]
2025-10-16 13:01:54 INFO  c.e.s.f.s.i.JpaShiftAdapter - 📋 Сохраняем смену: date = 2025-10-16, labels = [08:00, 09:00, 10:00, 11:00, 12:30, 13:30, 14:30, 15:30, 16:30, 17:30, 18:30, 19:30, 20:30, 21:30, 22:30, 23:30, 00:30, 01:30, 02:30, 03:30], plan = [360, 480, 480, 480, 480, 480, 480, 480, 480, 480, 480, 480, 480, 480, 480, 480, 480, 480, 480, 360], actual = [0, 0, 0, 0, 77, 0, 0, 0, 0, 0, 0, 0, 0, 0, 0, 0, 0, 0, 0, 0]
2025-10-16 13:01:54 INFO  c.e.s.f.s.i.JpaShiftAdapter - 💾 Сохраняем actual: [0, 0, 0, 0, 77, 0, 0, 0, 0, 0, 0, 0, 0, 0, 0, 0, 0, 0, 0, 0]
2025-10-16 13:01:54 INFO  c.e.s.f.s.a.ShiftPlannerUseCase - 💾 Смена сохранена: 2025-10-16
2025-10-16 13:01:54 INFO  c.e.s.f.s.i.JpaShiftAdapter - 🧪 Читаем shift из БД: 2025-10-16
2025-10-16 13:01:54 INFO  c.e.s.f.s.i.JpaShiftAdapter - ⏱ hourlyLabels = [08:00, 09:00, 10:00, 11:00, 12:30, 13:30, 14:30, 15:30, 16:30, 17:30, 18:30, 19:30, 20:30, 21:30, 22:30, 23:30, 00:30, 01:30, 02:30, 03:30]
2025-10-16 13:01:54 INFO  c.e.s.f.s.i.JpaShiftAdapter - 📊 hourlyActual = [0, 0, 0, 0, 77, 0, 0, 0, 0, 0, 0, 0, 0, 0, 0, 0, 0, 0, 0, 0]
2025-10-16 13:01:54 INFO  c.e.s.f.s.a.e.ShiftUpdatedListener - 📤 Отправлен ShiftView в /topic/shift-updates: ShiftView[date=2025-10-16, actual=[0, 0, 0, 0, 77, 0, 0, 0, 0, 0, 0, 0, 0, 0, 0, 0, 0, 0, 0, 0], plan=[360, 480, 480, 480, 480, 480, 480, 480, 480, 480, 480, 480, 480, 480, 480, 480, 480, 480, 480, 360], hours=[08:00, 09:00, 10:00, 11:00, 12:30, 13:30, 14:30, 15:30, 16:30, 17:30, 18:30, 19:30, 20:30, 21:30, 22:30, 23:30, 00:30, 01:30, 02:30, 03:30]]
2025-10-16 13:01:54 INFO  c.e.s.f.s.i.JpaShiftAdapter - 🧪 Читаем shift из БД: 2025-10-16
2025-10-16 13:01:54 INFO  c.e.s.f.s.i.JpaShiftAdapter - ⏱ hourlyLabels = [08:00, 09:00, 10:00, 11:00, 12:30, 13:30, 14:30, 15:30, 16:30, 17:30, 18:30, 19:30, 20:30, 21:30, 22:30, 23:30, 00:30, 01:30, 02:30, 03:30]
2025-10-16 13:01:54 INFO  c.e.s.f.s.i.JpaShiftAdapter - 📊 hourlyActual = [0, 0, 0, 0, 77, 0, 0, 0, 0, 0, 0, 0, 0, 0, 0, 0, 0, 0, 0, 0]
2025-10-16 13:01:54 DEBUG c.e.s.f.s.i.ShiftSettingsApplier - ✅ Настройки не изменились, смена актуальна: 2025-10-16
2025-10-16 13:01:54 INFO  c.e.s.f.c.a.StoppageReconcilesService - Reconciled date=2025-10-16, hourIndex=4 -> saved 2 auto-stoppage(s)
2025-10-16 13:02:04 INFO  c.e.s.f.s.a.web.SignalController - 📡 Сигнал получен: сенсор = main, дата смены = 2025-10-15
2025-10-16 13:02:04 INFO  c.e.s.f.s.a.e.ProductDetectedListener - [EVENT] Product detected at 2025-10-16T13:02:04.516117500
2025-10-16 13:02:04 INFO  c.e.s.f.s.i.JpaShiftAdapter - 🧪 Читаем shift из БД: 2025-10-16
2025-10-16 13:02:04 INFO  c.e.s.f.s.i.JpaShiftAdapter - ⏱ hourlyLabels = [08:00, 09:00, 10:00, 11:00, 12:30, 13:30, 14:30, 15:30, 16:30, 17:30, 18:30, 19:30, 20:30, 21:30, 22:30, 23:30, 00:30, 01:30, 02:30, 03:30]
2025-10-16 13:02:04 INFO  c.e.s.f.s.i.JpaShiftAdapter - 📊 hourlyActual = [0, 0, 0, 0, 77, 0, 0, 0, 0, 0, 0, 0, 0, 0, 0, 0, 0, 0, 0, 0]
2025-10-16 13:02:04 DEBUG c.e.s.f.s.i.ShiftSettingsApplier - ✅ Настройки не изменились, смена актуальна: 2025-10-16
2025-10-16 13:02:04 INFO  c.e.s.f.s.i.ShiftSettingsApplier - 🔧 Обновлены часы смены: [08:00, 09:00, 10:00, 11:00, 12:30, 13:30, 14:30, 15:30, 16:30, 17:30, 18:30, 19:30, 20:30, 21:30, 22:30, 23:30, 00:30, 01:30, 02:30, 03:30]
2025-10-16 13:02:04 INFO  c.e.s.f.s.i.ShiftSettingsApplier - 📊 Применяем планы: [360, 480, 480, 480, 480, 480, 480, 480, 480, 480, 480, 480, 480, 480, 480, 480, 480, 480, 480, 360]
2025-10-16 13:02:04 INFO  c.e.s.f.s.i.JpaShiftAdapter - 📋 Сохраняем смену: date = 2025-10-16, labels = [08:00, 09:00, 10:00, 11:00, 12:30, 13:30, 14:30, 15:30, 16:30, 17:30, 18:30, 19:30, 20:30, 21:30, 22:30, 23:30, 00:30, 01:30, 02:30, 03:30], plan = [360, 480, 480, 480, 480, 480, 480, 480, 480, 480, 480, 480, 480, 480, 480, 480, 480, 480, 480, 360], actual = [0, 0, 0, 0, 78, 0, 0, 0, 0, 0, 0, 0, 0, 0, 0, 0, 0, 0, 0, 0]
2025-10-16 13:02:04 INFO  c.e.s.f.s.i.JpaShiftAdapter - 💾 Сохраняем actual: [0, 0, 0, 0, 78, 0, 0, 0, 0, 0, 0, 0, 0, 0, 0, 0, 0, 0, 0, 0]
2025-10-16 13:02:04 INFO  c.e.s.f.s.a.ShiftPlannerUseCase - 💾 Смена сохранена: 2025-10-16
2025-10-16 13:02:04 INFO  c.e.s.f.s.i.JpaShiftAdapter - 🧪 Читаем shift из БД: 2025-10-16
2025-10-16 13:02:04 INFO  c.e.s.f.s.i.JpaShiftAdapter - ⏱ hourlyLabels = [08:00, 09:00, 10:00, 11:00, 12:30, 13:30, 14:30, 15:30, 16:30, 17:30, 18:30, 19:30, 20:30, 21:30, 22:30, 23:30, 00:30, 01:30, 02:30, 03:30]
2025-10-16 13:02:04 INFO  c.e.s.f.s.i.JpaShiftAdapter - 📊 hourlyActual = [0, 0, 0, 0, 78, 0, 0, 0, 0, 0, 0, 0, 0, 0, 0, 0, 0, 0, 0, 0]
2025-10-16 13:02:04 INFO  c.e.s.f.s.a.e.ShiftUpdatedListener - 📤 Отправлен ShiftView в /topic/shift-updates: ShiftView[date=2025-10-16, actual=[0, 0, 0, 0, 78, 0, 0, 0, 0, 0, 0, 0, 0, 0, 0, 0, 0, 0, 0, 0], plan=[360, 480, 480, 480, 480, 480, 480, 480, 480, 480, 480, 480, 480, 480, 480, 480, 480, 480, 480, 360], hours=[08:00, 09:00, 10:00, 11:00, 12:30, 13:30, 14:30, 15:30, 16:30, 17:30, 18:30, 19:30, 20:30, 21:30, 22:30, 23:30, 00:30, 01:30, 02:30, 03:30]]
2025-10-16 13:02:04 INFO  c.e.s.f.s.i.JpaShiftAdapter - 🧪 Читаем shift из БД: 2025-10-16
2025-10-16 13:02:04 INFO  c.e.s.f.s.i.JpaShiftAdapter - ⏱ hourlyLabels = [08:00, 09:00, 10:00, 11:00, 12:30, 13:30, 14:30, 15:30, 16:30, 17:30, 18:30, 19:30, 20:30, 21:30, 22:30, 23:30, 00:30, 01:30, 02:30, 03:30]
2025-10-16 13:02:04 INFO  c.e.s.f.s.i.JpaShiftAdapter - 📊 hourlyActual = [0, 0, 0, 0, 78, 0, 0, 0, 0, 0, 0, 0, 0, 0, 0, 0, 0, 0, 0, 0]
2025-10-16 13:02:04 DEBUG c.e.s.f.s.i.ShiftSettingsApplier - ✅ Настройки не изменились, смена актуальна: 2025-10-16
2025-10-16 13:02:04 INFO  c.e.s.f.c.a.StoppageReconcilesService - Reconciled date=2025-10-16, hourIndex=4 -> saved 2 auto-stoppage(s)
2025-10-16 13:02:14 INFO  c.e.s.f.s.a.web.SignalController - 📡 Сигнал получен: сенсор = main, дата смены = 2025-10-15
2025-10-16 13:02:14 INFO  c.e.s.f.s.a.e.ProductDetectedListener - [EVENT] Product detected at 2025-10-16T13:02:14.700727200
2025-10-16 13:02:14 INFO  c.e.s.f.s.i.JpaShiftAdapter - 🧪 Читаем shift из БД: 2025-10-16
2025-10-16 13:02:14 INFO  c.e.s.f.s.i.JpaShiftAdapter - ⏱ hourlyLabels = [08:00, 09:00, 10:00, 11:00, 12:30, 13:30, 14:30, 15:30, 16:30, 17:30, 18:30, 19:30, 20:30, 21:30, 22:30, 23:30, 00:30, 01:30, 02:30, 03:30]
2025-10-16 13:02:14 INFO  c.e.s.f.s.i.JpaShiftAdapter - 📊 hourlyActual = [0, 0, 0, 0, 78, 0, 0, 0, 0, 0, 0, 0, 0, 0, 0, 0, 0, 0, 0, 0]
2025-10-16 13:02:14 DEBUG c.e.s.f.s.i.ShiftSettingsApplier - ✅ Настройки не изменились, смена актуальна: 2025-10-16
2025-10-16 13:02:14 INFO  c.e.s.f.s.i.ShiftSettingsApplier - 🔧 Обновлены часы смены: [08:00, 09:00, 10:00, 11:00, 12:30, 13:30, 14:30, 15:30, 16:30, 17:30, 18:30, 19:30, 20:30, 21:30, 22:30, 23:30, 00:30, 01:30, 02:30, 03:30]
2025-10-16 13:02:14 INFO  c.e.s.f.s.i.ShiftSettingsApplier - 📊 Применяем планы: [360, 480, 480, 480, 480, 480, 480, 480, 480, 480, 480, 480, 480, 480, 480, 480, 480, 480, 480, 360]
2025-10-16 13:02:14 INFO  c.e.s.f.s.i.JpaShiftAdapter - 📋 Сохраняем смену: date = 2025-10-16, labels = [08:00, 09:00, 10:00, 11:00, 12:30, 13:30, 14:30, 15:30, 16:30, 17:30, 18:30, 19:30, 20:30, 21:30, 22:30, 23:30, 00:30, 01:30, 02:30, 03:30], plan = [360, 480, 480, 480, 480, 480, 480, 480, 480, 480, 480, 480, 480, 480, 480, 480, 480, 480, 480, 360], actual = [0, 0, 0, 0, 79, 0, 0, 0, 0, 0, 0, 0, 0, 0, 0, 0, 0, 0, 0, 0]
2025-10-16 13:02:14 INFO  c.e.s.f.s.i.JpaShiftAdapter - 💾 Сохраняем actual: [0, 0, 0, 0, 79, 0, 0, 0, 0, 0, 0, 0, 0, 0, 0, 0, 0, 0, 0, 0]
2025-10-16 13:02:14 INFO  c.e.s.f.s.a.ShiftPlannerUseCase - 💾 Смена сохранена: 2025-10-16
2025-10-16 13:02:14 INFO  c.e.s.f.s.i.JpaShiftAdapter - 🧪 Читаем shift из БД: 2025-10-16
2025-10-16 13:02:14 INFO  c.e.s.f.s.i.JpaShiftAdapter - ⏱ hourlyLabels = [08:00, 09:00, 10:00, 11:00, 12:30, 13:30, 14:30, 15:30, 16:30, 17:30, 18:30, 19:30, 20:30, 21:30, 22:30, 23:30, 00:30, 01:30, 02:30, 03:30]
2025-10-16 13:02:14 INFO  c.e.s.f.s.i.JpaShiftAdapter - 📊 hourlyActual = [0, 0, 0, 0, 79, 0, 0, 0, 0, 0, 0, 0, 0, 0, 0, 0, 0, 0, 0, 0]
2025-10-16 13:02:14 INFO  c.e.s.f.s.a.e.ShiftUpdatedListener - 📤 Отправлен ShiftView в /topic/shift-updates: ShiftView[date=2025-10-16, actual=[0, 0, 0, 0, 79, 0, 0, 0, 0, 0, 0, 0, 0, 0, 0, 0, 0, 0, 0, 0], plan=[360, 480, 480, 480, 480, 480, 480, 480, 480, 480, 480, 480, 480, 480, 480, 480, 480, 480, 480, 360], hours=[08:00, 09:00, 10:00, 11:00, 12:30, 13:30, 14:30, 15:30, 16:30, 17:30, 18:30, 19:30, 20:30, 21:30, 22:30, 23:30, 00:30, 01:30, 02:30, 03:30]]
2025-10-16 13:02:14 INFO  c.e.s.f.s.i.JpaShiftAdapter - 🧪 Читаем shift из БД: 2025-10-16
2025-10-16 13:02:14 INFO  c.e.s.f.s.i.JpaShiftAdapter - ⏱ hourlyLabels = [08:00, 09:00, 10:00, 11:00, 12:30, 13:30, 14:30, 15:30, 16:30, 17:30, 18:30, 19:30, 20:30, 21:30, 22:30, 23:30, 00:30, 01:30, 02:30, 03:30]
2025-10-16 13:02:14 INFO  c.e.s.f.s.i.JpaShiftAdapter - 📊 hourlyActual = [0, 0, 0, 0, 79, 0, 0, 0, 0, 0, 0, 0, 0, 0, 0, 0, 0, 0, 0, 0]
2025-10-16 13:02:14 DEBUG c.e.s.f.s.i.ShiftSettingsApplier - ✅ Настройки не изменились, смена актуальна: 2025-10-16
2025-10-16 13:02:14 INFO  c.e.s.f.c.a.StoppageReconcilesService - Reconciled date=2025-10-16, hourIndex=4 -> saved 2 auto-stoppage(s)
2025-10-16 13:02:25 INFO  c.e.s.f.s.a.web.SignalController - 📡 Сигнал получен: сенсор = main, дата смены = 2025-10-15
2025-10-16 13:02:25 INFO  c.e.s.f.s.a.e.ProductDetectedListener - [EVENT] Product detected at 2025-10-16T13:02:25.178943200
2025-10-16 13:02:25 INFO  c.e.s.f.s.i.JpaShiftAdapter - 🧪 Читаем shift из БД: 2025-10-16
2025-10-16 13:02:25 INFO  c.e.s.f.s.i.JpaShiftAdapter - ⏱ hourlyLabels = [08:00, 09:00, 10:00, 11:00, 12:30, 13:30, 14:30, 15:30, 16:30, 17:30, 18:30, 19:30, 20:30, 21:30, 22:30, 23:30, 00:30, 01:30, 02:30, 03:30]
2025-10-16 13:02:25 INFO  c.e.s.f.s.i.JpaShiftAdapter - 📊 hourlyActual = [0, 0, 0, 0, 79, 0, 0, 0, 0, 0, 0, 0, 0, 0, 0, 0, 0, 0, 0, 0]
2025-10-16 13:02:25 DEBUG c.e.s.f.s.i.ShiftSettingsApplier - ✅ Настройки не изменились, смена актуальна: 2025-10-16
2025-10-16 13:02:25 INFO  c.e.s.f.s.i.ShiftSettingsApplier - 🔧 Обновлены часы смены: [08:00, 09:00, 10:00, 11:00, 12:30, 13:30, 14:30, 15:30, 16:30, 17:30, 18:30, 19:30, 20:30, 21:30, 22:30, 23:30, 00:30, 01:30, 02:30, 03:30]
2025-10-16 13:02:25 INFO  c.e.s.f.s.i.ShiftSettingsApplier - 📊 Применяем планы: [360, 480, 480, 480, 480, 480, 480, 480, 480, 480, 480, 480, 480, 480, 480, 480, 480, 480, 480, 360]
2025-10-16 13:02:25 INFO  c.e.s.f.s.i.JpaShiftAdapter - 📋 Сохраняем смену: date = 2025-10-16, labels = [08:00, 09:00, 10:00, 11:00, 12:30, 13:30, 14:30, 15:30, 16:30, 17:30, 18:30, 19:30, 20:30, 21:30, 22:30, 23:30, 00:30, 01:30, 02:30, 03:30], plan = [360, 480, 480, 480, 480, 480, 480, 480, 480, 480, 480, 480, 480, 480, 480, 480, 480, 480, 480, 360], actual = [0, 0, 0, 0, 80, 0, 0, 0, 0, 0, 0, 0, 0, 0, 0, 0, 0, 0, 0, 0]
2025-10-16 13:02:25 INFO  c.e.s.f.s.i.JpaShiftAdapter - 💾 Сохраняем actual: [0, 0, 0, 0, 80, 0, 0, 0, 0, 0, 0, 0, 0, 0, 0, 0, 0, 0, 0, 0]
2025-10-16 13:02:25 INFO  c.e.s.f.s.a.ShiftPlannerUseCase - 💾 Смена сохранена: 2025-10-16
2025-10-16 13:02:25 INFO  c.e.s.f.s.i.JpaShiftAdapter - 🧪 Читаем shift из БД: 2025-10-16
2025-10-16 13:02:25 INFO  c.e.s.f.s.i.JpaShiftAdapter - ⏱ hourlyLabels = [08:00, 09:00, 10:00, 11:00, 12:30, 13:30, 14:30, 15:30, 16:30, 17:30, 18:30, 19:30, 20:30, 21:30, 22:30, 23:30, 00:30, 01:30, 02:30, 03:30]
2025-10-16 13:02:25 INFO  c.e.s.f.s.i.JpaShiftAdapter - 📊 hourlyActual = [0, 0, 0, 0, 80, 0, 0, 0, 0, 0, 0, 0, 0, 0, 0, 0, 0, 0, 0, 0]
2025-10-16 13:02:25 INFO  c.e.s.f.s.a.e.ShiftUpdatedListener - 📤 Отправлен ShiftView в /topic/shift-updates: ShiftView[date=2025-10-16, actual=[0, 0, 0, 0, 80, 0, 0, 0, 0, 0, 0, 0, 0, 0, 0, 0, 0, 0, 0, 0], plan=[360, 480, 480, 480, 480, 480, 480, 480, 480, 480, 480, 480, 480, 480, 480, 480, 480, 480, 480, 360], hours=[08:00, 09:00, 10:00, 11:00, 12:30, 13:30, 14:30, 15:30, 16:30, 17:30, 18:30, 19:30, 20:30, 21:30, 22:30, 23:30, 00:30, 01:30, 02:30, 03:30]]
2025-10-16 13:02:25 INFO  c.e.s.f.s.i.JpaShiftAdapter - 🧪 Читаем shift из БД: 2025-10-16
2025-10-16 13:02:25 INFO  c.e.s.f.s.i.JpaShiftAdapter - ⏱ hourlyLabels = [08:00, 09:00, 10:00, 11:00, 12:30, 13:30, 14:30, 15:30, 16:30, 17:30, 18:30, 19:30, 20:30, 21:30, 22:30, 23:30, 00:30, 01:30, 02:30, 03:30]
2025-10-16 13:02:25 INFO  c.e.s.f.s.i.JpaShiftAdapter - 📊 hourlyActual = [0, 0, 0, 0, 80, 0, 0, 0, 0, 0, 0, 0, 0, 0, 0, 0, 0, 0, 0, 0]
2025-10-16 13:02:25 DEBUG c.e.s.f.s.i.ShiftSettingsApplier - ✅ Настройки не изменились, смена актуальна: 2025-10-16
2025-10-16 13:02:25 INFO  c.e.s.f.c.a.StoppageReconcilesService - Reconciled date=2025-10-16, hourIndex=4 -> saved 2 auto-stoppage(s)
2025-10-16 13:02:35 INFO  c.e.s.f.s.a.web.SignalController - 📡 Сигнал получен: сенсор = main, дата смены = 2025-10-15
2025-10-16 13:02:35 INFO  c.e.s.f.s.a.e.ProductDetectedListener - [EVENT] Product detected at 2025-10-16T13:02:35.958053900
2025-10-16 13:02:36 INFO  c.e.s.f.s.i.JpaShiftAdapter - 🧪 Читаем shift из БД: 2025-10-16
2025-10-16 13:02:36 INFO  c.e.s.f.s.i.JpaShiftAdapter - ⏱ hourlyLabels = [08:00, 09:00, 10:00, 11:00, 12:30, 13:30, 14:30, 15:30, 16:30, 17:30, 18:30, 19:30, 20:30, 21:30, 22:30, 23:30, 00:30, 01:30, 02:30, 03:30]
2025-10-16 13:02:36 INFO  c.e.s.f.s.i.JpaShiftAdapter - 📊 hourlyActual = [0, 0, 0, 0, 80, 0, 0, 0, 0, 0, 0, 0, 0, 0, 0, 0, 0, 0, 0, 0]
2025-10-16 13:02:36 DEBUG c.e.s.f.s.i.ShiftSettingsApplier - ✅ Настройки не изменились, смена актуальна: 2025-10-16
2025-10-16 13:02:36 INFO  c.e.s.f.s.i.ShiftSettingsApplier - 🔧 Обновлены часы смены: [08:00, 09:00, 10:00, 11:00, 12:30, 13:30, 14:30, 15:30, 16:30, 17:30, 18:30, 19:30, 20:30, 21:30, 22:30, 23:30, 00:30, 01:30, 02:30, 03:30]
2025-10-16 13:02:36 INFO  c.e.s.f.s.i.ShiftSettingsApplier - 📊 Применяем планы: [360, 480, 480, 480, 480, 480, 480, 480, 480, 480, 480, 480, 480, 480, 480, 480, 480, 480, 480, 360]
2025-10-16 13:02:36 INFO  c.e.s.f.s.i.JpaShiftAdapter - 📋 Сохраняем смену: date = 2025-10-16, labels = [08:00, 09:00, 10:00, 11:00, 12:30, 13:30, 14:30, 15:30, 16:30, 17:30, 18:30, 19:30, 20:30, 21:30, 22:30, 23:30, 00:30, 01:30, 02:30, 03:30], plan = [360, 480, 480, 480, 480, 480, 480, 480, 480, 480, 480, 480, 480, 480, 480, 480, 480, 480, 480, 360], actual = [0, 0, 0, 0, 81, 0, 0, 0, 0, 0, 0, 0, 0, 0, 0, 0, 0, 0, 0, 0]
2025-10-16 13:02:36 INFO  c.e.s.f.s.i.JpaShiftAdapter - 💾 Сохраняем actual: [0, 0, 0, 0, 81, 0, 0, 0, 0, 0, 0, 0, 0, 0, 0, 0, 0, 0, 0, 0]
2025-10-16 13:02:36 INFO  c.e.s.f.s.a.ShiftPlannerUseCase - 💾 Смена сохранена: 2025-10-16
2025-10-16 13:02:36 INFO  c.e.s.f.s.i.JpaShiftAdapter - 🧪 Читаем shift из БД: 2025-10-16
2025-10-16 13:02:36 INFO  c.e.s.f.s.i.JpaShiftAdapter - ⏱ hourlyLabels = [08:00, 09:00, 10:00, 11:00, 12:30, 13:30, 14:30, 15:30, 16:30, 17:30, 18:30, 19:30, 20:30, 21:30, 22:30, 23:30, 00:30, 01:30, 02:30, 03:30]
2025-10-16 13:02:36 INFO  c.e.s.f.s.i.JpaShiftAdapter - 📊 hourlyActual = [0, 0, 0, 0, 81, 0, 0, 0, 0, 0, 0, 0, 0, 0, 0, 0, 0, 0, 0, 0]
2025-10-16 13:02:36 INFO  c.e.s.f.s.a.e.ShiftUpdatedListener - 📤 Отправлен ShiftView в /topic/shift-updates: ShiftView[date=2025-10-16, actual=[0, 0, 0, 0, 81, 0, 0, 0, 0, 0, 0, 0, 0, 0, 0, 0, 0, 0, 0, 0], plan=[360, 480, 480, 480, 480, 480, 480, 480, 480, 480, 480, 480, 480, 480, 480, 480, 480, 480, 480, 360], hours=[08:00, 09:00, 10:00, 11:00, 12:30, 13:30, 14:30, 15:30, 16:30, 17:30, 18:30, 19:30, 20:30, 21:30, 22:30, 23:30, 00:30, 01:30, 02:30, 03:30]]
2025-10-16 13:02:36 INFO  c.e.s.f.s.i.JpaShiftAdapter - 🧪 Читаем shift из БД: 2025-10-16
2025-10-16 13:02:36 INFO  c.e.s.f.s.i.JpaShiftAdapter - ⏱ hourlyLabels = [08:00, 09:00, 10:00, 11:00, 12:30, 13:30, 14:30, 15:30, 16:30, 17:30, 18:30, 19:30, 20:30, 21:30, 22:30, 23:30, 00:30, 01:30, 02:30, 03:30]
2025-10-16 13:02:36 INFO  c.e.s.f.s.i.JpaShiftAdapter - 📊 hourlyActual = [0, 0, 0, 0, 81, 0, 0, 0, 0, 0, 0, 0, 0, 0, 0, 0, 0, 0, 0, 0]
2025-10-16 13:02:36 DEBUG c.e.s.f.s.i.ShiftSettingsApplier - ✅ Настройки не изменились, смена актуальна: 2025-10-16
2025-10-16 13:02:36 INFO  c.e.s.f.c.a.StoppageReconcilesService - Reconciled date=2025-10-16, hourIndex=4 -> saved 2 auto-stoppage(s)
2025-10-16 13:02:46 INFO  c.e.s.f.s.a.web.SignalController - 📡 Сигнал получен: сенсор = main, дата смены = 2025-10-15
2025-10-16 13:02:46 INFO  c.e.s.f.s.a.e.ProductDetectedListener - [EVENT] Product detected at 2025-10-16T13:02:46.149642200
2025-10-16 13:02:46 INFO  c.e.s.f.s.i.JpaShiftAdapter - 🧪 Читаем shift из БД: 2025-10-16
2025-10-16 13:02:46 INFO  c.e.s.f.s.i.JpaShiftAdapter - ⏱ hourlyLabels = [08:00, 09:00, 10:00, 11:00, 12:30, 13:30, 14:30, 15:30, 16:30, 17:30, 18:30, 19:30, 20:30, 21:30, 22:30, 23:30, 00:30, 01:30, 02:30, 03:30]
2025-10-16 13:02:46 INFO  c.e.s.f.s.i.JpaShiftAdapter - 📊 hourlyActual = [0, 0, 0, 0, 81, 0, 0, 0, 0, 0, 0, 0, 0, 0, 0, 0, 0, 0, 0, 0]
2025-10-16 13:02:46 DEBUG c.e.s.f.s.i.ShiftSettingsApplier - ✅ Настройки не изменились, смена актуальна: 2025-10-16
2025-10-16 13:02:46 INFO  c.e.s.f.s.i.ShiftSettingsApplier - 🔧 Обновлены часы смены: [08:00, 09:00, 10:00, 11:00, 12:30, 13:30, 14:30, 15:30, 16:30, 17:30, 18:30, 19:30, 20:30, 21:30, 22:30, 23:30, 00:30, 01:30, 02:30, 03:30]
2025-10-16 13:02:46 INFO  c.e.s.f.s.i.ShiftSettingsApplier - 📊 Применяем планы: [360, 480, 480, 480, 480, 480, 480, 480, 480, 480, 480, 480, 480, 480, 480, 480, 480, 480, 480, 360]
2025-10-16 13:02:46 INFO  c.e.s.f.s.i.JpaShiftAdapter - 📋 Сохраняем смену: date = 2025-10-16, labels = [08:00, 09:00, 10:00, 11:00, 12:30, 13:30, 14:30, 15:30, 16:30, 17:30, 18:30, 19:30, 20:30, 21:30, 22:30, 23:30, 00:30, 01:30, 02:30, 03:30], plan = [360, 480, 480, 480, 480, 480, 480, 480, 480, 480, 480, 480, 480, 480, 480, 480, 480, 480, 480, 360], actual = [0, 0, 0, 0, 82, 0, 0, 0, 0, 0, 0, 0, 0, 0, 0, 0, 0, 0, 0, 0]
2025-10-16 13:02:46 INFO  c.e.s.f.s.i.JpaShiftAdapter - 💾 Сохраняем actual: [0, 0, 0, 0, 82, 0, 0, 0, 0, 0, 0, 0, 0, 0, 0, 0, 0, 0, 0, 0]
2025-10-16 13:02:46 INFO  c.e.s.f.s.a.ShiftPlannerUseCase - 💾 Смена сохранена: 2025-10-16
2025-10-16 13:02:46 INFO  c.e.s.f.s.i.JpaShiftAdapter - 🧪 Читаем shift из БД: 2025-10-16
2025-10-16 13:02:46 INFO  c.e.s.f.s.i.JpaShiftAdapter - ⏱ hourlyLabels = [08:00, 09:00, 10:00, 11:00, 12:30, 13:30, 14:30, 15:30, 16:30, 17:30, 18:30, 19:30, 20:30, 21:30, 22:30, 23:30, 00:30, 01:30, 02:30, 03:30]
2025-10-16 13:02:46 INFO  c.e.s.f.s.i.JpaShiftAdapter - 📊 hourlyActual = [0, 0, 0, 0, 82, 0, 0, 0, 0, 0, 0, 0, 0, 0, 0, 0, 0, 0, 0, 0]
2025-10-16 13:02:46 INFO  c.e.s.f.s.a.e.ShiftUpdatedListener - 📤 Отправлен ShiftView в /topic/shift-updates: ShiftView[date=2025-10-16, actual=[0, 0, 0, 0, 82, 0, 0, 0, 0, 0, 0, 0, 0, 0, 0, 0, 0, 0, 0, 0], plan=[360, 480, 480, 480, 480, 480, 480, 480, 480, 480, 480, 480, 480, 480, 480, 480, 480, 480, 480, 360], hours=[08:00, 09:00, 10:00, 11:00, 12:30, 13:30, 14:30, 15:30, 16:30, 17:30, 18:30, 19:30, 20:30, 21:30, 22:30, 23:30, 00:30, 01:30, 02:30, 03:30]]
2025-10-16 13:02:46 INFO  c.e.s.f.s.i.JpaShiftAdapter - 🧪 Читаем shift из БД: 2025-10-16
2025-10-16 13:02:46 INFO  c.e.s.f.s.i.JpaShiftAdapter - ⏱ hourlyLabels = [08:00, 09:00, 10:00, 11:00, 12:30, 13:30, 14:30, 15:30, 16:30, 17:30, 18:30, 19:30, 20:30, 21:30, 22:30, 23:30, 00:30, 01:30, 02:30, 03:30]
2025-10-16 13:02:46 INFO  c.e.s.f.s.i.JpaShiftAdapter - 📊 hourlyActual = [0, 0, 0, 0, 82, 0, 0, 0, 0, 0, 0, 0, 0, 0, 0, 0, 0, 0, 0, 0]
2025-10-16 13:02:46 DEBUG c.e.s.f.s.i.ShiftSettingsApplier - ✅ Настройки не изменились, смена актуальна: 2025-10-16
2025-10-16 13:02:46 INFO  c.e.s.f.c.a.StoppageReconcilesService - Reconciled date=2025-10-16, hourIndex=4 -> saved 2 auto-stoppage(s)
2025-10-16 13:02:56 INFO  c.e.s.f.s.a.web.SignalController - 📡 Сигнал получен: сенсор = main, дата смены = 2025-10-15
2025-10-16 13:02:56 INFO  c.e.s.f.s.a.e.ProductDetectedListener - [EVENT] Product detected at 2025-10-16T13:02:56.393198500
2025-10-16 13:02:56 INFO  c.e.s.f.s.i.JpaShiftAdapter - 🧪 Читаем shift из БД: 2025-10-16
2025-10-16 13:02:56 INFO  c.e.s.f.s.i.JpaShiftAdapter - ⏱ hourlyLabels = [08:00, 09:00, 10:00, 11:00, 12:30, 13:30, 14:30, 15:30, 16:30, 17:30, 18:30, 19:30, 20:30, 21:30, 22:30, 23:30, 00:30, 01:30, 02:30, 03:30]
2025-10-16 13:02:56 INFO  c.e.s.f.s.i.JpaShiftAdapter - 📊 hourlyActual = [0, 0, 0, 0, 82, 0, 0, 0, 0, 0, 0, 0, 0, 0, 0, 0, 0, 0, 0, 0]
2025-10-16 13:02:56 DEBUG c.e.s.f.s.i.ShiftSettingsApplier - ✅ Настройки не изменились, смена актуальна: 2025-10-16
2025-10-16 13:02:56 INFO  c.e.s.f.s.i.ShiftSettingsApplier - 🔧 Обновлены часы смены: [08:00, 09:00, 10:00, 11:00, 12:30, 13:30, 14:30, 15:30, 16:30, 17:30, 18:30, 19:30, 20:30, 21:30, 22:30, 23:30, 00:30, 01:30, 02:30, 03:30]
2025-10-16 13:02:56 INFO  c.e.s.f.s.i.ShiftSettingsApplier - 📊 Применяем планы: [360, 480, 480, 480, 480, 480, 480, 480, 480, 480, 480, 480, 480, 480, 480, 480, 480, 480, 480, 360]
2025-10-16 13:02:56 INFO  c.e.s.f.s.i.JpaShiftAdapter - 📋 Сохраняем смену: date = 2025-10-16, labels = [08:00, 09:00, 10:00, 11:00, 12:30, 13:30, 14:30, 15:30, 16:30, 17:30, 18:30, 19:30, 20:30, 21:30, 22:30, 23:30, 00:30, 01:30, 02:30, 03:30], plan = [360, 480, 480, 480, 480, 480, 480, 480, 480, 480, 480, 480, 480, 480, 480, 480, 480, 480, 480, 360], actual = [0, 0, 0, 0, 83, 0, 0, 0, 0, 0, 0, 0, 0, 0, 0, 0, 0, 0, 0, 0]
2025-10-16 13:02:56 INFO  c.e.s.f.s.i.JpaShiftAdapter - 💾 Сохраняем actual: [0, 0, 0, 0, 83, 0, 0, 0, 0, 0, 0, 0, 0, 0, 0, 0, 0, 0, 0, 0]
2025-10-16 13:02:56 INFO  c.e.s.f.s.a.ShiftPlannerUseCase - 💾 Смена сохранена: 2025-10-16
2025-10-16 13:02:56 INFO  c.e.s.f.s.i.JpaShiftAdapter - 🧪 Читаем shift из БД: 2025-10-16
2025-10-16 13:02:56 INFO  c.e.s.f.s.i.JpaShiftAdapter - ⏱ hourlyLabels = [08:00, 09:00, 10:00, 11:00, 12:30, 13:30, 14:30, 15:30, 16:30, 17:30, 18:30, 19:30, 20:30, 21:30, 22:30, 23:30, 00:30, 01:30, 02:30, 03:30]
2025-10-16 13:02:56 INFO  c.e.s.f.s.i.JpaShiftAdapter - 📊 hourlyActual = [0, 0, 0, 0, 83, 0, 0, 0, 0, 0, 0, 0, 0, 0, 0, 0, 0, 0, 0, 0]
2025-10-16 13:02:56 INFO  c.e.s.f.s.a.e.ShiftUpdatedListener - 📤 Отправлен ShiftView в /topic/shift-updates: ShiftView[date=2025-10-16, actual=[0, 0, 0, 0, 83, 0, 0, 0, 0, 0, 0, 0, 0, 0, 0, 0, 0, 0, 0, 0], plan=[360, 480, 480, 480, 480, 480, 480, 480, 480, 480, 480, 480, 480, 480, 480, 480, 480, 480, 480, 360], hours=[08:00, 09:00, 10:00, 11:00, 12:30, 13:30, 14:30, 15:30, 16:30, 17:30, 18:30, 19:30, 20:30, 21:30, 22:30, 23:30, 00:30, 01:30, 02:30, 03:30]]
2025-10-16 13:02:56 INFO  c.e.s.f.s.i.JpaShiftAdapter - 🧪 Читаем shift из БД: 2025-10-16
2025-10-16 13:02:56 INFO  c.e.s.f.s.i.JpaShiftAdapter - ⏱ hourlyLabels = [08:00, 09:00, 10:00, 11:00, 12:30, 13:30, 14:30, 15:30, 16:30, 17:30, 18:30, 19:30, 20:30, 21:30, 22:30, 23:30, 00:30, 01:30, 02:30, 03:30]
2025-10-16 13:02:56 INFO  c.e.s.f.s.i.JpaShiftAdapter - 📊 hourlyActual = [0, 0, 0, 0, 83, 0, 0, 0, 0, 0, 0, 0, 0, 0, 0, 0, 0, 0, 0, 0]
2025-10-16 13:02:56 DEBUG c.e.s.f.s.i.ShiftSettingsApplier - ✅ Настройки не изменились, смена актуальна: 2025-10-16
2025-10-16 13:02:56 INFO  c.e.s.f.c.a.StoppageReconcilesService - Reconciled date=2025-10-16, hourIndex=4 -> saved 2 auto-stoppage(s)
2025-10-16 13:03:06 INFO  c.e.s.f.s.a.web.SignalController - 📡 Сигнал получен: сенсор = main, дата смены = 2025-10-15
2025-10-16 13:03:06 INFO  c.e.s.f.s.a.e.ProductDetectedListener - [EVENT] Product detected at 2025-10-16T13:03:06.737926800
2025-10-16 13:03:06 INFO  c.e.s.f.s.i.JpaShiftAdapter - 🧪 Читаем shift из БД: 2025-10-16
2025-10-16 13:03:06 INFO  c.e.s.f.s.i.JpaShiftAdapter - ⏱ hourlyLabels = [08:00, 09:00, 10:00, 11:00, 12:30, 13:30, 14:30, 15:30, 16:30, 17:30, 18:30, 19:30, 20:30, 21:30, 22:30, 23:30, 00:30, 01:30, 02:30, 03:30]
2025-10-16 13:03:06 INFO  c.e.s.f.s.i.JpaShiftAdapter - 📊 hourlyActual = [0, 0, 0, 0, 83, 0, 0, 0, 0, 0, 0, 0, 0, 0, 0, 0, 0, 0, 0, 0]
2025-10-16 13:03:06 DEBUG c.e.s.f.s.i.ShiftSettingsApplier - ✅ Настройки не изменились, смена актуальна: 2025-10-16
2025-10-16 13:03:06 INFO  c.e.s.f.s.i.ShiftSettingsApplier - 🔧 Обновлены часы смены: [08:00, 09:00, 10:00, 11:00, 12:30, 13:30, 14:30, 15:30, 16:30, 17:30, 18:30, 19:30, 20:30, 21:30, 22:30, 23:30, 00:30, 01:30, 02:30, 03:30]
2025-10-16 13:03:06 INFO  c.e.s.f.s.i.ShiftSettingsApplier - 📊 Применяем планы: [360, 480, 480, 480, 480, 480, 480, 480, 480, 480, 480, 480, 480, 480, 480, 480, 480, 480, 480, 360]
2025-10-16 13:03:06 INFO  c.e.s.f.s.i.JpaShiftAdapter - 📋 Сохраняем смену: date = 2025-10-16, labels = [08:00, 09:00, 10:00, 11:00, 12:30, 13:30, 14:30, 15:30, 16:30, 17:30, 18:30, 19:30, 20:30, 21:30, 22:30, 23:30, 00:30, 01:30, 02:30, 03:30], plan = [360, 480, 480, 480, 480, 480, 480, 480, 480, 480, 480, 480, 480, 480, 480, 480, 480, 480, 480, 360], actual = [0, 0, 0, 0, 84, 0, 0, 0, 0, 0, 0, 0, 0, 0, 0, 0, 0, 0, 0, 0]
2025-10-16 13:03:06 INFO  c.e.s.f.s.i.JpaShiftAdapter - 💾 Сохраняем actual: [0, 0, 0, 0, 84, 0, 0, 0, 0, 0, 0, 0, 0, 0, 0, 0, 0, 0, 0, 0]
2025-10-16 13:03:06 INFO  c.e.s.f.s.a.ShiftPlannerUseCase - 💾 Смена сохранена: 2025-10-16
2025-10-16 13:03:06 INFO  c.e.s.f.s.i.JpaShiftAdapter - 🧪 Читаем shift из БД: 2025-10-16
2025-10-16 13:03:06 INFO  c.e.s.f.s.i.JpaShiftAdapter - ⏱ hourlyLabels = [08:00, 09:00, 10:00, 11:00, 12:30, 13:30, 14:30, 15:30, 16:30, 17:30, 18:30, 19:30, 20:30, 21:30, 22:30, 23:30, 00:30, 01:30, 02:30, 03:30]
2025-10-16 13:03:06 INFO  c.e.s.f.s.i.JpaShiftAdapter - 📊 hourlyActual = [0, 0, 0, 0, 84, 0, 0, 0, 0, 0, 0, 0, 0, 0, 0, 0, 0, 0, 0, 0]
2025-10-16 13:03:06 INFO  c.e.s.f.s.a.e.ShiftUpdatedListener - 📤 Отправлен ShiftView в /topic/shift-updates: ShiftView[date=2025-10-16, actual=[0, 0, 0, 0, 84, 0, 0, 0, 0, 0, 0, 0, 0, 0, 0, 0, 0, 0, 0, 0], plan=[360, 480, 480, 480, 480, 480, 480, 480, 480, 480, 480, 480, 480, 480, 480, 480, 480, 480, 480, 360], hours=[08:00, 09:00, 10:00, 11:00, 12:30, 13:30, 14:30, 15:30, 16:30, 17:30, 18:30, 19:30, 20:30, 21:30, 22:30, 23:30, 00:30, 01:30, 02:30, 03:30]]
2025-10-16 13:03:06 INFO  c.e.s.f.s.i.JpaShiftAdapter - 🧪 Читаем shift из БД: 2025-10-16
2025-10-16 13:03:06 INFO  c.e.s.f.s.i.JpaShiftAdapter - ⏱ hourlyLabels = [08:00, 09:00, 10:00, 11:00, 12:30, 13:30, 14:30, 15:30, 16:30, 17:30, 18:30, 19:30, 20:30, 21:30, 22:30, 23:30, 00:30, 01:30, 02:30, 03:30]
2025-10-16 13:03:06 INFO  c.e.s.f.s.i.JpaShiftAdapter - 📊 hourlyActual = [0, 0, 0, 0, 84, 0, 0, 0, 0, 0, 0, 0, 0, 0, 0, 0, 0, 0, 0, 0]
2025-10-16 13:03:06 DEBUG c.e.s.f.s.i.ShiftSettingsApplier - ✅ Настройки не изменились, смена актуальна: 2025-10-16
2025-10-16 13:03:07 INFO  c.e.s.f.c.a.StoppageReconcilesService - Reconciled date=2025-10-16, hourIndex=4 -> saved 2 auto-stoppage(s)
2025-10-16 13:03:17 INFO  c.e.s.f.s.a.web.SignalController - 📡 Сигнал получен: сенсор = main, дата смены = 2025-10-15
2025-10-16 13:03:17 INFO  c.e.s.f.s.a.e.ProductDetectedListener - [EVENT] Product detected at 2025-10-16T13:03:17.050036600
2025-10-16 13:03:17 INFO  c.e.s.f.s.i.JpaShiftAdapter - 🧪 Читаем shift из БД: 2025-10-16
2025-10-16 13:03:17 INFO  c.e.s.f.s.i.JpaShiftAdapter - ⏱ hourlyLabels = [08:00, 09:00, 10:00, 11:00, 12:30, 13:30, 14:30, 15:30, 16:30, 17:30, 18:30, 19:30, 20:30, 21:30, 22:30, 23:30, 00:30, 01:30, 02:30, 03:30]
2025-10-16 13:03:17 INFO  c.e.s.f.s.i.JpaShiftAdapter - 📊 hourlyActual = [0, 0, 0, 0, 84, 0, 0, 0, 0, 0, 0, 0, 0, 0, 0, 0, 0, 0, 0, 0]
2025-10-16 13:03:17 DEBUG c.e.s.f.s.i.ShiftSettingsApplier - ✅ Настройки не изменились, смена актуальна: 2025-10-16
2025-10-16 13:03:17 INFO  c.e.s.f.s.i.ShiftSettingsApplier - 🔧 Обновлены часы смены: [08:00, 09:00, 10:00, 11:00, 12:30, 13:30, 14:30, 15:30, 16:30, 17:30, 18:30, 19:30, 20:30, 21:30, 22:30, 23:30, 00:30, 01:30, 02:30, 03:30]
2025-10-16 13:03:17 INFO  c.e.s.f.s.i.ShiftSettingsApplier - 📊 Применяем планы: [360, 480, 480, 480, 480, 480, 480, 480, 480, 480, 480, 480, 480, 480, 480, 480, 480, 480, 480, 360]
2025-10-16 13:03:17 INFO  c.e.s.f.s.i.JpaShiftAdapter - 📋 Сохраняем смену: date = 2025-10-16, labels = [08:00, 09:00, 10:00, 11:00, 12:30, 13:30, 14:30, 15:30, 16:30, 17:30, 18:30, 19:30, 20:30, 21:30, 22:30, 23:30, 00:30, 01:30, 02:30, 03:30], plan = [360, 480, 480, 480, 480, 480, 480, 480, 480, 480, 480, 480, 480, 480, 480, 480, 480, 480, 480, 360], actual = [0, 0, 0, 0, 85, 0, 0, 0, 0, 0, 0, 0, 0, 0, 0, 0, 0, 0, 0, 0]
2025-10-16 13:03:17 INFO  c.e.s.f.s.i.JpaShiftAdapter - 💾 Сохраняем actual: [0, 0, 0, 0, 85, 0, 0, 0, 0, 0, 0, 0, 0, 0, 0, 0, 0, 0, 0, 0]
2025-10-16 13:03:17 INFO  c.e.s.f.s.a.ShiftPlannerUseCase - 💾 Смена сохранена: 2025-10-16
2025-10-16 13:03:17 INFO  c.e.s.f.s.i.JpaShiftAdapter - 🧪 Читаем shift из БД: 2025-10-16
2025-10-16 13:03:17 INFO  c.e.s.f.s.i.JpaShiftAdapter - ⏱ hourlyLabels = [08:00, 09:00, 10:00, 11:00, 12:30, 13:30, 14:30, 15:30, 16:30, 17:30, 18:30, 19:30, 20:30, 21:30, 22:30, 23:30, 00:30, 01:30, 02:30, 03:30]
2025-10-16 13:03:17 INFO  c.e.s.f.s.i.JpaShiftAdapter - 📊 hourlyActual = [0, 0, 0, 0, 85, 0, 0, 0, 0, 0, 0, 0, 0, 0, 0, 0, 0, 0, 0, 0]
2025-10-16 13:03:17 INFO  c.e.s.f.s.a.e.ShiftUpdatedListener - 📤 Отправлен ShiftView в /topic/shift-updates: ShiftView[date=2025-10-16, actual=[0, 0, 0, 0, 85, 0, 0, 0, 0, 0, 0, 0, 0, 0, 0, 0, 0, 0, 0, 0], plan=[360, 480, 480, 480, 480, 480, 480, 480, 480, 480, 480, 480, 480, 480, 480, 480, 480, 480, 480, 360], hours=[08:00, 09:00, 10:00, 11:00, 12:30, 13:30, 14:30, 15:30, 16:30, 17:30, 18:30, 19:30, 20:30, 21:30, 22:30, 23:30, 00:30, 01:30, 02:30, 03:30]]
2025-10-16 13:03:17 INFO  c.e.s.f.s.i.JpaShiftAdapter - 🧪 Читаем shift из БД: 2025-10-16
2025-10-16 13:03:17 INFO  c.e.s.f.s.i.JpaShiftAdapter - ⏱ hourlyLabels = [08:00, 09:00, 10:00, 11:00, 12:30, 13:30, 14:30, 15:30, 16:30, 17:30, 18:30, 19:30, 20:30, 21:30, 22:30, 23:30, 00:30, 01:30, 02:30, 03:30]
2025-10-16 13:03:17 INFO  c.e.s.f.s.i.JpaShiftAdapter - 📊 hourlyActual = [0, 0, 0, 0, 85, 0, 0, 0, 0, 0, 0, 0, 0, 0, 0, 0, 0, 0, 0, 0]
2025-10-16 13:03:17 DEBUG c.e.s.f.s.i.ShiftSettingsApplier - ✅ Настройки не изменились, смена актуальна: 2025-10-16
2025-10-16 13:03:17 INFO  c.e.s.f.c.a.StoppageReconcilesService - Reconciled date=2025-10-16, hourIndex=4 -> saved 2 auto-stoppage(s)
2025-10-16 13:03:27 INFO  c.e.s.f.s.a.web.SignalController - 📡 Сигнал получен: сенсор = main, дата смены = 2025-10-15
2025-10-16 13:03:27 INFO  c.e.s.f.s.a.e.ProductDetectedListener - [EVENT] Product detected at 2025-10-16T13:03:27.264311100
2025-10-16 13:03:27 INFO  c.e.s.f.s.i.JpaShiftAdapter - 🧪 Читаем shift из БД: 2025-10-16
2025-10-16 13:03:27 INFO  c.e.s.f.s.i.JpaShiftAdapter - ⏱ hourlyLabels = [08:00, 09:00, 10:00, 11:00, 12:30, 13:30, 14:30, 15:30, 16:30, 17:30, 18:30, 19:30, 20:30, 21:30, 22:30, 23:30, 00:30, 01:30, 02:30, 03:30]
2025-10-16 13:03:27 INFO  c.e.s.f.s.i.JpaShiftAdapter - 📊 hourlyActual = [0, 0, 0, 0, 85, 0, 0, 0, 0, 0, 0, 0, 0, 0, 0, 0, 0, 0, 0, 0]
2025-10-16 13:03:27 DEBUG c.e.s.f.s.i.ShiftSettingsApplier - ✅ Настройки не изменились, смена актуальна: 2025-10-16
2025-10-16 13:03:27 INFO  c.e.s.f.s.i.ShiftSettingsApplier - 🔧 Обновлены часы смены: [08:00, 09:00, 10:00, 11:00, 12:30, 13:30, 14:30, 15:30, 16:30, 17:30, 18:30, 19:30, 20:30, 21:30, 22:30, 23:30, 00:30, 01:30, 02:30, 03:30]
2025-10-16 13:03:27 INFO  c.e.s.f.s.i.ShiftSettingsApplier - 📊 Применяем планы: [360, 480, 480, 480, 480, 480, 480, 480, 480, 480, 480, 480, 480, 480, 480, 480, 480, 480, 480, 360]
2025-10-16 13:03:27 INFO  c.e.s.f.s.i.JpaShiftAdapter - 📋 Сохраняем смену: date = 2025-10-16, labels = [08:00, 09:00, 10:00, 11:00, 12:30, 13:30, 14:30, 15:30, 16:30, 17:30, 18:30, 19:30, 20:30, 21:30, 22:30, 23:30, 00:30, 01:30, 02:30, 03:30], plan = [360, 480, 480, 480, 480, 480, 480, 480, 480, 480, 480, 480, 480, 480, 480, 480, 480, 480, 480, 360], actual = [0, 0, 0, 0, 86, 0, 0, 0, 0, 0, 0, 0, 0, 0, 0, 0, 0, 0, 0, 0]
2025-10-16 13:03:27 INFO  c.e.s.f.s.i.JpaShiftAdapter - 💾 Сохраняем actual: [0, 0, 0, 0, 86, 0, 0, 0, 0, 0, 0, 0, 0, 0, 0, 0, 0, 0, 0, 0]
2025-10-16 13:03:27 INFO  c.e.s.f.s.a.ShiftPlannerUseCase - 💾 Смена сохранена: 2025-10-16
2025-10-16 13:03:27 INFO  c.e.s.f.s.i.JpaShiftAdapter - 🧪 Читаем shift из БД: 2025-10-16
2025-10-16 13:03:27 INFO  c.e.s.f.s.i.JpaShiftAdapter - ⏱ hourlyLabels = [08:00, 09:00, 10:00, 11:00, 12:30, 13:30, 14:30, 15:30, 16:30, 17:30, 18:30, 19:30, 20:30, 21:30, 22:30, 23:30, 00:30, 01:30, 02:30, 03:30]
2025-10-16 13:03:27 INFO  c.e.s.f.s.i.JpaShiftAdapter - 📊 hourlyActual = [0, 0, 0, 0, 86, 0, 0, 0, 0, 0, 0, 0, 0, 0, 0, 0, 0, 0, 0, 0]
2025-10-16 13:03:27 INFO  c.e.s.f.s.a.e.ShiftUpdatedListener - 📤 Отправлен ShiftView в /topic/shift-updates: ShiftView[date=2025-10-16, actual=[0, 0, 0, 0, 86, 0, 0, 0, 0, 0, 0, 0, 0, 0, 0, 0, 0, 0, 0, 0], plan=[360, 480, 480, 480, 480, 480, 480, 480, 480, 480, 480, 480, 480, 480, 480, 480, 480, 480, 480, 360], hours=[08:00, 09:00, 10:00, 11:00, 12:30, 13:30, 14:30, 15:30, 16:30, 17:30, 18:30, 19:30, 20:30, 21:30, 22:30, 23:30, 00:30, 01:30, 02:30, 03:30]]
2025-10-16 13:03:27 INFO  c.e.s.f.s.i.JpaShiftAdapter - 🧪 Читаем shift из БД: 2025-10-16
2025-10-16 13:03:27 INFO  c.e.s.f.s.i.JpaShiftAdapter - ⏱ hourlyLabels = [08:00, 09:00, 10:00, 11:00, 12:30, 13:30, 14:30, 15:30, 16:30, 17:30, 18:30, 19:30, 20:30, 21:30, 22:30, 23:30, 00:30, 01:30, 02:30, 03:30]
2025-10-16 13:03:27 INFO  c.e.s.f.s.i.JpaShiftAdapter - 📊 hourlyActual = [0, 0, 0, 0, 86, 0, 0, 0, 0, 0, 0, 0, 0, 0, 0, 0, 0, 0, 0, 0]
2025-10-16 13:03:27 DEBUG c.e.s.f.s.i.ShiftSettingsApplier - ✅ Настройки не изменились, смена актуальна: 2025-10-16
2025-10-16 13:03:27 INFO  c.e.s.f.c.a.StoppageReconcilesService - Reconciled date=2025-10-16, hourIndex=4 -> saved 2 auto-stoppage(s)
2025-10-16 13:03:37 INFO  c.e.s.f.s.a.web.SignalController - 📡 Сигнал получен: сенсор = main, дата смены = 2025-10-15
2025-10-16 13:03:37 INFO  c.e.s.f.s.a.e.ProductDetectedListener - [EVENT] Product detected at 2025-10-16T13:03:37.470833800
2025-10-16 13:03:37 INFO  c.e.s.f.s.i.JpaShiftAdapter - 🧪 Читаем shift из БД: 2025-10-16
2025-10-16 13:03:37 INFO  c.e.s.f.s.i.JpaShiftAdapter - ⏱ hourlyLabels = [08:00, 09:00, 10:00, 11:00, 12:30, 13:30, 14:30, 15:30, 16:30, 17:30, 18:30, 19:30, 20:30, 21:30, 22:30, 23:30, 00:30, 01:30, 02:30, 03:30]
2025-10-16 13:03:37 INFO  c.e.s.f.s.i.JpaShiftAdapter - 📊 hourlyActual = [0, 0, 0, 0, 86, 0, 0, 0, 0, 0, 0, 0, 0, 0, 0, 0, 0, 0, 0, 0]
2025-10-16 13:03:37 DEBUG c.e.s.f.s.i.ShiftSettingsApplier - ✅ Настройки не изменились, смена актуальна: 2025-10-16
2025-10-16 13:03:37 INFO  c.e.s.f.s.i.ShiftSettingsApplier - 🔧 Обновлены часы смены: [08:00, 09:00, 10:00, 11:00, 12:30, 13:30, 14:30, 15:30, 16:30, 17:30, 18:30, 19:30, 20:30, 21:30, 22:30, 23:30, 00:30, 01:30, 02:30, 03:30]
2025-10-16 13:03:37 INFO  c.e.s.f.s.i.ShiftSettingsApplier - 📊 Применяем планы: [360, 480, 480, 480, 480, 480, 480, 480, 480, 480, 480, 480, 480, 480, 480, 480, 480, 480, 480, 360]
2025-10-16 13:03:37 INFO  c.e.s.f.s.i.JpaShiftAdapter - 📋 Сохраняем смену: date = 2025-10-16, labels = [08:00, 09:00, 10:00, 11:00, 12:30, 13:30, 14:30, 15:30, 16:30, 17:30, 18:30, 19:30, 20:30, 21:30, 22:30, 23:30, 00:30, 01:30, 02:30, 03:30], plan = [360, 480, 480, 480, 480, 480, 480, 480, 480, 480, 480, 480, 480, 480, 480, 480, 480, 480, 480, 360], actual = [0, 0, 0, 0, 87, 0, 0, 0, 0, 0, 0, 0, 0, 0, 0, 0, 0, 0, 0, 0]
2025-10-16 13:03:37 INFO  c.e.s.f.s.i.JpaShiftAdapter - 💾 Сохраняем actual: [0, 0, 0, 0, 87, 0, 0, 0, 0, 0, 0, 0, 0, 0, 0, 0, 0, 0, 0, 0]
2025-10-16 13:03:37 INFO  c.e.s.f.s.a.ShiftPlannerUseCase - 💾 Смена сохранена: 2025-10-16
2025-10-16 13:03:37 INFO  c.e.s.f.s.i.JpaShiftAdapter - 🧪 Читаем shift из БД: 2025-10-16
2025-10-16 13:03:37 INFO  c.e.s.f.s.i.JpaShiftAdapter - ⏱ hourlyLabels = [08:00, 09:00, 10:00, 11:00, 12:30, 13:30, 14:30, 15:30, 16:30, 17:30, 18:30, 19:30, 20:30, 21:30, 22:30, 23:30, 00:30, 01:30, 02:30, 03:30]
2025-10-16 13:03:37 INFO  c.e.s.f.s.i.JpaShiftAdapter - 📊 hourlyActual = [0, 0, 0, 0, 87, 0, 0, 0, 0, 0, 0, 0, 0, 0, 0, 0, 0, 0, 0, 0]
2025-10-16 13:03:37 INFO  c.e.s.f.s.a.e.ShiftUpdatedListener - 📤 Отправлен ShiftView в /topic/shift-updates: ShiftView[date=2025-10-16, actual=[0, 0, 0, 0, 87, 0, 0, 0, 0, 0, 0, 0, 0, 0, 0, 0, 0, 0, 0, 0], plan=[360, 480, 480, 480, 480, 480, 480, 480, 480, 480, 480, 480, 480, 480, 480, 480, 480, 480, 480, 360], hours=[08:00, 09:00, 10:00, 11:00, 12:30, 13:30, 14:30, 15:30, 16:30, 17:30, 18:30, 19:30, 20:30, 21:30, 22:30, 23:30, 00:30, 01:30, 02:30, 03:30]]
2025-10-16 13:03:37 INFO  c.e.s.f.s.i.JpaShiftAdapter - 🧪 Читаем shift из БД: 2025-10-16
2025-10-16 13:03:37 INFO  c.e.s.f.s.i.JpaShiftAdapter - ⏱ hourlyLabels = [08:00, 09:00, 10:00, 11:00, 12:30, 13:30, 14:30, 15:30, 16:30, 17:30, 18:30, 19:30, 20:30, 21:30, 22:30, 23:30, 00:30, 01:30, 02:30, 03:30]
2025-10-16 13:03:37 INFO  c.e.s.f.s.i.JpaShiftAdapter - 📊 hourlyActual = [0, 0, 0, 0, 87, 0, 0, 0, 0, 0, 0, 0, 0, 0, 0, 0, 0, 0, 0, 0]
2025-10-16 13:03:37 DEBUG c.e.s.f.s.i.ShiftSettingsApplier - ✅ Настройки не изменились, смена актуальна: 2025-10-16
2025-10-16 13:03:37 INFO  c.e.s.f.c.a.StoppageReconcilesService - Reconciled date=2025-10-16, hourIndex=4 -> saved 2 auto-stoppage(s)
2025-10-16 13:03:47 INFO  c.e.s.f.s.a.web.SignalController - 📡 Сигнал получен: сенсор = main, дата смены = 2025-10-15
2025-10-16 13:03:47 INFO  c.e.s.f.s.a.e.ProductDetectedListener - [EVENT] Product detected at 2025-10-16T13:03:47.752950200
2025-10-16 13:03:47 INFO  c.e.s.f.s.i.JpaShiftAdapter - 🧪 Читаем shift из БД: 2025-10-16
2025-10-16 13:03:47 INFO  c.e.s.f.s.i.JpaShiftAdapter - ⏱ hourlyLabels = [08:00, 09:00, 10:00, 11:00, 12:30, 13:30, 14:30, 15:30, 16:30, 17:30, 18:30, 19:30, 20:30, 21:30, 22:30, 23:30, 00:30, 01:30, 02:30, 03:30]
2025-10-16 13:03:47 INFO  c.e.s.f.s.i.JpaShiftAdapter - 📊 hourlyActual = [0, 0, 0, 0, 87, 0, 0, 0, 0, 0, 0, 0, 0, 0, 0, 0, 0, 0, 0, 0]
2025-10-16 13:03:47 DEBUG c.e.s.f.s.i.ShiftSettingsApplier - ✅ Настройки не изменились, смена актуальна: 2025-10-16
2025-10-16 13:03:47 INFO  c.e.s.f.s.i.ShiftSettingsApplier - 🔧 Обновлены часы смены: [08:00, 09:00, 10:00, 11:00, 12:30, 13:30, 14:30, 15:30, 16:30, 17:30, 18:30, 19:30, 20:30, 21:30, 22:30, 23:30, 00:30, 01:30, 02:30, 03:30]
2025-10-16 13:03:47 INFO  c.e.s.f.s.i.ShiftSettingsApplier - 📊 Применяем планы: [360, 480, 480, 480, 480, 480, 480, 480, 480, 480, 480, 480, 480, 480, 480, 480, 480, 480, 480, 360]
2025-10-16 13:03:47 INFO  c.e.s.f.s.i.JpaShiftAdapter - 📋 Сохраняем смену: date = 2025-10-16, labels = [08:00, 09:00, 10:00, 11:00, 12:30, 13:30, 14:30, 15:30, 16:30, 17:30, 18:30, 19:30, 20:30, 21:30, 22:30, 23:30, 00:30, 01:30, 02:30, 03:30], plan = [360, 480, 480, 480, 480, 480, 480, 480, 480, 480, 480, 480, 480, 480, 480, 480, 480, 480, 480, 360], actual = [0, 0, 0, 0, 88, 0, 0, 0, 0, 0, 0, 0, 0, 0, 0, 0, 0, 0, 0, 0]
2025-10-16 13:03:47 INFO  c.e.s.f.s.i.JpaShiftAdapter - 💾 Сохраняем actual: [0, 0, 0, 0, 88, 0, 0, 0, 0, 0, 0, 0, 0, 0, 0, 0, 0, 0, 0, 0]
2025-10-16 13:03:47 INFO  c.e.s.f.s.a.ShiftPlannerUseCase - 💾 Смена сохранена: 2025-10-16
2025-10-16 13:03:47 INFO  c.e.s.f.s.i.JpaShiftAdapter - 🧪 Читаем shift из БД: 2025-10-16
2025-10-16 13:03:47 INFO  c.e.s.f.s.i.JpaShiftAdapter - ⏱ hourlyLabels = [08:00, 09:00, 10:00, 11:00, 12:30, 13:30, 14:30, 15:30, 16:30, 17:30, 18:30, 19:30, 20:30, 21:30, 22:30, 23:30, 00:30, 01:30, 02:30, 03:30]
2025-10-16 13:03:47 INFO  c.e.s.f.s.i.JpaShiftAdapter - 📊 hourlyActual = [0, 0, 0, 0, 88, 0, 0, 0, 0, 0, 0, 0, 0, 0, 0, 0, 0, 0, 0, 0]
2025-10-16 13:03:47 INFO  c.e.s.f.s.a.e.ShiftUpdatedListener - 📤 Отправлен ShiftView в /topic/shift-updates: ShiftView[date=2025-10-16, actual=[0, 0, 0, 0, 88, 0, 0, 0, 0, 0, 0, 0, 0, 0, 0, 0, 0, 0, 0, 0], plan=[360, 480, 480, 480, 480, 480, 480, 480, 480, 480, 480, 480, 480, 480, 480, 480, 480, 480, 480, 360], hours=[08:00, 09:00, 10:00, 11:00, 12:30, 13:30, 14:30, 15:30, 16:30, 17:30, 18:30, 19:30, 20:30, 21:30, 22:30, 23:30, 00:30, 01:30, 02:30, 03:30]]
2025-10-16 13:03:47 INFO  c.e.s.f.s.i.JpaShiftAdapter - 🧪 Читаем shift из БД: 2025-10-16
2025-10-16 13:03:47 INFO  c.e.s.f.s.i.JpaShiftAdapter - ⏱ hourlyLabels = [08:00, 09:00, 10:00, 11:00, 12:30, 13:30, 14:30, 15:30, 16:30, 17:30, 18:30, 19:30, 20:30, 21:30, 22:30, 23:30, 00:30, 01:30, 02:30, 03:30]
2025-10-16 13:03:47 INFO  c.e.s.f.s.i.JpaShiftAdapter - 📊 hourlyActual = [0, 0, 0, 0, 88, 0, 0, 0, 0, 0, 0, 0, 0, 0, 0, 0, 0, 0, 0, 0]
2025-10-16 13:03:47 DEBUG c.e.s.f.s.i.ShiftSettingsApplier - ✅ Настройки не изменились, смена актуальна: 2025-10-16
2025-10-16 13:03:47 INFO  c.e.s.f.c.a.StoppageReconcilesService - Reconciled date=2025-10-16, hourIndex=4 -> saved 2 auto-stoppage(s)
2025-10-16 13:03:57 INFO  c.e.s.f.s.a.web.SignalController - 📡 Сигнал получен: сенсор = main, дата смены = 2025-10-15
2025-10-16 13:03:57 INFO  c.e.s.f.s.a.e.ProductDetectedListener - [EVENT] Product detected at 2025-10-16T13:03:57.959051700
2025-10-16 13:03:58 INFO  c.e.s.f.s.i.JpaShiftAdapter - 🧪 Читаем shift из БД: 2025-10-16
2025-10-16 13:03:58 INFO  c.e.s.f.s.i.JpaShiftAdapter - ⏱ hourlyLabels = [08:00, 09:00, 10:00, 11:00, 12:30, 13:30, 14:30, 15:30, 16:30, 17:30, 18:30, 19:30, 20:30, 21:30, 22:30, 23:30, 00:30, 01:30, 02:30, 03:30]
2025-10-16 13:03:58 INFO  c.e.s.f.s.i.JpaShiftAdapter - 📊 hourlyActual = [0, 0, 0, 0, 88, 0, 0, 0, 0, 0, 0, 0, 0, 0, 0, 0, 0, 0, 0, 0]
2025-10-16 13:03:58 DEBUG c.e.s.f.s.i.ShiftSettingsApplier - ✅ Настройки не изменились, смена актуальна: 2025-10-16
2025-10-16 13:03:58 INFO  c.e.s.f.s.i.ShiftSettingsApplier - 🔧 Обновлены часы смены: [08:00, 09:00, 10:00, 11:00, 12:30, 13:30, 14:30, 15:30, 16:30, 17:30, 18:30, 19:30, 20:30, 21:30, 22:30, 23:30, 00:30, 01:30, 02:30, 03:30]
2025-10-16 13:03:58 INFO  c.e.s.f.s.i.ShiftSettingsApplier - 📊 Применяем планы: [360, 480, 480, 480, 480, 480, 480, 480, 480, 480, 480, 480, 480, 480, 480, 480, 480, 480, 480, 360]
2025-10-16 13:03:58 INFO  c.e.s.f.s.i.JpaShiftAdapter - 📋 Сохраняем смену: date = 2025-10-16, labels = [08:00, 09:00, 10:00, 11:00, 12:30, 13:30, 14:30, 15:30, 16:30, 17:30, 18:30, 19:30, 20:30, 21:30, 22:30, 23:30, 00:30, 01:30, 02:30, 03:30], plan = [360, 480, 480, 480, 480, 480, 480, 480, 480, 480, 480, 480, 480, 480, 480, 480, 480, 480, 480, 360], actual = [0, 0, 0, 0, 89, 0, 0, 0, 0, 0, 0, 0, 0, 0, 0, 0, 0, 0, 0, 0]
2025-10-16 13:03:58 INFO  c.e.s.f.s.i.JpaShiftAdapter - 💾 Сохраняем actual: [0, 0, 0, 0, 89, 0, 0, 0, 0, 0, 0, 0, 0, 0, 0, 0, 0, 0, 0, 0]
2025-10-16 13:03:58 INFO  c.e.s.f.s.a.ShiftPlannerUseCase - 💾 Смена сохранена: 2025-10-16
2025-10-16 13:03:58 INFO  c.e.s.f.s.i.JpaShiftAdapter - 🧪 Читаем shift из БД: 2025-10-16
2025-10-16 13:03:58 INFO  c.e.s.f.s.i.JpaShiftAdapter - ⏱ hourlyLabels = [08:00, 09:00, 10:00, 11:00, 12:30, 13:30, 14:30, 15:30, 16:30, 17:30, 18:30, 19:30, 20:30, 21:30, 22:30, 23:30, 00:30, 01:30, 02:30, 03:30]
2025-10-16 13:03:58 INFO  c.e.s.f.s.i.JpaShiftAdapter - 📊 hourlyActual = [0, 0, 0, 0, 89, 0, 0, 0, 0, 0, 0, 0, 0, 0, 0, 0, 0, 0, 0, 0]
2025-10-16 13:03:58 INFO  c.e.s.f.s.a.e.ShiftUpdatedListener - 📤 Отправлен ShiftView в /topic/shift-updates: ShiftView[date=2025-10-16, actual=[0, 0, 0, 0, 89, 0, 0, 0, 0, 0, 0, 0, 0, 0, 0, 0, 0, 0, 0, 0], plan=[360, 480, 480, 480, 480, 480, 480, 480, 480, 480, 480, 480, 480, 480, 480, 480, 480, 480, 480, 360], hours=[08:00, 09:00, 10:00, 11:00, 12:30, 13:30, 14:30, 15:30, 16:30, 17:30, 18:30, 19:30, 20:30, 21:30, 22:30, 23:30, 00:30, 01:30, 02:30, 03:30]]
2025-10-16 13:03:58 INFO  c.e.s.f.s.i.JpaShiftAdapter - 🧪 Читаем shift из БД: 2025-10-16
2025-10-16 13:03:58 INFO  c.e.s.f.s.i.JpaShiftAdapter - ⏱ hourlyLabels = [08:00, 09:00, 10:00, 11:00, 12:30, 13:30, 14:30, 15:30, 16:30, 17:30, 18:30, 19:30, 20:30, 21:30, 22:30, 23:30, 00:30, 01:30, 02:30, 03:30]
2025-10-16 13:03:58 INFO  c.e.s.f.s.i.JpaShiftAdapter - 📊 hourlyActual = [0, 0, 0, 0, 89, 0, 0, 0, 0, 0, 0, 0, 0, 0, 0, 0, 0, 0, 0, 0]
2025-10-16 13:03:58 DEBUG c.e.s.f.s.i.ShiftSettingsApplier - ✅ Настройки не изменились, смена актуальна: 2025-10-16
2025-10-16 13:03:58 INFO  c.e.s.f.c.a.StoppageReconcilesService - Reconciled date=2025-10-16, hourIndex=4 -> saved 2 auto-stoppage(s)
2025-10-16 13:04:08 INFO  c.e.s.f.s.a.web.SignalController - 📡 Сигнал получен: сенсор = main, дата смены = 2025-10-15
2025-10-16 13:04:08 INFO  c.e.s.f.s.a.e.ProductDetectedListener - [EVENT] Product detected at 2025-10-16T13:04:08.236306300
2025-10-16 13:04:08 INFO  c.e.s.f.s.i.JpaShiftAdapter - 🧪 Читаем shift из БД: 2025-10-16
2025-10-16 13:04:08 INFO  c.e.s.f.s.i.JpaShiftAdapter - ⏱ hourlyLabels = [08:00, 09:00, 10:00, 11:00, 12:30, 13:30, 14:30, 15:30, 16:30, 17:30, 18:30, 19:30, 20:30, 21:30, 22:30, 23:30, 00:30, 01:30, 02:30, 03:30]
2025-10-16 13:04:08 INFO  c.e.s.f.s.i.JpaShiftAdapter - 📊 hourlyActual = [0, 0, 0, 0, 89, 0, 0, 0, 0, 0, 0, 0, 0, 0, 0, 0, 0, 0, 0, 0]
2025-10-16 13:04:08 DEBUG c.e.s.f.s.i.ShiftSettingsApplier - ✅ Настройки не изменились, смена актуальна: 2025-10-16
2025-10-16 13:04:08 INFO  c.e.s.f.s.i.ShiftSettingsApplier - 🔧 Обновлены часы смены: [08:00, 09:00, 10:00, 11:00, 12:30, 13:30, 14:30, 15:30, 16:30, 17:30, 18:30, 19:30, 20:30, 21:30, 22:30, 23:30, 00:30, 01:30, 02:30, 03:30]
2025-10-16 13:04:08 INFO  c.e.s.f.s.i.ShiftSettingsApplier - 📊 Применяем планы: [360, 480, 480, 480, 480, 480, 480, 480, 480, 480, 480, 480, 480, 480, 480, 480, 480, 480, 480, 360]
2025-10-16 13:04:08 INFO  c.e.s.f.s.i.JpaShiftAdapter - 📋 Сохраняем смену: date = 2025-10-16, labels = [08:00, 09:00, 10:00, 11:00, 12:30, 13:30, 14:30, 15:30, 16:30, 17:30, 18:30, 19:30, 20:30, 21:30, 22:30, 23:30, 00:30, 01:30, 02:30, 03:30], plan = [360, 480, 480, 480, 480, 480, 480, 480, 480, 480, 480, 480, 480, 480, 480, 480, 480, 480, 480, 360], actual = [0, 0, 0, 0, 90, 0, 0, 0, 0, 0, 0, 0, 0, 0, 0, 0, 0, 0, 0, 0]
2025-10-16 13:04:08 INFO  c.e.s.f.s.i.JpaShiftAdapter - 💾 Сохраняем actual: [0, 0, 0, 0, 90, 0, 0, 0, 0, 0, 0, 0, 0, 0, 0, 0, 0, 0, 0, 0]
2025-10-16 13:04:08 INFO  c.e.s.f.s.a.ShiftPlannerUseCase - 💾 Смена сохранена: 2025-10-16
2025-10-16 13:04:08 INFO  c.e.s.f.s.i.JpaShiftAdapter - 🧪 Читаем shift из БД: 2025-10-16
2025-10-16 13:04:08 INFO  c.e.s.f.s.i.JpaShiftAdapter - ⏱ hourlyLabels = [08:00, 09:00, 10:00, 11:00, 12:30, 13:30, 14:30, 15:30, 16:30, 17:30, 18:30, 19:30, 20:30, 21:30, 22:30, 23:30, 00:30, 01:30, 02:30, 03:30]
2025-10-16 13:04:08 INFO  c.e.s.f.s.i.JpaShiftAdapter - 📊 hourlyActual = [0, 0, 0, 0, 90, 0, 0, 0, 0, 0, 0, 0, 0, 0, 0, 0, 0, 0, 0, 0]
2025-10-16 13:04:08 INFO  c.e.s.f.s.a.e.ShiftUpdatedListener - 📤 Отправлен ShiftView в /topic/shift-updates: ShiftView[date=2025-10-16, actual=[0, 0, 0, 0, 90, 0, 0, 0, 0, 0, 0, 0, 0, 0, 0, 0, 0, 0, 0, 0], plan=[360, 480, 480, 480, 480, 480, 480, 480, 480, 480, 480, 480, 480, 480, 480, 480, 480, 480, 480, 360], hours=[08:00, 09:00, 10:00, 11:00, 12:30, 13:30, 14:30, 15:30, 16:30, 17:30, 18:30, 19:30, 20:30, 21:30, 22:30, 23:30, 00:30, 01:30, 02:30, 03:30]]
2025-10-16 13:04:08 INFO  c.e.s.f.s.i.JpaShiftAdapter - 🧪 Читаем shift из БД: 2025-10-16
2025-10-16 13:04:08 INFO  c.e.s.f.s.i.JpaShiftAdapter - ⏱ hourlyLabels = [08:00, 09:00, 10:00, 11:00, 12:30, 13:30, 14:30, 15:30, 16:30, 17:30, 18:30, 19:30, 20:30, 21:30, 22:30, 23:30, 00:30, 01:30, 02:30, 03:30]
2025-10-16 13:04:08 INFO  c.e.s.f.s.i.JpaShiftAdapter - 📊 hourlyActual = [0, 0, 0, 0, 90, 0, 0, 0, 0, 0, 0, 0, 0, 0, 0, 0, 0, 0, 0, 0]
2025-10-16 13:04:08 DEBUG c.e.s.f.s.i.ShiftSettingsApplier - ✅ Настройки не изменились, смена актуальна: 2025-10-16
2025-10-16 13:04:08 INFO  c.e.s.f.c.a.StoppageReconcilesService - Reconciled date=2025-10-16, hourIndex=4 -> saved 2 auto-stoppage(s)
2025-10-16 13:04:18 INFO  c.e.s.f.s.a.web.SignalController - 📡 Сигнал получен: сенсор = main, дата смены = 2025-10-15
2025-10-16 13:04:18 INFO  c.e.s.f.s.a.e.ProductDetectedListener - [EVENT] Product detected at 2025-10-16T13:04:18.676294500
2025-10-16 13:04:18 INFO  c.e.s.f.s.i.JpaShiftAdapter - 🧪 Читаем shift из БД: 2025-10-16
2025-10-16 13:04:18 INFO  c.e.s.f.s.i.JpaShiftAdapter - ⏱ hourlyLabels = [08:00, 09:00, 10:00, 11:00, 12:30, 13:30, 14:30, 15:30, 16:30, 17:30, 18:30, 19:30, 20:30, 21:30, 22:30, 23:30, 00:30, 01:30, 02:30, 03:30]
2025-10-16 13:04:18 INFO  c.e.s.f.s.i.JpaShiftAdapter - 📊 hourlyActual = [0, 0, 0, 0, 90, 0, 0, 0, 0, 0, 0, 0, 0, 0, 0, 0, 0, 0, 0, 0]
2025-10-16 13:04:18 DEBUG c.e.s.f.s.i.ShiftSettingsApplier - ✅ Настройки не изменились, смена актуальна: 2025-10-16
2025-10-16 13:04:18 INFO  c.e.s.f.s.i.ShiftSettingsApplier - 🔧 Обновлены часы смены: [08:00, 09:00, 10:00, 11:00, 12:30, 13:30, 14:30, 15:30, 16:30, 17:30, 18:30, 19:30, 20:30, 21:30, 22:30, 23:30, 00:30, 01:30, 02:30, 03:30]
2025-10-16 13:04:18 INFO  c.e.s.f.s.i.ShiftSettingsApplier - 📊 Применяем планы: [360, 480, 480, 480, 480, 480, 480, 480, 480, 480, 480, 480, 480, 480, 480, 480, 480, 480, 480, 360]
2025-10-16 13:04:18 INFO  c.e.s.f.s.i.JpaShiftAdapter - 📋 Сохраняем смену: date = 2025-10-16, labels = [08:00, 09:00, 10:00, 11:00, 12:30, 13:30, 14:30, 15:30, 16:30, 17:30, 18:30, 19:30, 20:30, 21:30, 22:30, 23:30, 00:30, 01:30, 02:30, 03:30], plan = [360, 480, 480, 480, 480, 480, 480, 480, 480, 480, 480, 480, 480, 480, 480, 480, 480, 480, 480, 360], actual = [0, 0, 0, 0, 91, 0, 0, 0, 0, 0, 0, 0, 0, 0, 0, 0, 0, 0, 0, 0]
2025-10-16 13:04:18 INFO  c.e.s.f.s.i.JpaShiftAdapter - 💾 Сохраняем actual: [0, 0, 0, 0, 91, 0, 0, 0, 0, 0, 0, 0, 0, 0, 0, 0, 0, 0, 0, 0]
2025-10-16 13:04:18 INFO  c.e.s.f.s.a.ShiftPlannerUseCase - 💾 Смена сохранена: 2025-10-16
2025-10-16 13:04:18 INFO  c.e.s.f.s.i.JpaShiftAdapter - 🧪 Читаем shift из БД: 2025-10-16
2025-10-16 13:04:18 INFO  c.e.s.f.s.i.JpaShiftAdapter - ⏱ hourlyLabels = [08:00, 09:00, 10:00, 11:00, 12:30, 13:30, 14:30, 15:30, 16:30, 17:30, 18:30, 19:30, 20:30, 21:30, 22:30, 23:30, 00:30, 01:30, 02:30, 03:30]
2025-10-16 13:04:18 INFO  c.e.s.f.s.i.JpaShiftAdapter - 📊 hourlyActual = [0, 0, 0, 0, 91, 0, 0, 0, 0, 0, 0, 0, 0, 0, 0, 0, 0, 0, 0, 0]
2025-10-16 13:04:18 INFO  c.e.s.f.s.a.e.ShiftUpdatedListener - 📤 Отправлен ShiftView в /topic/shift-updates: ShiftView[date=2025-10-16, actual=[0, 0, 0, 0, 91, 0, 0, 0, 0, 0, 0, 0, 0, 0, 0, 0, 0, 0, 0, 0], plan=[360, 480, 480, 480, 480, 480, 480, 480, 480, 480, 480, 480, 480, 480, 480, 480, 480, 480, 480, 360], hours=[08:00, 09:00, 10:00, 11:00, 12:30, 13:30, 14:30, 15:30, 16:30, 17:30, 18:30, 19:30, 20:30, 21:30, 22:30, 23:30, 00:30, 01:30, 02:30, 03:30]]
2025-10-16 13:04:18 INFO  c.e.s.f.s.i.JpaShiftAdapter - 🧪 Читаем shift из БД: 2025-10-16
2025-10-16 13:04:18 INFO  c.e.s.f.s.i.JpaShiftAdapter - ⏱ hourlyLabels = [08:00, 09:00, 10:00, 11:00, 12:30, 13:30, 14:30, 15:30, 16:30, 17:30, 18:30, 19:30, 20:30, 21:30, 22:30, 23:30, 00:30, 01:30, 02:30, 03:30]
2025-10-16 13:04:18 INFO  c.e.s.f.s.i.JpaShiftAdapter - 📊 hourlyActual = [0, 0, 0, 0, 91, 0, 0, 0, 0, 0, 0, 0, 0, 0, 0, 0, 0, 0, 0, 0]
2025-10-16 13:04:18 DEBUG c.e.s.f.s.i.ShiftSettingsApplier - ✅ Настройки не изменились, смена актуальна: 2025-10-16
2025-10-16 13:04:18 INFO  c.e.s.f.c.a.StoppageReconcilesService - Reconciled date=2025-10-16, hourIndex=4 -> saved 2 auto-stoppage(s)
2025-10-16 13:04:28 INFO  c.e.s.f.s.a.web.SignalController - 📡 Сигнал получен: сенсор = main, дата смены = 2025-10-15
2025-10-16 13:04:28 INFO  c.e.s.f.s.a.e.ProductDetectedListener - [EVENT] Product detected at 2025-10-16T13:04:28.885686200
2025-10-16 13:04:28 INFO  c.e.s.f.s.i.JpaShiftAdapter - 🧪 Читаем shift из БД: 2025-10-16
2025-10-16 13:04:28 INFO  c.e.s.f.s.i.JpaShiftAdapter - ⏱ hourlyLabels = [08:00, 09:00, 10:00, 11:00, 12:30, 13:30, 14:30, 15:30, 16:30, 17:30, 18:30, 19:30, 20:30, 21:30, 22:30, 23:30, 00:30, 01:30, 02:30, 03:30]
2025-10-16 13:04:28 INFO  c.e.s.f.s.i.JpaShiftAdapter - 📊 hourlyActual = [0, 0, 0, 0, 91, 0, 0, 0, 0, 0, 0, 0, 0, 0, 0, 0, 0, 0, 0, 0]
2025-10-16 13:04:29 DEBUG c.e.s.f.s.i.ShiftSettingsApplier - ✅ Настройки не изменились, смена актуальна: 2025-10-16
2025-10-16 13:04:29 INFO  c.e.s.f.s.i.ShiftSettingsApplier - 🔧 Обновлены часы смены: [08:00, 09:00, 10:00, 11:00, 12:30, 13:30, 14:30, 15:30, 16:30, 17:30, 18:30, 19:30, 20:30, 21:30, 22:30, 23:30, 00:30, 01:30, 02:30, 03:30]
2025-10-16 13:04:29 INFO  c.e.s.f.s.i.ShiftSettingsApplier - 📊 Применяем планы: [360, 480, 480, 480, 480, 480, 480, 480, 480, 480, 480, 480, 480, 480, 480, 480, 480, 480, 480, 360]
2025-10-16 13:04:29 INFO  c.e.s.f.s.i.JpaShiftAdapter - 📋 Сохраняем смену: date = 2025-10-16, labels = [08:00, 09:00, 10:00, 11:00, 12:30, 13:30, 14:30, 15:30, 16:30, 17:30, 18:30, 19:30, 20:30, 21:30, 22:30, 23:30, 00:30, 01:30, 02:30, 03:30], plan = [360, 480, 480, 480, 480, 480, 480, 480, 480, 480, 480, 480, 480, 480, 480, 480, 480, 480, 480, 360], actual = [0, 0, 0, 0, 92, 0, 0, 0, 0, 0, 0, 0, 0, 0, 0, 0, 0, 0, 0, 0]
2025-10-16 13:04:29 INFO  c.e.s.f.s.i.JpaShiftAdapter - 💾 Сохраняем actual: [0, 0, 0, 0, 92, 0, 0, 0, 0, 0, 0, 0, 0, 0, 0, 0, 0, 0, 0, 0]
2025-10-16 13:04:29 INFO  c.e.s.f.s.a.ShiftPlannerUseCase - 💾 Смена сохранена: 2025-10-16
2025-10-16 13:04:29 INFO  c.e.s.f.s.i.JpaShiftAdapter - 🧪 Читаем shift из БД: 2025-10-16
2025-10-16 13:04:29 INFO  c.e.s.f.s.i.JpaShiftAdapter - ⏱ hourlyLabels = [08:00, 09:00, 10:00, 11:00, 12:30, 13:30, 14:30, 15:30, 16:30, 17:30, 18:30, 19:30, 20:30, 21:30, 22:30, 23:30, 00:30, 01:30, 02:30, 03:30]
2025-10-16 13:04:29 INFO  c.e.s.f.s.i.JpaShiftAdapter - 📊 hourlyActual = [0, 0, 0, 0, 92, 0, 0, 0, 0, 0, 0, 0, 0, 0, 0, 0, 0, 0, 0, 0]
2025-10-16 13:04:29 INFO  c.e.s.f.s.a.e.ShiftUpdatedListener - 📤 Отправлен ShiftView в /topic/shift-updates: ShiftView[date=2025-10-16, actual=[0, 0, 0, 0, 92, 0, 0, 0, 0, 0, 0, 0, 0, 0, 0, 0, 0, 0, 0, 0], plan=[360, 480, 480, 480, 480, 480, 480, 480, 480, 480, 480, 480, 480, 480, 480, 480, 480, 480, 480, 360], hours=[08:00, 09:00, 10:00, 11:00, 12:30, 13:30, 14:30, 15:30, 16:30, 17:30, 18:30, 19:30, 20:30, 21:30, 22:30, 23:30, 00:30, 01:30, 02:30, 03:30]]
2025-10-16 13:04:29 INFO  c.e.s.f.s.i.JpaShiftAdapter - 🧪 Читаем shift из БД: 2025-10-16
2025-10-16 13:04:29 INFO  c.e.s.f.s.i.JpaShiftAdapter - ⏱ hourlyLabels = [08:00, 09:00, 10:00, 11:00, 12:30, 13:30, 14:30, 15:30, 16:30, 17:30, 18:30, 19:30, 20:30, 21:30, 22:30, 23:30, 00:30, 01:30, 02:30, 03:30]
2025-10-16 13:04:29 INFO  c.e.s.f.s.i.JpaShiftAdapter - 📊 hourlyActual = [0, 0, 0, 0, 92, 0, 0, 0, 0, 0, 0, 0, 0, 0, 0, 0, 0, 0, 0, 0]
2025-10-16 13:04:29 DEBUG c.e.s.f.s.i.ShiftSettingsApplier - ✅ Настройки не изменились, смена актуальна: 2025-10-16
2025-10-16 13:04:29 INFO  c.e.s.f.c.a.StoppageReconcilesService - Reconciled date=2025-10-16, hourIndex=4 -> saved 2 auto-stoppage(s)
2025-10-16 13:04:39 INFO  c.e.s.f.s.a.web.SignalController - 📡 Сигнал получен: сенсор = main, дата смены = 2025-10-15
2025-10-16 13:04:39 INFO  c.e.s.f.s.a.e.ProductDetectedListener - [EVENT] Product detected at 2025-10-16T13:04:39.244276
2025-10-16 13:04:39 INFO  c.e.s.f.s.i.JpaShiftAdapter - 🧪 Читаем shift из БД: 2025-10-16
2025-10-16 13:04:39 INFO  c.e.s.f.s.i.JpaShiftAdapter - ⏱ hourlyLabels = [08:00, 09:00, 10:00, 11:00, 12:30, 13:30, 14:30, 15:30, 16:30, 17:30, 18:30, 19:30, 20:30, 21:30, 22:30, 23:30, 00:30, 01:30, 02:30, 03:30]
2025-10-16 13:04:39 INFO  c.e.s.f.s.i.JpaShiftAdapter - 📊 hourlyActual = [0, 0, 0, 0, 92, 0, 0, 0, 0, 0, 0, 0, 0, 0, 0, 0, 0, 0, 0, 0]
2025-10-16 13:04:39 DEBUG c.e.s.f.s.i.ShiftSettingsApplier - ✅ Настройки не изменились, смена актуальна: 2025-10-16
2025-10-16 13:04:39 INFO  c.e.s.f.s.i.ShiftSettingsApplier - 🔧 Обновлены часы смены: [08:00, 09:00, 10:00, 11:00, 12:30, 13:30, 14:30, 15:30, 16:30, 17:30, 18:30, 19:30, 20:30, 21:30, 22:30, 23:30, 00:30, 01:30, 02:30, 03:30]
2025-10-16 13:04:39 INFO  c.e.s.f.s.i.ShiftSettingsApplier - 📊 Применяем планы: [360, 480, 480, 480, 480, 480, 480, 480, 480, 480, 480, 480, 480, 480, 480, 480, 480, 480, 480, 360]
2025-10-16 13:04:39 INFO  c.e.s.f.s.i.JpaShiftAdapter - 📋 Сохраняем смену: date = 2025-10-16, labels = [08:00, 09:00, 10:00, 11:00, 12:30, 13:30, 14:30, 15:30, 16:30, 17:30, 18:30, 19:30, 20:30, 21:30, 22:30, 23:30, 00:30, 01:30, 02:30, 03:30], plan = [360, 480, 480, 480, 480, 480, 480, 480, 480, 480, 480, 480, 480, 480, 480, 480, 480, 480, 480, 360], actual = [0, 0, 0, 0, 93, 0, 0, 0, 0, 0, 0, 0, 0, 0, 0, 0, 0, 0, 0, 0]
2025-10-16 13:04:39 INFO  c.e.s.f.s.i.JpaShiftAdapter - 💾 Сохраняем actual: [0, 0, 0, 0, 93, 0, 0, 0, 0, 0, 0, 0, 0, 0, 0, 0, 0, 0, 0, 0]
2025-10-16 13:04:39 INFO  c.e.s.f.s.a.ShiftPlannerUseCase - 💾 Смена сохранена: 2025-10-16
2025-10-16 13:04:39 INFO  c.e.s.f.s.i.JpaShiftAdapter - 🧪 Читаем shift из БД: 2025-10-16
2025-10-16 13:04:39 INFO  c.e.s.f.s.i.JpaShiftAdapter - ⏱ hourlyLabels = [08:00, 09:00, 10:00, 11:00, 12:30, 13:30, 14:30, 15:30, 16:30, 17:30, 18:30, 19:30, 20:30, 21:30, 22:30, 23:30, 00:30, 01:30, 02:30, 03:30]
2025-10-16 13:04:39 INFO  c.e.s.f.s.i.JpaShiftAdapter - 📊 hourlyActual = [0, 0, 0, 0, 93, 0, 0, 0, 0, 0, 0, 0, 0, 0, 0, 0, 0, 0, 0, 0]
2025-10-16 13:04:39 INFO  c.e.s.f.s.a.e.ShiftUpdatedListener - 📤 Отправлен ShiftView в /topic/shift-updates: ShiftView[date=2025-10-16, actual=[0, 0, 0, 0, 93, 0, 0, 0, 0, 0, 0, 0, 0, 0, 0, 0, 0, 0, 0, 0], plan=[360, 480, 480, 480, 480, 480, 480, 480, 480, 480, 480, 480, 480, 480, 480, 480, 480, 480, 480, 360], hours=[08:00, 09:00, 10:00, 11:00, 12:30, 13:30, 14:30, 15:30, 16:30, 17:30, 18:30, 19:30, 20:30, 21:30, 22:30, 23:30, 00:30, 01:30, 02:30, 03:30]]
2025-10-16 13:04:39 INFO  c.e.s.f.s.i.JpaShiftAdapter - 🧪 Читаем shift из БД: 2025-10-16
2025-10-16 13:04:39 INFO  c.e.s.f.s.i.JpaShiftAdapter - ⏱ hourlyLabels = [08:00, 09:00, 10:00, 11:00, 12:30, 13:30, 14:30, 15:30, 16:30, 17:30, 18:30, 19:30, 20:30, 21:30, 22:30, 23:30, 00:30, 01:30, 02:30, 03:30]
2025-10-16 13:04:39 INFO  c.e.s.f.s.i.JpaShiftAdapter - 📊 hourlyActual = [0, 0, 0, 0, 93, 0, 0, 0, 0, 0, 0, 0, 0, 0, 0, 0, 0, 0, 0, 0]
2025-10-16 13:04:39 DEBUG c.e.s.f.s.i.ShiftSettingsApplier - ✅ Настройки не изменились, смена актуальна: 2025-10-16
2025-10-16 13:04:39 INFO  c.e.s.f.c.a.StoppageReconcilesService - Reconciled date=2025-10-16, hourIndex=4 -> saved 2 auto-stoppage(s)
2025-10-16 13:04:50 INFO  c.e.s.f.s.a.web.SignalController - 📡 Сигнал получен: сенсор = main, дата смены = 2025-10-15
2025-10-16 13:04:50 INFO  c.e.s.f.s.a.e.ProductDetectedListener - [EVENT] Product detected at 2025-10-16T13:04:50.024559700
2025-10-16 13:04:50 INFO  c.e.s.f.s.i.JpaShiftAdapter - 🧪 Читаем shift из БД: 2025-10-16
2025-10-16 13:04:50 INFO  c.e.s.f.s.i.JpaShiftAdapter - ⏱ hourlyLabels = [08:00, 09:00, 10:00, 11:00, 12:30, 13:30, 14:30, 15:30, 16:30, 17:30, 18:30, 19:30, 20:30, 21:30, 22:30, 23:30, 00:30, 01:30, 02:30, 03:30]
2025-10-16 13:04:50 INFO  c.e.s.f.s.i.JpaShiftAdapter - 📊 hourlyActual = [0, 0, 0, 0, 93, 0, 0, 0, 0, 0, 0, 0, 0, 0, 0, 0, 0, 0, 0, 0]
2025-10-16 13:04:50 DEBUG c.e.s.f.s.i.ShiftSettingsApplier - ✅ Настройки не изменились, смена актуальна: 2025-10-16
2025-10-16 13:04:50 INFO  c.e.s.f.s.i.ShiftSettingsApplier - 🔧 Обновлены часы смены: [08:00, 09:00, 10:00, 11:00, 12:30, 13:30, 14:30, 15:30, 16:30, 17:30, 18:30, 19:30, 20:30, 21:30, 22:30, 23:30, 00:30, 01:30, 02:30, 03:30]
2025-10-16 13:04:50 INFO  c.e.s.f.s.i.ShiftSettingsApplier - 📊 Применяем планы: [360, 480, 480, 480, 480, 480, 480, 480, 480, 480, 480, 480, 480, 480, 480, 480, 480, 480, 480, 360]
2025-10-16 13:04:50 INFO  c.e.s.f.s.i.JpaShiftAdapter - 📋 Сохраняем смену: date = 2025-10-16, labels = [08:00, 09:00, 10:00, 11:00, 12:30, 13:30, 14:30, 15:30, 16:30, 17:30, 18:30, 19:30, 20:30, 21:30, 22:30, 23:30, 00:30, 01:30, 02:30, 03:30], plan = [360, 480, 480, 480, 480, 480, 480, 480, 480, 480, 480, 480, 480, 480, 480, 480, 480, 480, 480, 360], actual = [0, 0, 0, 0, 94, 0, 0, 0, 0, 0, 0, 0, 0, 0, 0, 0, 0, 0, 0, 0]
2025-10-16 13:04:50 INFO  c.e.s.f.s.i.JpaShiftAdapter - 💾 Сохраняем actual: [0, 0, 0, 0, 94, 0, 0, 0, 0, 0, 0, 0, 0, 0, 0, 0, 0, 0, 0, 0]
2025-10-16 13:04:50 INFO  c.e.s.f.s.a.ShiftPlannerUseCase - 💾 Смена сохранена: 2025-10-16
2025-10-16 13:04:50 INFO  c.e.s.f.s.i.JpaShiftAdapter - 🧪 Читаем shift из БД: 2025-10-16
2025-10-16 13:04:50 INFO  c.e.s.f.s.i.JpaShiftAdapter - ⏱ hourlyLabels = [08:00, 09:00, 10:00, 11:00, 12:30, 13:30, 14:30, 15:30, 16:30, 17:30, 18:30, 19:30, 20:30, 21:30, 22:30, 23:30, 00:30, 01:30, 02:30, 03:30]
2025-10-16 13:04:50 INFO  c.e.s.f.s.i.JpaShiftAdapter - 📊 hourlyActual = [0, 0, 0, 0, 94, 0, 0, 0, 0, 0, 0, 0, 0, 0, 0, 0, 0, 0, 0, 0]
2025-10-16 13:04:50 INFO  c.e.s.f.s.a.e.ShiftUpdatedListener - 📤 Отправлен ShiftView в /topic/shift-updates: ShiftView[date=2025-10-16, actual=[0, 0, 0, 0, 94, 0, 0, 0, 0, 0, 0, 0, 0, 0, 0, 0, 0, 0, 0, 0], plan=[360, 480, 480, 480, 480, 480, 480, 480, 480, 480, 480, 480, 480, 480, 480, 480, 480, 480, 480, 360], hours=[08:00, 09:00, 10:00, 11:00, 12:30, 13:30, 14:30, 15:30, 16:30, 17:30, 18:30, 19:30, 20:30, 21:30, 22:30, 23:30, 00:30, 01:30, 02:30, 03:30]]
2025-10-16 13:04:50 INFO  c.e.s.f.s.i.JpaShiftAdapter - 🧪 Читаем shift из БД: 2025-10-16
2025-10-16 13:04:50 INFO  c.e.s.f.s.i.JpaShiftAdapter - ⏱ hourlyLabels = [08:00, 09:00, 10:00, 11:00, 12:30, 13:30, 14:30, 15:30, 16:30, 17:30, 18:30, 19:30, 20:30, 21:30, 22:30, 23:30, 00:30, 01:30, 02:30, 03:30]
2025-10-16 13:04:50 INFO  c.e.s.f.s.i.JpaShiftAdapter - 📊 hourlyActual = [0, 0, 0, 0, 94, 0, 0, 0, 0, 0, 0, 0, 0, 0, 0, 0, 0, 0, 0, 0]
2025-10-16 13:04:50 DEBUG c.e.s.f.s.i.ShiftSettingsApplier - ✅ Настройки не изменились, смена актуальна: 2025-10-16
2025-10-16 13:04:50 INFO  c.e.s.f.c.a.StoppageReconcilesService - Reconciled date=2025-10-16, hourIndex=4 -> saved 2 auto-stoppage(s)
2025-10-16 13:05:00 INFO  c.e.s.f.s.a.web.SignalController - 📡 Сигнал получен: сенсор = main, дата смены = 2025-10-15
2025-10-16 13:05:00 INFO  c.e.s.f.s.a.e.ProductDetectedListener - [EVENT] Product detected at 2025-10-16T13:05:00.247795300
2025-10-16 13:05:00 INFO  c.e.s.f.s.i.JpaShiftAdapter - 🧪 Читаем shift из БД: 2025-10-16
2025-10-16 13:05:00 INFO  c.e.s.f.s.i.JpaShiftAdapter - ⏱ hourlyLabels = [08:00, 09:00, 10:00, 11:00, 12:30, 13:30, 14:30, 15:30, 16:30, 17:30, 18:30, 19:30, 20:30, 21:30, 22:30, 23:30, 00:30, 01:30, 02:30, 03:30]
2025-10-16 13:05:00 INFO  c.e.s.f.s.i.JpaShiftAdapter - 📊 hourlyActual = [0, 0, 0, 0, 94, 0, 0, 0, 0, 0, 0, 0, 0, 0, 0, 0, 0, 0, 0, 0]
2025-10-16 13:05:00 DEBUG c.e.s.f.s.i.ShiftSettingsApplier - ✅ Настройки не изменились, смена актуальна: 2025-10-16
2025-10-16 13:05:00 INFO  c.e.s.f.s.i.ShiftSettingsApplier - 🔧 Обновлены часы смены: [08:00, 09:00, 10:00, 11:00, 12:30, 13:30, 14:30, 15:30, 16:30, 17:30, 18:30, 19:30, 20:30, 21:30, 22:30, 23:30, 00:30, 01:30, 02:30, 03:30]
2025-10-16 13:05:00 INFO  c.e.s.f.s.i.ShiftSettingsApplier - 📊 Применяем планы: [360, 480, 480, 480, 480, 480, 480, 480, 480, 480, 480, 480, 480, 480, 480, 480, 480, 480, 480, 360]
2025-10-16 13:05:00 INFO  c.e.s.f.s.i.JpaShiftAdapter - 📋 Сохраняем смену: date = 2025-10-16, labels = [08:00, 09:00, 10:00, 11:00, 12:30, 13:30, 14:30, 15:30, 16:30, 17:30, 18:30, 19:30, 20:30, 21:30, 22:30, 23:30, 00:30, 01:30, 02:30, 03:30], plan = [360, 480, 480, 480, 480, 480, 480, 480, 480, 480, 480, 480, 480, 480, 480, 480, 480, 480, 480, 360], actual = [0, 0, 0, 0, 95, 0, 0, 0, 0, 0, 0, 0, 0, 0, 0, 0, 0, 0, 0, 0]
2025-10-16 13:05:00 INFO  c.e.s.f.s.i.JpaShiftAdapter - 💾 Сохраняем actual: [0, 0, 0, 0, 95, 0, 0, 0, 0, 0, 0, 0, 0, 0, 0, 0, 0, 0, 0, 0]
2025-10-16 13:05:00 INFO  c.e.s.f.s.a.ShiftPlannerUseCase - 💾 Смена сохранена: 2025-10-16
2025-10-16 13:05:00 INFO  c.e.s.f.s.i.JpaShiftAdapter - 🧪 Читаем shift из БД: 2025-10-16
2025-10-16 13:05:00 INFO  c.e.s.f.s.i.JpaShiftAdapter - ⏱ hourlyLabels = [08:00, 09:00, 10:00, 11:00, 12:30, 13:30, 14:30, 15:30, 16:30, 17:30, 18:30, 19:30, 20:30, 21:30, 22:30, 23:30, 00:30, 01:30, 02:30, 03:30]
2025-10-16 13:05:00 INFO  c.e.s.f.s.i.JpaShiftAdapter - 📊 hourlyActual = [0, 0, 0, 0, 95, 0, 0, 0, 0, 0, 0, 0, 0, 0, 0, 0, 0, 0, 0, 0]
2025-10-16 13:05:00 INFO  c.e.s.f.s.a.e.ShiftUpdatedListener - 📤 Отправлен ShiftView в /topic/shift-updates: ShiftView[date=2025-10-16, actual=[0, 0, 0, 0, 95, 0, 0, 0, 0, 0, 0, 0, 0, 0, 0, 0, 0, 0, 0, 0], plan=[360, 480, 480, 480, 480, 480, 480, 480, 480, 480, 480, 480, 480, 480, 480, 480, 480, 480, 480, 360], hours=[08:00, 09:00, 10:00, 11:00, 12:30, 13:30, 14:30, 15:30, 16:30, 17:30, 18:30, 19:30, 20:30, 21:30, 22:30, 23:30, 00:30, 01:30, 02:30, 03:30]]
2025-10-16 13:05:00 INFO  c.e.s.f.s.i.JpaShiftAdapter - 🧪 Читаем shift из БД: 2025-10-16
2025-10-16 13:05:00 INFO  c.e.s.f.s.i.JpaShiftAdapter - ⏱ hourlyLabels = [08:00, 09:00, 10:00, 11:00, 12:30, 13:30, 14:30, 15:30, 16:30, 17:30, 18:30, 19:30, 20:30, 21:30, 22:30, 23:30, 00:30, 01:30, 02:30, 03:30]
2025-10-16 13:05:00 INFO  c.e.s.f.s.i.JpaShiftAdapter - 📊 hourlyActual = [0, 0, 0, 0, 95, 0, 0, 0, 0, 0, 0, 0, 0, 0, 0, 0, 0, 0, 0, 0]
2025-10-16 13:05:00 DEBUG c.e.s.f.s.i.ShiftSettingsApplier - ✅ Настройки не изменились, смена актуальна: 2025-10-16
2025-10-16 13:05:00 INFO  c.e.s.f.c.a.StoppageReconcilesService - Reconciled date=2025-10-16, hourIndex=4 -> saved 2 auto-stoppage(s)
2025-10-16 13:05:10 INFO  c.e.s.f.s.a.web.SignalController - 📡 Сигнал получен: сенсор = main, дата смены = 2025-10-15
2025-10-16 13:05:10 INFO  c.e.s.f.s.a.e.ProductDetectedListener - [EVENT] Product detected at 2025-10-16T13:05:10.651040100
2025-10-16 13:05:10 INFO  c.e.s.f.s.i.JpaShiftAdapter - 🧪 Читаем shift из БД: 2025-10-16
2025-10-16 13:05:10 INFO  c.e.s.f.s.i.JpaShiftAdapter - ⏱ hourlyLabels = [08:00, 09:00, 10:00, 11:00, 12:30, 13:30, 14:30, 15:30, 16:30, 17:30, 18:30, 19:30, 20:30, 21:30, 22:30, 23:30, 00:30, 01:30, 02:30, 03:30]
2025-10-16 13:05:10 INFO  c.e.s.f.s.i.JpaShiftAdapter - 📊 hourlyActual = [0, 0, 0, 0, 95, 0, 0, 0, 0, 0, 0, 0, 0, 0, 0, 0, 0, 0, 0, 0]
2025-10-16 13:05:11 DEBUG c.e.s.f.s.i.ShiftSettingsApplier - ✅ Настройки не изменились, смена актуальна: 2025-10-16
2025-10-16 13:05:11 INFO  c.e.s.f.s.i.ShiftSettingsApplier - 🔧 Обновлены часы смены: [08:00, 09:00, 10:00, 11:00, 12:30, 13:30, 14:30, 15:30, 16:30, 17:30, 18:30, 19:30, 20:30, 21:30, 22:30, 23:30, 00:30, 01:30, 02:30, 03:30]
2025-10-16 13:05:11 INFO  c.e.s.f.s.i.ShiftSettingsApplier - 📊 Применяем планы: [360, 480, 480, 480, 480, 480, 480, 480, 480, 480, 480, 480, 480, 480, 480, 480, 480, 480, 480, 360]
2025-10-16 13:05:11 INFO  c.e.s.f.s.i.JpaShiftAdapter - 📋 Сохраняем смену: date = 2025-10-16, labels = [08:00, 09:00, 10:00, 11:00, 12:30, 13:30, 14:30, 15:30, 16:30, 17:30, 18:30, 19:30, 20:30, 21:30, 22:30, 23:30, 00:30, 01:30, 02:30, 03:30], plan = [360, 480, 480, 480, 480, 480, 480, 480, 480, 480, 480, 480, 480, 480, 480, 480, 480, 480, 480, 360], actual = [0, 0, 0, 0, 96, 0, 0, 0, 0, 0, 0, 0, 0, 0, 0, 0, 0, 0, 0, 0]
2025-10-16 13:05:11 INFO  c.e.s.f.s.i.JpaShiftAdapter - 💾 Сохраняем actual: [0, 0, 0, 0, 96, 0, 0, 0, 0, 0, 0, 0, 0, 0, 0, 0, 0, 0, 0, 0]
2025-10-16 13:05:11 INFO  c.e.s.f.s.a.ShiftPlannerUseCase - 💾 Смена сохранена: 2025-10-16
2025-10-16 13:05:11 INFO  c.e.s.f.s.i.JpaShiftAdapter - 🧪 Читаем shift из БД: 2025-10-16
2025-10-16 13:05:11 INFO  c.e.s.f.s.i.JpaShiftAdapter - ⏱ hourlyLabels = [08:00, 09:00, 10:00, 11:00, 12:30, 13:30, 14:30, 15:30, 16:30, 17:30, 18:30, 19:30, 20:30, 21:30, 22:30, 23:30, 00:30, 01:30, 02:30, 03:30]
2025-10-16 13:05:11 INFO  c.e.s.f.s.i.JpaShiftAdapter - 📊 hourlyActual = [0, 0, 0, 0, 96, 0, 0, 0, 0, 0, 0, 0, 0, 0, 0, 0, 0, 0, 0, 0]
2025-10-16 13:05:11 INFO  c.e.s.f.s.a.e.ShiftUpdatedListener - 📤 Отправлен ShiftView в /topic/shift-updates: ShiftView[date=2025-10-16, actual=[0, 0, 0, 0, 96, 0, 0, 0, 0, 0, 0, 0, 0, 0, 0, 0, 0, 0, 0, 0], plan=[360, 480, 480, 480, 480, 480, 480, 480, 480, 480, 480, 480, 480, 480, 480, 480, 480, 480, 480, 360], hours=[08:00, 09:00, 10:00, 11:00, 12:30, 13:30, 14:30, 15:30, 16:30, 17:30, 18:30, 19:30, 20:30, 21:30, 22:30, 23:30, 00:30, 01:30, 02:30, 03:30]]
2025-10-16 13:05:11 INFO  c.e.s.f.s.i.JpaShiftAdapter - 🧪 Читаем shift из БД: 2025-10-16
2025-10-16 13:05:11 INFO  c.e.s.f.s.i.JpaShiftAdapter - ⏱ hourlyLabels = [08:00, 09:00, 10:00, 11:00, 12:30, 13:30, 14:30, 15:30, 16:30, 17:30, 18:30, 19:30, 20:30, 21:30, 22:30, 23:30, 00:30, 01:30, 02:30, 03:30]
2025-10-16 13:05:11 INFO  c.e.s.f.s.i.JpaShiftAdapter - 📊 hourlyActual = [0, 0, 0, 0, 96, 0, 0, 0, 0, 0, 0, 0, 0, 0, 0, 0, 0, 0, 0, 0]
2025-10-16 13:05:11 DEBUG c.e.s.f.s.i.ShiftSettingsApplier - ✅ Настройки не изменились, смена актуальна: 2025-10-16
2025-10-16 13:05:11 INFO  c.e.s.f.c.a.StoppageReconcilesService - Reconciled date=2025-10-16, hourIndex=4 -> saved 2 auto-stoppage(s)
2025-10-16 13:05:22 INFO  c.e.s.f.s.a.web.SignalController - 📡 Сигнал получен: сенсор = main, дата смены = 2025-10-15
2025-10-16 13:05:22 INFO  c.e.s.f.s.a.e.ProductDetectedListener - [EVENT] Product detected at 2025-10-16T13:05:22.309967800
2025-10-16 13:05:22 INFO  c.e.s.f.s.i.JpaShiftAdapter - 🧪 Читаем shift из БД: 2025-10-16
2025-10-16 13:05:22 INFO  c.e.s.f.s.i.JpaShiftAdapter - ⏱ hourlyLabels = [08:00, 09:00, 10:00, 11:00, 12:30, 13:30, 14:30, 15:30, 16:30, 17:30, 18:30, 19:30, 20:30, 21:30, 22:30, 23:30, 00:30, 01:30, 02:30, 03:30]
2025-10-16 13:05:22 INFO  c.e.s.f.s.i.JpaShiftAdapter - 📊 hourlyActual = [0, 0, 0, 0, 96, 0, 0, 0, 0, 0, 0, 0, 0, 0, 0, 0, 0, 0, 0, 0]
2025-10-16 13:05:22 DEBUG c.e.s.f.s.i.ShiftSettingsApplier - ✅ Настройки не изменились, смена актуальна: 2025-10-16
2025-10-16 13:05:22 INFO  c.e.s.f.s.i.ShiftSettingsApplier - 🔧 Обновлены часы смены: [08:00, 09:00, 10:00, 11:00, 12:30, 13:30, 14:30, 15:30, 16:30, 17:30, 18:30, 19:30, 20:30, 21:30, 22:30, 23:30, 00:30, 01:30, 02:30, 03:30]
2025-10-16 13:05:22 INFO  c.e.s.f.s.i.ShiftSettingsApplier - 📊 Применяем планы: [360, 480, 480, 480, 480, 480, 480, 480, 480, 480, 480, 480, 480, 480, 480, 480, 480, 480, 480, 360]
2025-10-16 13:05:22 INFO  c.e.s.f.s.i.JpaShiftAdapter - 📋 Сохраняем смену: date = 2025-10-16, labels = [08:00, 09:00, 10:00, 11:00, 12:30, 13:30, 14:30, 15:30, 16:30, 17:30, 18:30, 19:30, 20:30, 21:30, 22:30, 23:30, 00:30, 01:30, 02:30, 03:30], plan = [360, 480, 480, 480, 480, 480, 480, 480, 480, 480, 480, 480, 480, 480, 480, 480, 480, 480, 480, 360], actual = [0, 0, 0, 0, 97, 0, 0, 0, 0, 0, 0, 0, 0, 0, 0, 0, 0, 0, 0, 0]
2025-10-16 13:05:22 INFO  c.e.s.f.s.i.JpaShiftAdapter - 💾 Сохраняем actual: [0, 0, 0, 0, 97, 0, 0, 0, 0, 0, 0, 0, 0, 0, 0, 0, 0, 0, 0, 0]
2025-10-16 13:05:22 INFO  c.e.s.f.s.a.ShiftPlannerUseCase - 💾 Смена сохранена: 2025-10-16
2025-10-16 13:05:22 INFO  c.e.s.f.s.i.JpaShiftAdapter - 🧪 Читаем shift из БД: 2025-10-16
2025-10-16 13:05:22 INFO  c.e.s.f.s.i.JpaShiftAdapter - ⏱ hourlyLabels = [08:00, 09:00, 10:00, 11:00, 12:30, 13:30, 14:30, 15:30, 16:30, 17:30, 18:30, 19:30, 20:30, 21:30, 22:30, 23:30, 00:30, 01:30, 02:30, 03:30]
2025-10-16 13:05:22 INFO  c.e.s.f.s.i.JpaShiftAdapter - 📊 hourlyActual = [0, 0, 0, 0, 97, 0, 0, 0, 0, 0, 0, 0, 0, 0, 0, 0, 0, 0, 0, 0]
2025-10-16 13:05:22 INFO  c.e.s.f.s.a.e.ShiftUpdatedListener - 📤 Отправлен ShiftView в /topic/shift-updates: ShiftView[date=2025-10-16, actual=[0, 0, 0, 0, 97, 0, 0, 0, 0, 0, 0, 0, 0, 0, 0, 0, 0, 0, 0, 0], plan=[360, 480, 480, 480, 480, 480, 480, 480, 480, 480, 480, 480, 480, 480, 480, 480, 480, 480, 480, 360], hours=[08:00, 09:00, 10:00, 11:00, 12:30, 13:30, 14:30, 15:30, 16:30, 17:30, 18:30, 19:30, 20:30, 21:30, 22:30, 23:30, 00:30, 01:30, 02:30, 03:30]]
2025-10-16 13:05:22 INFO  c.e.s.f.s.i.JpaShiftAdapter - 🧪 Читаем shift из БД: 2025-10-16
2025-10-16 13:05:22 INFO  c.e.s.f.s.i.JpaShiftAdapter - ⏱ hourlyLabels = [08:00, 09:00, 10:00, 11:00, 12:30, 13:30, 14:30, 15:30, 16:30, 17:30, 18:30, 19:30, 20:30, 21:30, 22:30, 23:30, 00:30, 01:30, 02:30, 03:30]
2025-10-16 13:05:22 INFO  c.e.s.f.s.i.JpaShiftAdapter - 📊 hourlyActual = [0, 0, 0, 0, 97, 0, 0, 0, 0, 0, 0, 0, 0, 0, 0, 0, 0, 0, 0, 0]
2025-10-16 13:05:22 DEBUG c.e.s.f.s.i.ShiftSettingsApplier - ✅ Настройки не изменились, смена актуальна: 2025-10-16
2025-10-16 13:05:22 INFO  c.e.s.f.c.a.StoppageReconcilesService - Reconciled date=2025-10-16, hourIndex=4 -> saved 2 auto-stoppage(s)
2025-10-16 13:05:32 INFO  c.e.s.f.s.a.web.SignalController - 📡 Сигнал получен: сенсор = main, дата смены = 2025-10-15
2025-10-16 13:05:32 INFO  c.e.s.f.s.a.e.ProductDetectedListener - [EVENT] Product detected at 2025-10-16T13:05:32.920651500
2025-10-16 13:05:32 INFO  c.e.s.f.s.i.JpaShiftAdapter - 🧪 Читаем shift из БД: 2025-10-16
2025-10-16 13:05:32 INFO  c.e.s.f.s.i.JpaShiftAdapter - ⏱ hourlyLabels = [08:00, 09:00, 10:00, 11:00, 12:30, 13:30, 14:30, 15:30, 16:30, 17:30, 18:30, 19:30, 20:30, 21:30, 22:30, 23:30, 00:30, 01:30, 02:30, 03:30]
2025-10-16 13:05:32 INFO  c.e.s.f.s.i.JpaShiftAdapter - 📊 hourlyActual = [0, 0, 0, 0, 97, 0, 0, 0, 0, 0, 0, 0, 0, 0, 0, 0, 0, 0, 0, 0]
2025-10-16 13:05:33 DEBUG c.e.s.f.s.i.ShiftSettingsApplier - ✅ Настройки не изменились, смена актуальна: 2025-10-16
2025-10-16 13:05:33 INFO  c.e.s.f.s.i.ShiftSettingsApplier - 🔧 Обновлены часы смены: [08:00, 09:00, 10:00, 11:00, 12:30, 13:30, 14:30, 15:30, 16:30, 17:30, 18:30, 19:30, 20:30, 21:30, 22:30, 23:30, 00:30, 01:30, 02:30, 03:30]
2025-10-16 13:05:33 INFO  c.e.s.f.s.i.ShiftSettingsApplier - 📊 Применяем планы: [360, 480, 480, 480, 480, 480, 480, 480, 480, 480, 480, 480, 480, 480, 480, 480, 480, 480, 480, 360]
2025-10-16 13:05:33 INFO  c.e.s.f.s.i.JpaShiftAdapter - 📋 Сохраняем смену: date = 2025-10-16, labels = [08:00, 09:00, 10:00, 11:00, 12:30, 13:30, 14:30, 15:30, 16:30, 17:30, 18:30, 19:30, 20:30, 21:30, 22:30, 23:30, 00:30, 01:30, 02:30, 03:30], plan = [360, 480, 480, 480, 480, 480, 480, 480, 480, 480, 480, 480, 480, 480, 480, 480, 480, 480, 480, 360], actual = [0, 0, 0, 0, 98, 0, 0, 0, 0, 0, 0, 0, 0, 0, 0, 0, 0, 0, 0, 0]
2025-10-16 13:05:33 INFO  c.e.s.f.s.i.JpaShiftAdapter - 💾 Сохраняем actual: [0, 0, 0, 0, 98, 0, 0, 0, 0, 0, 0, 0, 0, 0, 0, 0, 0, 0, 0, 0]
2025-10-16 13:05:33 INFO  c.e.s.f.s.a.ShiftPlannerUseCase - 💾 Смена сохранена: 2025-10-16
2025-10-16 13:05:33 INFO  c.e.s.f.s.i.JpaShiftAdapter - 🧪 Читаем shift из БД: 2025-10-16
2025-10-16 13:05:33 INFO  c.e.s.f.s.i.JpaShiftAdapter - ⏱ hourlyLabels = [08:00, 09:00, 10:00, 11:00, 12:30, 13:30, 14:30, 15:30, 16:30, 17:30, 18:30, 19:30, 20:30, 21:30, 22:30, 23:30, 00:30, 01:30, 02:30, 03:30]
2025-10-16 13:05:33 INFO  c.e.s.f.s.i.JpaShiftAdapter - 📊 hourlyActual = [0, 0, 0, 0, 98, 0, 0, 0, 0, 0, 0, 0, 0, 0, 0, 0, 0, 0, 0, 0]
2025-10-16 13:05:33 INFO  c.e.s.f.s.a.e.ShiftUpdatedListener - 📤 Отправлен ShiftView в /topic/shift-updates: ShiftView[date=2025-10-16, actual=[0, 0, 0, 0, 98, 0, 0, 0, 0, 0, 0, 0, 0, 0, 0, 0, 0, 0, 0, 0], plan=[360, 480, 480, 480, 480, 480, 480, 480, 480, 480, 480, 480, 480, 480, 480, 480, 480, 480, 480, 360], hours=[08:00, 09:00, 10:00, 11:00, 12:30, 13:30, 14:30, 15:30, 16:30, 17:30, 18:30, 19:30, 20:30, 21:30, 22:30, 23:30, 00:30, 01:30, 02:30, 03:30]]
2025-10-16 13:05:33 INFO  c.e.s.f.s.i.JpaShiftAdapter - 🧪 Читаем shift из БД: 2025-10-16
2025-10-16 13:05:33 INFO  c.e.s.f.s.i.JpaShiftAdapter - ⏱ hourlyLabels = [08:00, 09:00, 10:00, 11:00, 12:30, 13:30, 14:30, 15:30, 16:30, 17:30, 18:30, 19:30, 20:30, 21:30, 22:30, 23:30, 00:30, 01:30, 02:30, 03:30]
2025-10-16 13:05:33 INFO  c.e.s.f.s.i.JpaShiftAdapter - 📊 hourlyActual = [0, 0, 0, 0, 98, 0, 0, 0, 0, 0, 0, 0, 0, 0, 0, 0, 0, 0, 0, 0]
2025-10-16 13:05:33 DEBUG c.e.s.f.s.i.ShiftSettingsApplier - ✅ Настройки не изменились, смена актуальна: 2025-10-16
2025-10-16 13:05:33 INFO  c.e.s.f.c.a.StoppageReconcilesService - Reconciled date=2025-10-16, hourIndex=4 -> saved 2 auto-stoppage(s)
2025-10-16 13:05:43 INFO  c.e.s.f.s.a.web.SignalController - 📡 Сигнал получен: сенсор = main, дата смены = 2025-10-15
2025-10-16 13:05:43 INFO  c.e.s.f.s.a.e.ProductDetectedListener - [EVENT] Product detected at 2025-10-16T13:05:43.158420400
2025-10-16 13:05:43 INFO  c.e.s.f.s.i.JpaShiftAdapter - 🧪 Читаем shift из БД: 2025-10-16
2025-10-16 13:05:43 INFO  c.e.s.f.s.i.JpaShiftAdapter - ⏱ hourlyLabels = [08:00, 09:00, 10:00, 11:00, 12:30, 13:30, 14:30, 15:30, 16:30, 17:30, 18:30, 19:30, 20:30, 21:30, 22:30, 23:30, 00:30, 01:30, 02:30, 03:30]
2025-10-16 13:05:43 INFO  c.e.s.f.s.i.JpaShiftAdapter - 📊 hourlyActual = [0, 0, 0, 0, 98, 0, 0, 0, 0, 0, 0, 0, 0, 0, 0, 0, 0, 0, 0, 0]
2025-10-16 13:05:43 DEBUG c.e.s.f.s.i.ShiftSettingsApplier - ✅ Настройки не изменились, смена актуальна: 2025-10-16
2025-10-16 13:05:43 INFO  c.e.s.f.s.i.ShiftSettingsApplier - 🔧 Обновлены часы смены: [08:00, 09:00, 10:00, 11:00, 12:30, 13:30, 14:30, 15:30, 16:30, 17:30, 18:30, 19:30, 20:30, 21:30, 22:30, 23:30, 00:30, 01:30, 02:30, 03:30]
2025-10-16 13:05:43 INFO  c.e.s.f.s.i.ShiftSettingsApplier - 📊 Применяем планы: [360, 480, 480, 480, 480, 480, 480, 480, 480, 480, 480, 480, 480, 480, 480, 480, 480, 480, 480, 360]
2025-10-16 13:05:43 INFO  c.e.s.f.s.i.JpaShiftAdapter - 📋 Сохраняем смену: date = 2025-10-16, labels = [08:00, 09:00, 10:00, 11:00, 12:30, 13:30, 14:30, 15:30, 16:30, 17:30, 18:30, 19:30, 20:30, 21:30, 22:30, 23:30, 00:30, 01:30, 02:30, 03:30], plan = [360, 480, 480, 480, 480, 480, 480, 480, 480, 480, 480, 480, 480, 480, 480, 480, 480, 480, 480, 360], actual = [0, 0, 0, 0, 99, 0, 0, 0, 0, 0, 0, 0, 0, 0, 0, 0, 0, 0, 0, 0]
2025-10-16 13:05:43 INFO  c.e.s.f.s.i.JpaShiftAdapter - 💾 Сохраняем actual: [0, 0, 0, 0, 99, 0, 0, 0, 0, 0, 0, 0, 0, 0, 0, 0, 0, 0, 0, 0]
2025-10-16 13:05:43 INFO  c.e.s.f.s.a.ShiftPlannerUseCase - 💾 Смена сохранена: 2025-10-16
2025-10-16 13:05:43 INFO  c.e.s.f.s.i.JpaShiftAdapter - 🧪 Читаем shift из БД: 2025-10-16
2025-10-16 13:05:43 INFO  c.e.s.f.s.i.JpaShiftAdapter - ⏱ hourlyLabels = [08:00, 09:00, 10:00, 11:00, 12:30, 13:30, 14:30, 15:30, 16:30, 17:30, 18:30, 19:30, 20:30, 21:30, 22:30, 23:30, 00:30, 01:30, 02:30, 03:30]
2025-10-16 13:05:43 INFO  c.e.s.f.s.i.JpaShiftAdapter - 📊 hourlyActual = [0, 0, 0, 0, 99, 0, 0, 0, 0, 0, 0, 0, 0, 0, 0, 0, 0, 0, 0, 0]
2025-10-16 13:05:43 INFO  c.e.s.f.s.a.e.ShiftUpdatedListener - 📤 Отправлен ShiftView в /topic/shift-updates: ShiftView[date=2025-10-16, actual=[0, 0, 0, 0, 99, 0, 0, 0, 0, 0, 0, 0, 0, 0, 0, 0, 0, 0, 0, 0], plan=[360, 480, 480, 480, 480, 480, 480, 480, 480, 480, 480, 480, 480, 480, 480, 480, 480, 480, 480, 360], hours=[08:00, 09:00, 10:00, 11:00, 12:30, 13:30, 14:30, 15:30, 16:30, 17:30, 18:30, 19:30, 20:30, 21:30, 22:30, 23:30, 00:30, 01:30, 02:30, 03:30]]
2025-10-16 13:05:43 INFO  c.e.s.f.s.i.JpaShiftAdapter - 🧪 Читаем shift из БД: 2025-10-16
2025-10-16 13:05:43 INFO  c.e.s.f.s.i.JpaShiftAdapter - ⏱ hourlyLabels = [08:00, 09:00, 10:00, 11:00, 12:30, 13:30, 14:30, 15:30, 16:30, 17:30, 18:30, 19:30, 20:30, 21:30, 22:30, 23:30, 00:30, 01:30, 02:30, 03:30]
2025-10-16 13:05:43 INFO  c.e.s.f.s.i.JpaShiftAdapter - 📊 hourlyActual = [0, 0, 0, 0, 99, 0, 0, 0, 0, 0, 0, 0, 0, 0, 0, 0, 0, 0, 0, 0]
2025-10-16 13:05:43 DEBUG c.e.s.f.s.i.ShiftSettingsApplier - ✅ Настройки не изменились, смена актуальна: 2025-10-16
2025-10-16 13:05:43 INFO  c.e.s.f.c.a.StoppageReconcilesService - Reconciled date=2025-10-16, hourIndex=4 -> saved 2 auto-stoppage(s)
2025-10-16 13:05:53 INFO  c.e.s.f.s.a.web.SignalController - 📡 Сигнал получен: сенсор = main, дата смены = 2025-10-15
2025-10-16 13:05:53 INFO  c.e.s.f.s.a.e.ProductDetectedListener - [EVENT] Product detected at 2025-10-16T13:05:53.379466100
2025-10-16 13:05:53 INFO  c.e.s.f.s.i.JpaShiftAdapter - 🧪 Читаем shift из БД: 2025-10-16
2025-10-16 13:05:53 INFO  c.e.s.f.s.i.JpaShiftAdapter - ⏱ hourlyLabels = [08:00, 09:00, 10:00, 11:00, 12:30, 13:30, 14:30, 15:30, 16:30, 17:30, 18:30, 19:30, 20:30, 21:30, 22:30, 23:30, 00:30, 01:30, 02:30, 03:30]
2025-10-16 13:05:53 INFO  c.e.s.f.s.i.JpaShiftAdapter - 📊 hourlyActual = [0, 0, 0, 0, 99, 0, 0, 0, 0, 0, 0, 0, 0, 0, 0, 0, 0, 0, 0, 0]
2025-10-16 13:05:53 DEBUG c.e.s.f.s.i.ShiftSettingsApplier - ✅ Настройки не изменились, смена актуальна: 2025-10-16
2025-10-16 13:05:53 INFO  c.e.s.f.s.i.ShiftSettingsApplier - 🔧 Обновлены часы смены: [08:00, 09:00, 10:00, 11:00, 12:30, 13:30, 14:30, 15:30, 16:30, 17:30, 18:30, 19:30, 20:30, 21:30, 22:30, 23:30, 00:30, 01:30, 02:30, 03:30]
2025-10-16 13:05:53 INFO  c.e.s.f.s.i.ShiftSettingsApplier - 📊 Применяем планы: [360, 480, 480, 480, 480, 480, 480, 480, 480, 480, 480, 480, 480, 480, 480, 480, 480, 480, 480, 360]
2025-10-16 13:05:53 INFO  c.e.s.f.s.i.JpaShiftAdapter - 📋 Сохраняем смену: date = 2025-10-16, labels = [08:00, 09:00, 10:00, 11:00, 12:30, 13:30, 14:30, 15:30, 16:30, 17:30, 18:30, 19:30, 20:30, 21:30, 22:30, 23:30, 00:30, 01:30, 02:30, 03:30], plan = [360, 480, 480, 480, 480, 480, 480, 480, 480, 480, 480, 480, 480, 480, 480, 480, 480, 480, 480, 360], actual = [0, 0, 0, 0, 100, 0, 0, 0, 0, 0, 0, 0, 0, 0, 0, 0, 0, 0, 0, 0]
2025-10-16 13:05:53 INFO  c.e.s.f.s.i.JpaShiftAdapter - 💾 Сохраняем actual: [0, 0, 0, 0, 100, 0, 0, 0, 0, 0, 0, 0, 0, 0, 0, 0, 0, 0, 0, 0]
2025-10-16 13:05:53 INFO  c.e.s.f.s.a.ShiftPlannerUseCase - 💾 Смена сохранена: 2025-10-16
2025-10-16 13:05:53 INFO  c.e.s.f.s.i.JpaShiftAdapter - 🧪 Читаем shift из БД: 2025-10-16
2025-10-16 13:05:53 INFO  c.e.s.f.s.i.JpaShiftAdapter - ⏱ hourlyLabels = [08:00, 09:00, 10:00, 11:00, 12:30, 13:30, 14:30, 15:30, 16:30, 17:30, 18:30, 19:30, 20:30, 21:30, 22:30, 23:30, 00:30, 01:30, 02:30, 03:30]
2025-10-16 13:05:53 INFO  c.e.s.f.s.i.JpaShiftAdapter - 📊 hourlyActual = [0, 0, 0, 0, 100, 0, 0, 0, 0, 0, 0, 0, 0, 0, 0, 0, 0, 0, 0, 0]
2025-10-16 13:05:53 INFO  c.e.s.f.s.a.e.ShiftUpdatedListener - 📤 Отправлен ShiftView в /topic/shift-updates: ShiftView[date=2025-10-16, actual=[0, 0, 0, 0, 100, 0, 0, 0, 0, 0, 0, 0, 0, 0, 0, 0, 0, 0, 0, 0], plan=[360, 480, 480, 480, 480, 480, 480, 480, 480, 480, 480, 480, 480, 480, 480, 480, 480, 480, 480, 360], hours=[08:00, 09:00, 10:00, 11:00, 12:30, 13:30, 14:30, 15:30, 16:30, 17:30, 18:30, 19:30, 20:30, 21:30, 22:30, 23:30, 00:30, 01:30, 02:30, 03:30]]
2025-10-16 13:05:53 INFO  c.e.s.f.s.i.JpaShiftAdapter - 🧪 Читаем shift из БД: 2025-10-16
2025-10-16 13:05:53 INFO  c.e.s.f.s.i.JpaShiftAdapter - ⏱ hourlyLabels = [08:00, 09:00, 10:00, 11:00, 12:30, 13:30, 14:30, 15:30, 16:30, 17:30, 18:30, 19:30, 20:30, 21:30, 22:30, 23:30, 00:30, 01:30, 02:30, 03:30]
2025-10-16 13:05:53 INFO  c.e.s.f.s.i.JpaShiftAdapter - 📊 hourlyActual = [0, 0, 0, 0, 100, 0, 0, 0, 0, 0, 0, 0, 0, 0, 0, 0, 0, 0, 0, 0]
2025-10-16 13:05:53 DEBUG c.e.s.f.s.i.ShiftSettingsApplier - ✅ Настройки не изменились, смена актуальна: 2025-10-16
2025-10-16 13:05:53 INFO  c.e.s.f.c.a.StoppageReconcilesService - Reconciled date=2025-10-16, hourIndex=4 -> saved 2 auto-stoppage(s)
2025-10-16 13:06:03 INFO  c.e.s.f.s.a.web.SignalController - 📡 Сигнал получен: сенсор = main, дата смены = 2025-10-15
2025-10-16 13:06:03 INFO  c.e.s.f.s.a.e.ProductDetectedListener - [EVENT] Product detected at 2025-10-16T13:06:03.770690500
2025-10-16 13:06:03 INFO  c.e.s.f.s.i.JpaShiftAdapter - 🧪 Читаем shift из БД: 2025-10-16
2025-10-16 13:06:03 INFO  c.e.s.f.s.i.JpaShiftAdapter - ⏱ hourlyLabels = [08:00, 09:00, 10:00, 11:00, 12:30, 13:30, 14:30, 15:30, 16:30, 17:30, 18:30, 19:30, 20:30, 21:30, 22:30, 23:30, 00:30, 01:30, 02:30, 03:30]
2025-10-16 13:06:03 INFO  c.e.s.f.s.i.JpaShiftAdapter - 📊 hourlyActual = [0, 0, 0, 0, 100, 0, 0, 0, 0, 0, 0, 0, 0, 0, 0, 0, 0, 0, 0, 0]
2025-10-16 13:06:03 DEBUG c.e.s.f.s.i.ShiftSettingsApplier - ✅ Настройки не изменились, смена актуальна: 2025-10-16
2025-10-16 13:06:03 INFO  c.e.s.f.s.i.ShiftSettingsApplier - 🔧 Обновлены часы смены: [08:00, 09:00, 10:00, 11:00, 12:30, 13:30, 14:30, 15:30, 16:30, 17:30, 18:30, 19:30, 20:30, 21:30, 22:30, 23:30, 00:30, 01:30, 02:30, 03:30]
2025-10-16 13:06:03 INFO  c.e.s.f.s.i.ShiftSettingsApplier - 📊 Применяем планы: [360, 480, 480, 480, 480, 480, 480, 480, 480, 480, 480, 480, 480, 480, 480, 480, 480, 480, 480, 360]
2025-10-16 13:06:03 INFO  c.e.s.f.s.i.JpaShiftAdapter - 📋 Сохраняем смену: date = 2025-10-16, labels = [08:00, 09:00, 10:00, 11:00, 12:30, 13:30, 14:30, 15:30, 16:30, 17:30, 18:30, 19:30, 20:30, 21:30, 22:30, 23:30, 00:30, 01:30, 02:30, 03:30], plan = [360, 480, 480, 480, 480, 480, 480, 480, 480, 480, 480, 480, 480, 480, 480, 480, 480, 480, 480, 360], actual = [0, 0, 0, 0, 101, 0, 0, 0, 0, 0, 0, 0, 0, 0, 0, 0, 0, 0, 0, 0]
2025-10-16 13:06:03 INFO  c.e.s.f.s.i.JpaShiftAdapter - 💾 Сохраняем actual: [0, 0, 0, 0, 101, 0, 0, 0, 0, 0, 0, 0, 0, 0, 0, 0, 0, 0, 0, 0]
2025-10-16 13:06:03 INFO  c.e.s.f.s.a.ShiftPlannerUseCase - 💾 Смена сохранена: 2025-10-16
2025-10-16 13:06:03 INFO  c.e.s.f.s.i.JpaShiftAdapter - 🧪 Читаем shift из БД: 2025-10-16
2025-10-16 13:06:03 INFO  c.e.s.f.s.i.JpaShiftAdapter - ⏱ hourlyLabels = [08:00, 09:00, 10:00, 11:00, 12:30, 13:30, 14:30, 15:30, 16:30, 17:30, 18:30, 19:30, 20:30, 21:30, 22:30, 23:30, 00:30, 01:30, 02:30, 03:30]
2025-10-16 13:06:03 INFO  c.e.s.f.s.i.JpaShiftAdapter - 📊 hourlyActual = [0, 0, 0, 0, 101, 0, 0, 0, 0, 0, 0, 0, 0, 0, 0, 0, 0, 0, 0, 0]
2025-10-16 13:06:03 INFO  c.e.s.f.s.a.e.ShiftUpdatedListener - 📤 Отправлен ShiftView в /topic/shift-updates: ShiftView[date=2025-10-16, actual=[0, 0, 0, 0, 101, 0, 0, 0, 0, 0, 0, 0, 0, 0, 0, 0, 0, 0, 0, 0], plan=[360, 480, 480, 480, 480, 480, 480, 480, 480, 480, 480, 480, 480, 480, 480, 480, 480, 480, 480, 360], hours=[08:00, 09:00, 10:00, 11:00, 12:30, 13:30, 14:30, 15:30, 16:30, 17:30, 18:30, 19:30, 20:30, 21:30, 22:30, 23:30, 00:30, 01:30, 02:30, 03:30]]
2025-10-16 13:06:03 INFO  c.e.s.f.s.i.JpaShiftAdapter - 🧪 Читаем shift из БД: 2025-10-16
2025-10-16 13:06:03 INFO  c.e.s.f.s.i.JpaShiftAdapter - ⏱ hourlyLabels = [08:00, 09:00, 10:00, 11:00, 12:30, 13:30, 14:30, 15:30, 16:30, 17:30, 18:30, 19:30, 20:30, 21:30, 22:30, 23:30, 00:30, 01:30, 02:30, 03:30]
2025-10-16 13:06:03 INFO  c.e.s.f.s.i.JpaShiftAdapter - 📊 hourlyActual = [0, 0, 0, 0, 101, 0, 0, 0, 0, 0, 0, 0, 0, 0, 0, 0, 0, 0, 0, 0]
2025-10-16 13:06:03 DEBUG c.e.s.f.s.i.ShiftSettingsApplier - ✅ Настройки не изменились, смена актуальна: 2025-10-16
2025-10-16 13:06:03 INFO  c.e.s.f.c.a.StoppageReconcilesService - Reconciled date=2025-10-16, hourIndex=4 -> saved 2 auto-stoppage(s)
2025-10-16 13:06:13 INFO  c.e.s.f.s.a.web.SignalController - 📡 Сигнал получен: сенсор = main, дата смены = 2025-10-15
2025-10-16 13:06:14 INFO  c.e.s.f.s.a.e.ProductDetectedListener - [EVENT] Product detected at 2025-10-16T13:06:13.998757400
2025-10-16 13:06:14 INFO  c.e.s.f.s.i.JpaShiftAdapter - 🧪 Читаем shift из БД: 2025-10-16
2025-10-16 13:06:14 INFO  c.e.s.f.s.i.JpaShiftAdapter - ⏱ hourlyLabels = [08:00, 09:00, 10:00, 11:00, 12:30, 13:30, 14:30, 15:30, 16:30, 17:30, 18:30, 19:30, 20:30, 21:30, 22:30, 23:30, 00:30, 01:30, 02:30, 03:30]
2025-10-16 13:06:14 INFO  c.e.s.f.s.i.JpaShiftAdapter - 📊 hourlyActual = [0, 0, 0, 0, 101, 0, 0, 0, 0, 0, 0, 0, 0, 0, 0, 0, 0, 0, 0, 0]
2025-10-16 13:06:14 DEBUG c.e.s.f.s.i.ShiftSettingsApplier - ✅ Настройки не изменились, смена актуальна: 2025-10-16
2025-10-16 13:06:14 INFO  c.e.s.f.s.i.ShiftSettingsApplier - 🔧 Обновлены часы смены: [08:00, 09:00, 10:00, 11:00, 12:30, 13:30, 14:30, 15:30, 16:30, 17:30, 18:30, 19:30, 20:30, 21:30, 22:30, 23:30, 00:30, 01:30, 02:30, 03:30]
2025-10-16 13:06:14 INFO  c.e.s.f.s.i.ShiftSettingsApplier - 📊 Применяем планы: [360, 480, 480, 480, 480, 480, 480, 480, 480, 480, 480, 480, 480, 480, 480, 480, 480, 480, 480, 360]
2025-10-16 13:06:14 INFO  c.e.s.f.s.i.JpaShiftAdapter - 📋 Сохраняем смену: date = 2025-10-16, labels = [08:00, 09:00, 10:00, 11:00, 12:30, 13:30, 14:30, 15:30, 16:30, 17:30, 18:30, 19:30, 20:30, 21:30, 22:30, 23:30, 00:30, 01:30, 02:30, 03:30], plan = [360, 480, 480, 480, 480, 480, 480, 480, 480, 480, 480, 480, 480, 480, 480, 480, 480, 480, 480, 360], actual = [0, 0, 0, 0, 102, 0, 0, 0, 0, 0, 0, 0, 0, 0, 0, 0, 0, 0, 0, 0]
2025-10-16 13:06:14 INFO  c.e.s.f.s.i.JpaShiftAdapter - 💾 Сохраняем actual: [0, 0, 0, 0, 102, 0, 0, 0, 0, 0, 0, 0, 0, 0, 0, 0, 0, 0, 0, 0]
2025-10-16 13:06:14 INFO  c.e.s.f.s.a.ShiftPlannerUseCase - 💾 Смена сохранена: 2025-10-16
2025-10-16 13:06:14 INFO  c.e.s.f.s.i.JpaShiftAdapter - 🧪 Читаем shift из БД: 2025-10-16
2025-10-16 13:06:14 INFO  c.e.s.f.s.i.JpaShiftAdapter - ⏱ hourlyLabels = [08:00, 09:00, 10:00, 11:00, 12:30, 13:30, 14:30, 15:30, 16:30, 17:30, 18:30, 19:30, 20:30, 21:30, 22:30, 23:30, 00:30, 01:30, 02:30, 03:30]
2025-10-16 13:06:14 INFO  c.e.s.f.s.i.JpaShiftAdapter - 📊 hourlyActual = [0, 0, 0, 0, 102, 0, 0, 0, 0, 0, 0, 0, 0, 0, 0, 0, 0, 0, 0, 0]
2025-10-16 13:06:14 INFO  c.e.s.f.s.a.e.ShiftUpdatedListener - 📤 Отправлен ShiftView в /topic/shift-updates: ShiftView[date=2025-10-16, actual=[0, 0, 0, 0, 102, 0, 0, 0, 0, 0, 0, 0, 0, 0, 0, 0, 0, 0, 0, 0], plan=[360, 480, 480, 480, 480, 480, 480, 480, 480, 480, 480, 480, 480, 480, 480, 480, 480, 480, 480, 360], hours=[08:00, 09:00, 10:00, 11:00, 12:30, 13:30, 14:30, 15:30, 16:30, 17:30, 18:30, 19:30, 20:30, 21:30, 22:30, 23:30, 00:30, 01:30, 02:30, 03:30]]
2025-10-16 13:06:14 INFO  c.e.s.f.s.i.JpaShiftAdapter - 🧪 Читаем shift из БД: 2025-10-16
2025-10-16 13:06:14 INFO  c.e.s.f.s.i.JpaShiftAdapter - ⏱ hourlyLabels = [08:00, 09:00, 10:00, 11:00, 12:30, 13:30, 14:30, 15:30, 16:30, 17:30, 18:30, 19:30, 20:30, 21:30, 22:30, 23:30, 00:30, 01:30, 02:30, 03:30]
2025-10-16 13:06:14 INFO  c.e.s.f.s.i.JpaShiftAdapter - 📊 hourlyActual = [0, 0, 0, 0, 102, 0, 0, 0, 0, 0, 0, 0, 0, 0, 0, 0, 0, 0, 0, 0]
2025-10-16 13:06:14 DEBUG c.e.s.f.s.i.ShiftSettingsApplier - ✅ Настройки не изменились, смена актуальна: 2025-10-16
2025-10-16 13:06:14 INFO  c.e.s.f.c.a.StoppageReconcilesService - Reconciled date=2025-10-16, hourIndex=4 -> saved 2 auto-stoppage(s)
2025-10-16 13:06:24 INFO  c.e.s.f.s.a.web.SignalController - 📡 Сигнал получен: сенсор = main, дата смены = 2025-10-15
2025-10-16 13:06:24 INFO  c.e.s.f.s.a.e.ProductDetectedListener - [EVENT] Product detected at 2025-10-16T13:06:24.234315500
2025-10-16 13:06:24 INFO  c.e.s.f.s.i.JpaShiftAdapter - 🧪 Читаем shift из БД: 2025-10-16
2025-10-16 13:06:24 INFO  c.e.s.f.s.i.JpaShiftAdapter - ⏱ hourlyLabels = [08:00, 09:00, 10:00, 11:00, 12:30, 13:30, 14:30, 15:30, 16:30, 17:30, 18:30, 19:30, 20:30, 21:30, 22:30, 23:30, 00:30, 01:30, 02:30, 03:30]
2025-10-16 13:06:24 INFO  c.e.s.f.s.i.JpaShiftAdapter - 📊 hourlyActual = [0, 0, 0, 0, 102, 0, 0, 0, 0, 0, 0, 0, 0, 0, 0, 0, 0, 0, 0, 0]
2025-10-16 13:06:24 DEBUG c.e.s.f.s.i.ShiftSettingsApplier - ✅ Настройки не изменились, смена актуальна: 2025-10-16
2025-10-16 13:06:24 INFO  c.e.s.f.s.i.ShiftSettingsApplier - 🔧 Обновлены часы смены: [08:00, 09:00, 10:00, 11:00, 12:30, 13:30, 14:30, 15:30, 16:30, 17:30, 18:30, 19:30, 20:30, 21:30, 22:30, 23:30, 00:30, 01:30, 02:30, 03:30]
2025-10-16 13:06:24 INFO  c.e.s.f.s.i.ShiftSettingsApplier - 📊 Применяем планы: [360, 480, 480, 480, 480, 480, 480, 480, 480, 480, 480, 480, 480, 480, 480, 480, 480, 480, 480, 360]
2025-10-16 13:06:24 INFO  c.e.s.f.s.i.JpaShiftAdapter - 📋 Сохраняем смену: date = 2025-10-16, labels = [08:00, 09:00, 10:00, 11:00, 12:30, 13:30, 14:30, 15:30, 16:30, 17:30, 18:30, 19:30, 20:30, 21:30, 22:30, 23:30, 00:30, 01:30, 02:30, 03:30], plan = [360, 480, 480, 480, 480, 480, 480, 480, 480, 480, 480, 480, 480, 480, 480, 480, 480, 480, 480, 360], actual = [0, 0, 0, 0, 103, 0, 0, 0, 0, 0, 0, 0, 0, 0, 0, 0, 0, 0, 0, 0]
2025-10-16 13:06:24 INFO  c.e.s.f.s.i.JpaShiftAdapter - 💾 Сохраняем actual: [0, 0, 0, 0, 103, 0, 0, 0, 0, 0, 0, 0, 0, 0, 0, 0, 0, 0, 0, 0]
2025-10-16 13:06:24 INFO  c.e.s.f.s.a.ShiftPlannerUseCase - 💾 Смена сохранена: 2025-10-16
2025-10-16 13:06:24 INFO  c.e.s.f.s.i.JpaShiftAdapter - 🧪 Читаем shift из БД: 2025-10-16
2025-10-16 13:06:24 INFO  c.e.s.f.s.i.JpaShiftAdapter - ⏱ hourlyLabels = [08:00, 09:00, 10:00, 11:00, 12:30, 13:30, 14:30, 15:30, 16:30, 17:30, 18:30, 19:30, 20:30, 21:30, 22:30, 23:30, 00:30, 01:30, 02:30, 03:30]
2025-10-16 13:06:24 INFO  c.e.s.f.s.i.JpaShiftAdapter - 📊 hourlyActual = [0, 0, 0, 0, 103, 0, 0, 0, 0, 0, 0, 0, 0, 0, 0, 0, 0, 0, 0, 0]
2025-10-16 13:06:24 INFO  c.e.s.f.s.a.e.ShiftUpdatedListener - 📤 Отправлен ShiftView в /topic/shift-updates: ShiftView[date=2025-10-16, actual=[0, 0, 0, 0, 103, 0, 0, 0, 0, 0, 0, 0, 0, 0, 0, 0, 0, 0, 0, 0], plan=[360, 480, 480, 480, 480, 480, 480, 480, 480, 480, 480, 480, 480, 480, 480, 480, 480, 480, 480, 360], hours=[08:00, 09:00, 10:00, 11:00, 12:30, 13:30, 14:30, 15:30, 16:30, 17:30, 18:30, 19:30, 20:30, 21:30, 22:30, 23:30, 00:30, 01:30, 02:30, 03:30]]
2025-10-16 13:06:24 INFO  c.e.s.f.s.i.JpaShiftAdapter - 🧪 Читаем shift из БД: 2025-10-16
2025-10-16 13:06:24 INFO  c.e.s.f.s.i.JpaShiftAdapter - ⏱ hourlyLabels = [08:00, 09:00, 10:00, 11:00, 12:30, 13:30, 14:30, 15:30, 16:30, 17:30, 18:30, 19:30, 20:30, 21:30, 22:30, 23:30, 00:30, 01:30, 02:30, 03:30]
2025-10-16 13:06:24 INFO  c.e.s.f.s.i.JpaShiftAdapter - 📊 hourlyActual = [0, 0, 0, 0, 103, 0, 0, 0, 0, 0, 0, 0, 0, 0, 0, 0, 0, 0, 0, 0]
2025-10-16 13:06:24 DEBUG c.e.s.f.s.i.ShiftSettingsApplier - ✅ Настройки не изменились, смена актуальна: 2025-10-16
2025-10-16 13:06:24 INFO  c.e.s.f.c.a.StoppageReconcilesService - Reconciled date=2025-10-16, hourIndex=4 -> saved 2 auto-stoppage(s)
2025-10-16 13:06:34 INFO  c.e.s.f.s.a.web.SignalController - 📡 Сигнал получен: сенсор = main, дата смены = 2025-10-15
2025-10-16 13:06:34 INFO  c.e.s.f.s.a.e.ProductDetectedListener - [EVENT] Product detected at 2025-10-16T13:06:34.941920500
2025-10-16 13:06:34 INFO  c.e.s.f.s.i.JpaShiftAdapter - 🧪 Читаем shift из БД: 2025-10-16
2025-10-16 13:06:34 INFO  c.e.s.f.s.i.JpaShiftAdapter - ⏱ hourlyLabels = [08:00, 09:00, 10:00, 11:00, 12:30, 13:30, 14:30, 15:30, 16:30, 17:30, 18:30, 19:30, 20:30, 21:30, 22:30, 23:30, 00:30, 01:30, 02:30, 03:30]
2025-10-16 13:06:34 INFO  c.e.s.f.s.i.JpaShiftAdapter - 📊 hourlyActual = [0, 0, 0, 0, 103, 0, 0, 0, 0, 0, 0, 0, 0, 0, 0, 0, 0, 0, 0, 0]
2025-10-16 13:06:35 DEBUG c.e.s.f.s.i.ShiftSettingsApplier - ✅ Настройки не изменились, смена актуальна: 2025-10-16
2025-10-16 13:06:35 INFO  c.e.s.f.s.i.ShiftSettingsApplier - 🔧 Обновлены часы смены: [08:00, 09:00, 10:00, 11:00, 12:30, 13:30, 14:30, 15:30, 16:30, 17:30, 18:30, 19:30, 20:30, 21:30, 22:30, 23:30, 00:30, 01:30, 02:30, 03:30]
2025-10-16 13:06:35 INFO  c.e.s.f.s.i.ShiftSettingsApplier - 📊 Применяем планы: [360, 480, 480, 480, 480, 480, 480, 480, 480, 480, 480, 480, 480, 480, 480, 480, 480, 480, 480, 360]
2025-10-16 13:06:35 INFO  c.e.s.f.s.i.JpaShiftAdapter - 📋 Сохраняем смену: date = 2025-10-16, labels = [08:00, 09:00, 10:00, 11:00, 12:30, 13:30, 14:30, 15:30, 16:30, 17:30, 18:30, 19:30, 20:30, 21:30, 22:30, 23:30, 00:30, 01:30, 02:30, 03:30], plan = [360, 480, 480, 480, 480, 480, 480, 480, 480, 480, 480, 480, 480, 480, 480, 480, 480, 480, 480, 360], actual = [0, 0, 0, 0, 104, 0, 0, 0, 0, 0, 0, 0, 0, 0, 0, 0, 0, 0, 0, 0]
2025-10-16 13:06:35 INFO  c.e.s.f.s.i.JpaShiftAdapter - 💾 Сохраняем actual: [0, 0, 0, 0, 104, 0, 0, 0, 0, 0, 0, 0, 0, 0, 0, 0, 0, 0, 0, 0]
2025-10-16 13:06:35 INFO  c.e.s.f.s.a.ShiftPlannerUseCase - 💾 Смена сохранена: 2025-10-16
2025-10-16 13:06:35 INFO  c.e.s.f.s.i.JpaShiftAdapter - 🧪 Читаем shift из БД: 2025-10-16
2025-10-16 13:06:35 INFO  c.e.s.f.s.i.JpaShiftAdapter - ⏱ hourlyLabels = [08:00, 09:00, 10:00, 11:00, 12:30, 13:30, 14:30, 15:30, 16:30, 17:30, 18:30, 19:30, 20:30, 21:30, 22:30, 23:30, 00:30, 01:30, 02:30, 03:30]
2025-10-16 13:06:35 INFO  c.e.s.f.s.i.JpaShiftAdapter - 📊 hourlyActual = [0, 0, 0, 0, 104, 0, 0, 0, 0, 0, 0, 0, 0, 0, 0, 0, 0, 0, 0, 0]
2025-10-16 13:06:35 INFO  c.e.s.f.s.a.e.ShiftUpdatedListener - 📤 Отправлен ShiftView в /topic/shift-updates: ShiftView[date=2025-10-16, actual=[0, 0, 0, 0, 104, 0, 0, 0, 0, 0, 0, 0, 0, 0, 0, 0, 0, 0, 0, 0], plan=[360, 480, 480, 480, 480, 480, 480, 480, 480, 480, 480, 480, 480, 480, 480, 480, 480, 480, 480, 360], hours=[08:00, 09:00, 10:00, 11:00, 12:30, 13:30, 14:30, 15:30, 16:30, 17:30, 18:30, 19:30, 20:30, 21:30, 22:30, 23:30, 00:30, 01:30, 02:30, 03:30]]
2025-10-16 13:06:35 INFO  c.e.s.f.s.i.JpaShiftAdapter - 🧪 Читаем shift из БД: 2025-10-16
2025-10-16 13:06:35 INFO  c.e.s.f.s.i.JpaShiftAdapter - ⏱ hourlyLabels = [08:00, 09:00, 10:00, 11:00, 12:30, 13:30, 14:30, 15:30, 16:30, 17:30, 18:30, 19:30, 20:30, 21:30, 22:30, 23:30, 00:30, 01:30, 02:30, 03:30]
2025-10-16 13:06:35 INFO  c.e.s.f.s.i.JpaShiftAdapter - 📊 hourlyActual = [0, 0, 0, 0, 104, 0, 0, 0, 0, 0, 0, 0, 0, 0, 0, 0, 0, 0, 0, 0]
2025-10-16 13:06:35 DEBUG c.e.s.f.s.i.ShiftSettingsApplier - ✅ Настройки не изменились, смена актуальна: 2025-10-16
2025-10-16 13:06:35 INFO  c.e.s.f.c.a.StoppageReconcilesService - Reconciled date=2025-10-16, hourIndex=4 -> saved 2 auto-stoppage(s)
2025-10-16 13:06:45 INFO  c.e.s.f.s.a.web.SignalController - 📡 Сигнал получен: сенсор = main, дата смены = 2025-10-15
2025-10-16 13:06:45 INFO  c.e.s.f.s.a.e.ProductDetectedListener - [EVENT] Product detected at 2025-10-16T13:06:45.137538300
2025-10-16 13:06:45 INFO  c.e.s.f.s.i.JpaShiftAdapter - 🧪 Читаем shift из БД: 2025-10-16
2025-10-16 13:06:45 INFO  c.e.s.f.s.i.JpaShiftAdapter - ⏱ hourlyLabels = [08:00, 09:00, 10:00, 11:00, 12:30, 13:30, 14:30, 15:30, 16:30, 17:30, 18:30, 19:30, 20:30, 21:30, 22:30, 23:30, 00:30, 01:30, 02:30, 03:30]
2025-10-16 13:06:45 INFO  c.e.s.f.s.i.JpaShiftAdapter - 📊 hourlyActual = [0, 0, 0, 0, 104, 0, 0, 0, 0, 0, 0, 0, 0, 0, 0, 0, 0, 0, 0, 0]
2025-10-16 13:06:45 DEBUG c.e.s.f.s.i.ShiftSettingsApplier - ✅ Настройки не изменились, смена актуальна: 2025-10-16
2025-10-16 13:06:45 INFO  c.e.s.f.s.i.ShiftSettingsApplier - 🔧 Обновлены часы смены: [08:00, 09:00, 10:00, 11:00, 12:30, 13:30, 14:30, 15:30, 16:30, 17:30, 18:30, 19:30, 20:30, 21:30, 22:30, 23:30, 00:30, 01:30, 02:30, 03:30]
2025-10-16 13:06:45 INFO  c.e.s.f.s.i.ShiftSettingsApplier - 📊 Применяем планы: [360, 480, 480, 480, 480, 480, 480, 480, 480, 480, 480, 480, 480, 480, 480, 480, 480, 480, 480, 360]
2025-10-16 13:06:45 INFO  c.e.s.f.s.i.JpaShiftAdapter - 📋 Сохраняем смену: date = 2025-10-16, labels = [08:00, 09:00, 10:00, 11:00, 12:30, 13:30, 14:30, 15:30, 16:30, 17:30, 18:30, 19:30, 20:30, 21:30, 22:30, 23:30, 00:30, 01:30, 02:30, 03:30], plan = [360, 480, 480, 480, 480, 480, 480, 480, 480, 480, 480, 480, 480, 480, 480, 480, 480, 480, 480, 360], actual = [0, 0, 0, 0, 105, 0, 0, 0, 0, 0, 0, 0, 0, 0, 0, 0, 0, 0, 0, 0]
2025-10-16 13:06:45 INFO  c.e.s.f.s.i.JpaShiftAdapter - 💾 Сохраняем actual: [0, 0, 0, 0, 105, 0, 0, 0, 0, 0, 0, 0, 0, 0, 0, 0, 0, 0, 0, 0]
2025-10-16 13:06:45 INFO  c.e.s.f.s.a.ShiftPlannerUseCase - 💾 Смена сохранена: 2025-10-16
2025-10-16 13:06:45 INFO  c.e.s.f.s.i.JpaShiftAdapter - 🧪 Читаем shift из БД: 2025-10-16
2025-10-16 13:06:45 INFO  c.e.s.f.s.i.JpaShiftAdapter - ⏱ hourlyLabels = [08:00, 09:00, 10:00, 11:00, 12:30, 13:30, 14:30, 15:30, 16:30, 17:30, 18:30, 19:30, 20:30, 21:30, 22:30, 23:30, 00:30, 01:30, 02:30, 03:30]
2025-10-16 13:06:45 INFO  c.e.s.f.s.i.JpaShiftAdapter - 📊 hourlyActual = [0, 0, 0, 0, 105, 0, 0, 0, 0, 0, 0, 0, 0, 0, 0, 0, 0, 0, 0, 0]
2025-10-16 13:06:45 INFO  c.e.s.f.s.a.e.ShiftUpdatedListener - 📤 Отправлен ShiftView в /topic/shift-updates: ShiftView[date=2025-10-16, actual=[0, 0, 0, 0, 105, 0, 0, 0, 0, 0, 0, 0, 0, 0, 0, 0, 0, 0, 0, 0], plan=[360, 480, 480, 480, 480, 480, 480, 480, 480, 480, 480, 480, 480, 480, 480, 480, 480, 480, 480, 360], hours=[08:00, 09:00, 10:00, 11:00, 12:30, 13:30, 14:30, 15:30, 16:30, 17:30, 18:30, 19:30, 20:30, 21:30, 22:30, 23:30, 00:30, 01:30, 02:30, 03:30]]
2025-10-16 13:06:45 INFO  c.e.s.f.s.i.JpaShiftAdapter - 🧪 Читаем shift из БД: 2025-10-16
2025-10-16 13:06:45 INFO  c.e.s.f.s.i.JpaShiftAdapter - ⏱ hourlyLabels = [08:00, 09:00, 10:00, 11:00, 12:30, 13:30, 14:30, 15:30, 16:30, 17:30, 18:30, 19:30, 20:30, 21:30, 22:30, 23:30, 00:30, 01:30, 02:30, 03:30]
2025-10-16 13:06:45 INFO  c.e.s.f.s.i.JpaShiftAdapter - 📊 hourlyActual = [0, 0, 0, 0, 105, 0, 0, 0, 0, 0, 0, 0, 0, 0, 0, 0, 0, 0, 0, 0]
2025-10-16 13:06:45 DEBUG c.e.s.f.s.i.ShiftSettingsApplier - ✅ Настройки не изменились, смена актуальна: 2025-10-16
2025-10-16 13:06:45 INFO  c.e.s.f.c.a.StoppageReconcilesService - Reconciled date=2025-10-16, hourIndex=4 -> saved 2 auto-stoppage(s)
2025-10-16 13:06:55 INFO  c.e.s.f.s.a.web.SignalController - 📡 Сигнал получен: сенсор = main, дата смены = 2025-10-15
2025-10-16 13:06:55 INFO  c.e.s.f.s.a.e.ProductDetectedListener - [EVENT] Product detected at 2025-10-16T13:06:55.317849300
2025-10-16 13:06:55 INFO  c.e.s.f.s.i.JpaShiftAdapter - 🧪 Читаем shift из БД: 2025-10-16
2025-10-16 13:06:55 INFO  c.e.s.f.s.i.JpaShiftAdapter - ⏱ hourlyLabels = [08:00, 09:00, 10:00, 11:00, 12:30, 13:30, 14:30, 15:30, 16:30, 17:30, 18:30, 19:30, 20:30, 21:30, 22:30, 23:30, 00:30, 01:30, 02:30, 03:30]
2025-10-16 13:06:55 INFO  c.e.s.f.s.i.JpaShiftAdapter - 📊 hourlyActual = [0, 0, 0, 0, 105, 0, 0, 0, 0, 0, 0, 0, 0, 0, 0, 0, 0, 0, 0, 0]
2025-10-16 13:06:55 DEBUG c.e.s.f.s.i.ShiftSettingsApplier - ✅ Настройки не изменились, смена актуальна: 2025-10-16
2025-10-16 13:06:55 INFO  c.e.s.f.s.i.ShiftSettingsApplier - 🔧 Обновлены часы смены: [08:00, 09:00, 10:00, 11:00, 12:30, 13:30, 14:30, 15:30, 16:30, 17:30, 18:30, 19:30, 20:30, 21:30, 22:30, 23:30, 00:30, 01:30, 02:30, 03:30]
2025-10-16 13:06:55 INFO  c.e.s.f.s.i.ShiftSettingsApplier - 📊 Применяем планы: [360, 480, 480, 480, 480, 480, 480, 480, 480, 480, 480, 480, 480, 480, 480, 480, 480, 480, 480, 360]
2025-10-16 13:06:55 INFO  c.e.s.f.s.i.JpaShiftAdapter - 📋 Сохраняем смену: date = 2025-10-16, labels = [08:00, 09:00, 10:00, 11:00, 12:30, 13:30, 14:30, 15:30, 16:30, 17:30, 18:30, 19:30, 20:30, 21:30, 22:30, 23:30, 00:30, 01:30, 02:30, 03:30], plan = [360, 480, 480, 480, 480, 480, 480, 480, 480, 480, 480, 480, 480, 480, 480, 480, 480, 480, 480, 360], actual = [0, 0, 0, 0, 106, 0, 0, 0, 0, 0, 0, 0, 0, 0, 0, 0, 0, 0, 0, 0]
2025-10-16 13:06:55 INFO  c.e.s.f.s.i.JpaShiftAdapter - 💾 Сохраняем actual: [0, 0, 0, 0, 106, 0, 0, 0, 0, 0, 0, 0, 0, 0, 0, 0, 0, 0, 0, 0]
2025-10-16 13:06:55 INFO  c.e.s.f.s.a.ShiftPlannerUseCase - 💾 Смена сохранена: 2025-10-16
2025-10-16 13:06:55 INFO  c.e.s.f.s.i.JpaShiftAdapter - 🧪 Читаем shift из БД: 2025-10-16
2025-10-16 13:06:55 INFO  c.e.s.f.s.i.JpaShiftAdapter - ⏱ hourlyLabels = [08:00, 09:00, 10:00, 11:00, 12:30, 13:30, 14:30, 15:30, 16:30, 17:30, 18:30, 19:30, 20:30, 21:30, 22:30, 23:30, 00:30, 01:30, 02:30, 03:30]
2025-10-16 13:06:55 INFO  c.e.s.f.s.i.JpaShiftAdapter - 📊 hourlyActual = [0, 0, 0, 0, 106, 0, 0, 0, 0, 0, 0, 0, 0, 0, 0, 0, 0, 0, 0, 0]
2025-10-16 13:06:55 INFO  c.e.s.f.s.a.e.ShiftUpdatedListener - 📤 Отправлен ShiftView в /topic/shift-updates: ShiftView[date=2025-10-16, actual=[0, 0, 0, 0, 106, 0, 0, 0, 0, 0, 0, 0, 0, 0, 0, 0, 0, 0, 0, 0], plan=[360, 480, 480, 480, 480, 480, 480, 480, 480, 480, 480, 480, 480, 480, 480, 480, 480, 480, 480, 360], hours=[08:00, 09:00, 10:00, 11:00, 12:30, 13:30, 14:30, 15:30, 16:30, 17:30, 18:30, 19:30, 20:30, 21:30, 22:30, 23:30, 00:30, 01:30, 02:30, 03:30]]
2025-10-16 13:06:55 INFO  c.e.s.f.s.i.JpaShiftAdapter - 🧪 Читаем shift из БД: 2025-10-16
2025-10-16 13:06:55 INFO  c.e.s.f.s.i.JpaShiftAdapter - ⏱ hourlyLabels = [08:00, 09:00, 10:00, 11:00, 12:30, 13:30, 14:30, 15:30, 16:30, 17:30, 18:30, 19:30, 20:30, 21:30, 22:30, 23:30, 00:30, 01:30, 02:30, 03:30]
2025-10-16 13:06:55 INFO  c.e.s.f.s.i.JpaShiftAdapter - 📊 hourlyActual = [0, 0, 0, 0, 106, 0, 0, 0, 0, 0, 0, 0, 0, 0, 0, 0, 0, 0, 0, 0]
2025-10-16 13:06:55 DEBUG c.e.s.f.s.i.ShiftSettingsApplier - ✅ Настройки не изменились, смена актуальна: 2025-10-16
2025-10-16 13:06:55 INFO  c.e.s.f.c.a.StoppageReconcilesService - Reconciled date=2025-10-16, hourIndex=4 -> saved 2 auto-stoppage(s)
2025-10-16 13:07:05 INFO  c.e.s.f.s.a.web.SignalController - 📡 Сигнал получен: сенсор = main, дата смены = 2025-10-15
2025-10-16 13:07:05 INFO  c.e.s.f.s.a.e.ProductDetectedListener - [EVENT] Product detected at 2025-10-16T13:07:05.526765600
2025-10-16 13:07:05 INFO  c.e.s.f.s.i.JpaShiftAdapter - 🧪 Читаем shift из БД: 2025-10-16
2025-10-16 13:07:05 INFO  c.e.s.f.s.i.JpaShiftAdapter - ⏱ hourlyLabels = [08:00, 09:00, 10:00, 11:00, 12:30, 13:30, 14:30, 15:30, 16:30, 17:30, 18:30, 19:30, 20:30, 21:30, 22:30, 23:30, 00:30, 01:30, 02:30, 03:30]
2025-10-16 13:07:05 INFO  c.e.s.f.s.i.JpaShiftAdapter - 📊 hourlyActual = [0, 0, 0, 0, 106, 0, 0, 0, 0, 0, 0, 0, 0, 0, 0, 0, 0, 0, 0, 0]
2025-10-16 13:07:05 DEBUG c.e.s.f.s.i.ShiftSettingsApplier - ✅ Настройки не изменились, смена актуальна: 2025-10-16
2025-10-16 13:07:05 INFO  c.e.s.f.s.i.ShiftSettingsApplier - 🔧 Обновлены часы смены: [08:00, 09:00, 10:00, 11:00, 12:30, 13:30, 14:30, 15:30, 16:30, 17:30, 18:30, 19:30, 20:30, 21:30, 22:30, 23:30, 00:30, 01:30, 02:30, 03:30]
2025-10-16 13:07:05 INFO  c.e.s.f.s.i.ShiftSettingsApplier - 📊 Применяем планы: [360, 480, 480, 480, 480, 480, 480, 480, 480, 480, 480, 480, 480, 480, 480, 480, 480, 480, 480, 360]
2025-10-16 13:07:05 INFO  c.e.s.f.s.i.JpaShiftAdapter - 📋 Сохраняем смену: date = 2025-10-16, labels = [08:00, 09:00, 10:00, 11:00, 12:30, 13:30, 14:30, 15:30, 16:30, 17:30, 18:30, 19:30, 20:30, 21:30, 22:30, 23:30, 00:30, 01:30, 02:30, 03:30], plan = [360, 480, 480, 480, 480, 480, 480, 480, 480, 480, 480, 480, 480, 480, 480, 480, 480, 480, 480, 360], actual = [0, 0, 0, 0, 107, 0, 0, 0, 0, 0, 0, 0, 0, 0, 0, 0, 0, 0, 0, 0]
2025-10-16 13:07:05 INFO  c.e.s.f.s.i.JpaShiftAdapter - 💾 Сохраняем actual: [0, 0, 0, 0, 107, 0, 0, 0, 0, 0, 0, 0, 0, 0, 0, 0, 0, 0, 0, 0]
2025-10-16 13:07:05 INFO  c.e.s.f.s.a.ShiftPlannerUseCase - 💾 Смена сохранена: 2025-10-16
2025-10-16 13:07:05 INFO  c.e.s.f.s.i.JpaShiftAdapter - 🧪 Читаем shift из БД: 2025-10-16
2025-10-16 13:07:05 INFO  c.e.s.f.s.i.JpaShiftAdapter - ⏱ hourlyLabels = [08:00, 09:00, 10:00, 11:00, 12:30, 13:30, 14:30, 15:30, 16:30, 17:30, 18:30, 19:30, 20:30, 21:30, 22:30, 23:30, 00:30, 01:30, 02:30, 03:30]
2025-10-16 13:07:05 INFO  c.e.s.f.s.i.JpaShiftAdapter - 📊 hourlyActual = [0, 0, 0, 0, 107, 0, 0, 0, 0, 0, 0, 0, 0, 0, 0, 0, 0, 0, 0, 0]
2025-10-16 13:07:05 INFO  c.e.s.f.s.a.e.ShiftUpdatedListener - 📤 Отправлен ShiftView в /topic/shift-updates: ShiftView[date=2025-10-16, actual=[0, 0, 0, 0, 107, 0, 0, 0, 0, 0, 0, 0, 0, 0, 0, 0, 0, 0, 0, 0], plan=[360, 480, 480, 480, 480, 480, 480, 480, 480, 480, 480, 480, 480, 480, 480, 480, 480, 480, 480, 360], hours=[08:00, 09:00, 10:00, 11:00, 12:30, 13:30, 14:30, 15:30, 16:30, 17:30, 18:30, 19:30, 20:30, 21:30, 22:30, 23:30, 00:30, 01:30, 02:30, 03:30]]
2025-10-16 13:07:05 INFO  c.e.s.f.s.i.JpaShiftAdapter - 🧪 Читаем shift из БД: 2025-10-16
2025-10-16 13:07:05 INFO  c.e.s.f.s.i.JpaShiftAdapter - ⏱ hourlyLabels = [08:00, 09:00, 10:00, 11:00, 12:30, 13:30, 14:30, 15:30, 16:30, 17:30, 18:30, 19:30, 20:30, 21:30, 22:30, 23:30, 00:30, 01:30, 02:30, 03:30]
2025-10-16 13:07:05 INFO  c.e.s.f.s.i.JpaShiftAdapter - 📊 hourlyActual = [0, 0, 0, 0, 107, 0, 0, 0, 0, 0, 0, 0, 0, 0, 0, 0, 0, 0, 0, 0]
2025-10-16 13:07:05 DEBUG c.e.s.f.s.i.ShiftSettingsApplier - ✅ Настройки не изменились, смена актуальна: 2025-10-16
2025-10-16 13:07:05 INFO  c.e.s.f.c.a.StoppageReconcilesService - Reconciled date=2025-10-16, hourIndex=4 -> saved 2 auto-stoppage(s)
2025-10-16 13:07:15 INFO  c.e.s.f.s.a.web.SignalController - 📡 Сигнал получен: сенсор = main, дата смены = 2025-10-15
2025-10-16 13:07:15 INFO  c.e.s.f.s.a.e.ProductDetectedListener - [EVENT] Product detected at 2025-10-16T13:07:15.709304200
2025-10-16 13:07:15 INFO  c.e.s.f.s.i.JpaShiftAdapter - 🧪 Читаем shift из БД: 2025-10-16
2025-10-16 13:07:15 INFO  c.e.s.f.s.i.JpaShiftAdapter - ⏱ hourlyLabels = [08:00, 09:00, 10:00, 11:00, 12:30, 13:30, 14:30, 15:30, 16:30, 17:30, 18:30, 19:30, 20:30, 21:30, 22:30, 23:30, 00:30, 01:30, 02:30, 03:30]
2025-10-16 13:07:15 INFO  c.e.s.f.s.i.JpaShiftAdapter - 📊 hourlyActual = [0, 0, 0, 0, 107, 0, 0, 0, 0, 0, 0, 0, 0, 0, 0, 0, 0, 0, 0, 0]
2025-10-16 13:07:15 DEBUG c.e.s.f.s.i.ShiftSettingsApplier - ✅ Настройки не изменились, смена актуальна: 2025-10-16
2025-10-16 13:07:15 INFO  c.e.s.f.s.i.ShiftSettingsApplier - 🔧 Обновлены часы смены: [08:00, 09:00, 10:00, 11:00, 12:30, 13:30, 14:30, 15:30, 16:30, 17:30, 18:30, 19:30, 20:30, 21:30, 22:30, 23:30, 00:30, 01:30, 02:30, 03:30]
2025-10-16 13:07:15 INFO  c.e.s.f.s.i.ShiftSettingsApplier - 📊 Применяем планы: [360, 480, 480, 480, 480, 480, 480, 480, 480, 480, 480, 480, 480, 480, 480, 480, 480, 480, 480, 360]
2025-10-16 13:07:15 INFO  c.e.s.f.s.i.JpaShiftAdapter - 📋 Сохраняем смену: date = 2025-10-16, labels = [08:00, 09:00, 10:00, 11:00, 12:30, 13:30, 14:30, 15:30, 16:30, 17:30, 18:30, 19:30, 20:30, 21:30, 22:30, 23:30, 00:30, 01:30, 02:30, 03:30], plan = [360, 480, 480, 480, 480, 480, 480, 480, 480, 480, 480, 480, 480, 480, 480, 480, 480, 480, 480, 360], actual = [0, 0, 0, 0, 108, 0, 0, 0, 0, 0, 0, 0, 0, 0, 0, 0, 0, 0, 0, 0]
2025-10-16 13:07:15 INFO  c.e.s.f.s.i.JpaShiftAdapter - 💾 Сохраняем actual: [0, 0, 0, 0, 108, 0, 0, 0, 0, 0, 0, 0, 0, 0, 0, 0, 0, 0, 0, 0]
2025-10-16 13:07:15 INFO  c.e.s.f.s.a.ShiftPlannerUseCase - 💾 Смена сохранена: 2025-10-16
2025-10-16 13:07:15 INFO  c.e.s.f.s.i.JpaShiftAdapter - 🧪 Читаем shift из БД: 2025-10-16
2025-10-16 13:07:15 INFO  c.e.s.f.s.i.JpaShiftAdapter - ⏱ hourlyLabels = [08:00, 09:00, 10:00, 11:00, 12:30, 13:30, 14:30, 15:30, 16:30, 17:30, 18:30, 19:30, 20:30, 21:30, 22:30, 23:30, 00:30, 01:30, 02:30, 03:30]
2025-10-16 13:07:15 INFO  c.e.s.f.s.i.JpaShiftAdapter - 📊 hourlyActual = [0, 0, 0, 0, 108, 0, 0, 0, 0, 0, 0, 0, 0, 0, 0, 0, 0, 0, 0, 0]
2025-10-16 13:07:15 INFO  c.e.s.f.s.a.e.ShiftUpdatedListener - 📤 Отправлен ShiftView в /topic/shift-updates: ShiftView[date=2025-10-16, actual=[0, 0, 0, 0, 108, 0, 0, 0, 0, 0, 0, 0, 0, 0, 0, 0, 0, 0, 0, 0], plan=[360, 480, 480, 480, 480, 480, 480, 480, 480, 480, 480, 480, 480, 480, 480, 480, 480, 480, 480, 360], hours=[08:00, 09:00, 10:00, 11:00, 12:30, 13:30, 14:30, 15:30, 16:30, 17:30, 18:30, 19:30, 20:30, 21:30, 22:30, 23:30, 00:30, 01:30, 02:30, 03:30]]
2025-10-16 13:07:15 INFO  c.e.s.f.s.i.JpaShiftAdapter - 🧪 Читаем shift из БД: 2025-10-16
2025-10-16 13:07:15 INFO  c.e.s.f.s.i.JpaShiftAdapter - ⏱ hourlyLabels = [08:00, 09:00, 10:00, 11:00, 12:30, 13:30, 14:30, 15:30, 16:30, 17:30, 18:30, 19:30, 20:30, 21:30, 22:30, 23:30, 00:30, 01:30, 02:30, 03:30]
2025-10-16 13:07:15 INFO  c.e.s.f.s.i.JpaShiftAdapter - 📊 hourlyActual = [0, 0, 0, 0, 108, 0, 0, 0, 0, 0, 0, 0, 0, 0, 0, 0, 0, 0, 0, 0]
2025-10-16 13:07:16 DEBUG c.e.s.f.s.i.ShiftSettingsApplier - ✅ Настройки не изменились, смена актуальна: 2025-10-16
2025-10-16 13:07:16 INFO  c.e.s.f.c.a.StoppageReconcilesService - Reconciled date=2025-10-16, hourIndex=4 -> saved 2 auto-stoppage(s)
2025-10-16 13:07:26 INFO  c.e.s.f.s.a.web.SignalController - 📡 Сигнал получен: сенсор = main, дата смены = 2025-10-15
2025-10-16 13:07:26 INFO  c.e.s.f.s.a.e.ProductDetectedListener - [EVENT] Product detected at 2025-10-16T13:07:26.125881100
2025-10-16 13:07:26 INFO  c.e.s.f.s.i.JpaShiftAdapter - 🧪 Читаем shift из БД: 2025-10-16
2025-10-16 13:07:26 INFO  c.e.s.f.s.i.JpaShiftAdapter - ⏱ hourlyLabels = [08:00, 09:00, 10:00, 11:00, 12:30, 13:30, 14:30, 15:30, 16:30, 17:30, 18:30, 19:30, 20:30, 21:30, 22:30, 23:30, 00:30, 01:30, 02:30, 03:30]
2025-10-16 13:07:26 INFO  c.e.s.f.s.i.JpaShiftAdapter - 📊 hourlyActual = [0, 0, 0, 0, 108, 0, 0, 0, 0, 0, 0, 0, 0, 0, 0, 0, 0, 0, 0, 0]
2025-10-16 13:07:26 DEBUG c.e.s.f.s.i.ShiftSettingsApplier - ✅ Настройки не изменились, смена актуальна: 2025-10-16
2025-10-16 13:07:26 INFO  c.e.s.f.s.i.ShiftSettingsApplier - 🔧 Обновлены часы смены: [08:00, 09:00, 10:00, 11:00, 12:30, 13:30, 14:30, 15:30, 16:30, 17:30, 18:30, 19:30, 20:30, 21:30, 22:30, 23:30, 00:30, 01:30, 02:30, 03:30]
2025-10-16 13:07:26 INFO  c.e.s.f.s.i.ShiftSettingsApplier - 📊 Применяем планы: [360, 480, 480, 480, 480, 480, 480, 480, 480, 480, 480, 480, 480, 480, 480, 480, 480, 480, 480, 360]
2025-10-16 13:07:26 INFO  c.e.s.f.s.i.JpaShiftAdapter - 📋 Сохраняем смену: date = 2025-10-16, labels = [08:00, 09:00, 10:00, 11:00, 12:30, 13:30, 14:30, 15:30, 16:30, 17:30, 18:30, 19:30, 20:30, 21:30, 22:30, 23:30, 00:30, 01:30, 02:30, 03:30], plan = [360, 480, 480, 480, 480, 480, 480, 480, 480, 480, 480, 480, 480, 480, 480, 480, 480, 480, 480, 360], actual = [0, 0, 0, 0, 109, 0, 0, 0, 0, 0, 0, 0, 0, 0, 0, 0, 0, 0, 0, 0]
2025-10-16 13:07:26 INFO  c.e.s.f.s.i.JpaShiftAdapter - 💾 Сохраняем actual: [0, 0, 0, 0, 109, 0, 0, 0, 0, 0, 0, 0, 0, 0, 0, 0, 0, 0, 0, 0]
2025-10-16 13:07:26 INFO  c.e.s.f.s.a.ShiftPlannerUseCase - 💾 Смена сохранена: 2025-10-16
2025-10-16 13:07:26 INFO  c.e.s.f.s.i.JpaShiftAdapter - 🧪 Читаем shift из БД: 2025-10-16
2025-10-16 13:07:26 INFO  c.e.s.f.s.i.JpaShiftAdapter - ⏱ hourlyLabels = [08:00, 09:00, 10:00, 11:00, 12:30, 13:30, 14:30, 15:30, 16:30, 17:30, 18:30, 19:30, 20:30, 21:30, 22:30, 23:30, 00:30, 01:30, 02:30, 03:30]
2025-10-16 13:07:26 INFO  c.e.s.f.s.i.JpaShiftAdapter - 📊 hourlyActual = [0, 0, 0, 0, 109, 0, 0, 0, 0, 0, 0, 0, 0, 0, 0, 0, 0, 0, 0, 0]
2025-10-16 13:07:26 INFO  c.e.s.f.s.a.e.ShiftUpdatedListener - 📤 Отправлен ShiftView в /topic/shift-updates: ShiftView[date=2025-10-16, actual=[0, 0, 0, 0, 109, 0, 0, 0, 0, 0, 0, 0, 0, 0, 0, 0, 0, 0, 0, 0], plan=[360, 480, 480, 480, 480, 480, 480, 480, 480, 480, 480, 480, 480, 480, 480, 480, 480, 480, 480, 360], hours=[08:00, 09:00, 10:00, 11:00, 12:30, 13:30, 14:30, 15:30, 16:30, 17:30, 18:30, 19:30, 20:30, 21:30, 22:30, 23:30, 00:30, 01:30, 02:30, 03:30]]
2025-10-16 13:07:26 INFO  c.e.s.f.s.i.JpaShiftAdapter - 🧪 Читаем shift из БД: 2025-10-16
2025-10-16 13:07:26 INFO  c.e.s.f.s.i.JpaShiftAdapter - ⏱ hourlyLabels = [08:00, 09:00, 10:00, 11:00, 12:30, 13:30, 14:30, 15:30, 16:30, 17:30, 18:30, 19:30, 20:30, 21:30, 22:30, 23:30, 00:30, 01:30, 02:30, 03:30]
2025-10-16 13:07:26 INFO  c.e.s.f.s.i.JpaShiftAdapter - 📊 hourlyActual = [0, 0, 0, 0, 109, 0, 0, 0, 0, 0, 0, 0, 0, 0, 0, 0, 0, 0, 0, 0]
2025-10-16 13:07:26 DEBUG c.e.s.f.s.i.ShiftSettingsApplier - ✅ Настройки не изменились, смена актуальна: 2025-10-16
2025-10-16 13:07:26 INFO  c.e.s.f.c.a.StoppageReconcilesService - Reconciled date=2025-10-16, hourIndex=4 -> saved 2 auto-stoppage(s)
2025-10-16 13:07:36 INFO  c.e.s.f.s.a.web.SignalController - 📡 Сигнал получен: сенсор = main, дата смены = 2025-10-15
2025-10-16 13:07:36 INFO  c.e.s.f.s.a.e.ProductDetectedListener - [EVENT] Product detected at 2025-10-16T13:07:36.833131500
2025-10-16 13:07:36 INFO  c.e.s.f.s.i.JpaShiftAdapter - 🧪 Читаем shift из БД: 2025-10-16
2025-10-16 13:07:36 INFO  c.e.s.f.s.i.JpaShiftAdapter - ⏱ hourlyLabels = [08:00, 09:00, 10:00, 11:00, 12:30, 13:30, 14:30, 15:30, 16:30, 17:30, 18:30, 19:30, 20:30, 21:30, 22:30, 23:30, 00:30, 01:30, 02:30, 03:30]
2025-10-16 13:07:36 INFO  c.e.s.f.s.i.JpaShiftAdapter - 📊 hourlyActual = [0, 0, 0, 0, 109, 0, 0, 0, 0, 0, 0, 0, 0, 0, 0, 0, 0, 0, 0, 0]
2025-10-16 13:07:36 DEBUG c.e.s.f.s.i.ShiftSettingsApplier - ✅ Настройки не изменились, смена актуальна: 2025-10-16
2025-10-16 13:07:36 INFO  c.e.s.f.s.i.ShiftSettingsApplier - 🔧 Обновлены часы смены: [08:00, 09:00, 10:00, 11:00, 12:30, 13:30, 14:30, 15:30, 16:30, 17:30, 18:30, 19:30, 20:30, 21:30, 22:30, 23:30, 00:30, 01:30, 02:30, 03:30]
2025-10-16 13:07:36 INFO  c.e.s.f.s.i.ShiftSettingsApplier - 📊 Применяем планы: [360, 480, 480, 480, 480, 480, 480, 480, 480, 480, 480, 480, 480, 480, 480, 480, 480, 480, 480, 360]
2025-10-16 13:07:36 INFO  c.e.s.f.s.i.JpaShiftAdapter - 📋 Сохраняем смену: date = 2025-10-16, labels = [08:00, 09:00, 10:00, 11:00, 12:30, 13:30, 14:30, 15:30, 16:30, 17:30, 18:30, 19:30, 20:30, 21:30, 22:30, 23:30, 00:30, 01:30, 02:30, 03:30], plan = [360, 480, 480, 480, 480, 480, 480, 480, 480, 480, 480, 480, 480, 480, 480, 480, 480, 480, 480, 360], actual = [0, 0, 0, 0, 110, 0, 0, 0, 0, 0, 0, 0, 0, 0, 0, 0, 0, 0, 0, 0]
2025-10-16 13:07:36 INFO  c.e.s.f.s.i.JpaShiftAdapter - 💾 Сохраняем actual: [0, 0, 0, 0, 110, 0, 0, 0, 0, 0, 0, 0, 0, 0, 0, 0, 0, 0, 0, 0]
2025-10-16 13:07:36 INFO  c.e.s.f.s.a.ShiftPlannerUseCase - 💾 Смена сохранена: 2025-10-16
2025-10-16 13:07:36 INFO  c.e.s.f.s.i.JpaShiftAdapter - 🧪 Читаем shift из БД: 2025-10-16
2025-10-16 13:07:36 INFO  c.e.s.f.s.i.JpaShiftAdapter - ⏱ hourlyLabels = [08:00, 09:00, 10:00, 11:00, 12:30, 13:30, 14:30, 15:30, 16:30, 17:30, 18:30, 19:30, 20:30, 21:30, 22:30, 23:30, 00:30, 01:30, 02:30, 03:30]
2025-10-16 13:07:36 INFO  c.e.s.f.s.i.JpaShiftAdapter - 📊 hourlyActual = [0, 0, 0, 0, 110, 0, 0, 0, 0, 0, 0, 0, 0, 0, 0, 0, 0, 0, 0, 0]
2025-10-16 13:07:36 INFO  c.e.s.f.s.a.e.ShiftUpdatedListener - 📤 Отправлен ShiftView в /topic/shift-updates: ShiftView[date=2025-10-16, actual=[0, 0, 0, 0, 110, 0, 0, 0, 0, 0, 0, 0, 0, 0, 0, 0, 0, 0, 0, 0], plan=[360, 480, 480, 480, 480, 480, 480, 480, 480, 480, 480, 480, 480, 480, 480, 480, 480, 480, 480, 360], hours=[08:00, 09:00, 10:00, 11:00, 12:30, 13:30, 14:30, 15:30, 16:30, 17:30, 18:30, 19:30, 20:30, 21:30, 22:30, 23:30, 00:30, 01:30, 02:30, 03:30]]
2025-10-16 13:07:36 INFO  c.e.s.f.s.i.JpaShiftAdapter - 🧪 Читаем shift из БД: 2025-10-16
2025-10-16 13:07:36 INFO  c.e.s.f.s.i.JpaShiftAdapter - ⏱ hourlyLabels = [08:00, 09:00, 10:00, 11:00, 12:30, 13:30, 14:30, 15:30, 16:30, 17:30, 18:30, 19:30, 20:30, 21:30, 22:30, 23:30, 00:30, 01:30, 02:30, 03:30]
2025-10-16 13:07:36 INFO  c.e.s.f.s.i.JpaShiftAdapter - 📊 hourlyActual = [0, 0, 0, 0, 110, 0, 0, 0, 0, 0, 0, 0, 0, 0, 0, 0, 0, 0, 0, 0]
2025-10-16 13:07:36 DEBUG c.e.s.f.s.i.ShiftSettingsApplier - ✅ Настройки не изменились, смена актуальна: 2025-10-16
2025-10-16 13:07:37 INFO  c.e.s.f.c.a.StoppageReconcilesService - Reconciled date=2025-10-16, hourIndex=4 -> saved 2 auto-stoppage(s)
2025-10-16 13:07:47 INFO  c.e.s.f.s.a.web.SignalController - 📡 Сигнал получен: сенсор = main, дата смены = 2025-10-15
2025-10-16 13:07:47 INFO  c.e.s.f.s.a.e.ProductDetectedListener - [EVENT] Product detected at 2025-10-16T13:07:47.104128800
2025-10-16 13:07:47 INFO  c.e.s.f.s.i.JpaShiftAdapter - 🧪 Читаем shift из БД: 2025-10-16
2025-10-16 13:07:47 INFO  c.e.s.f.s.i.JpaShiftAdapter - ⏱ hourlyLabels = [08:00, 09:00, 10:00, 11:00, 12:30, 13:30, 14:30, 15:30, 16:30, 17:30, 18:30, 19:30, 20:30, 21:30, 22:30, 23:30, 00:30, 01:30, 02:30, 03:30]
2025-10-16 13:07:47 INFO  c.e.s.f.s.i.JpaShiftAdapter - 📊 hourlyActual = [0, 0, 0, 0, 110, 0, 0, 0, 0, 0, 0, 0, 0, 0, 0, 0, 0, 0, 0, 0]
2025-10-16 13:07:47 DEBUG c.e.s.f.s.i.ShiftSettingsApplier - ✅ Настройки не изменились, смена актуальна: 2025-10-16
2025-10-16 13:07:47 INFO  c.e.s.f.s.i.ShiftSettingsApplier - 🔧 Обновлены часы смены: [08:00, 09:00, 10:00, 11:00, 12:30, 13:30, 14:30, 15:30, 16:30, 17:30, 18:30, 19:30, 20:30, 21:30, 22:30, 23:30, 00:30, 01:30, 02:30, 03:30]
2025-10-16 13:07:47 INFO  c.e.s.f.s.i.ShiftSettingsApplier - 📊 Применяем планы: [360, 480, 480, 480, 480, 480, 480, 480, 480, 480, 480, 480, 480, 480, 480, 480, 480, 480, 480, 360]
2025-10-16 13:07:47 INFO  c.e.s.f.s.i.JpaShiftAdapter - 📋 Сохраняем смену: date = 2025-10-16, labels = [08:00, 09:00, 10:00, 11:00, 12:30, 13:30, 14:30, 15:30, 16:30, 17:30, 18:30, 19:30, 20:30, 21:30, 22:30, 23:30, 00:30, 01:30, 02:30, 03:30], plan = [360, 480, 480, 480, 480, 480, 480, 480, 480, 480, 480, 480, 480, 480, 480, 480, 480, 480, 480, 360], actual = [0, 0, 0, 0, 111, 0, 0, 0, 0, 0, 0, 0, 0, 0, 0, 0, 0, 0, 0, 0]
2025-10-16 13:07:47 INFO  c.e.s.f.s.i.JpaShiftAdapter - 💾 Сохраняем actual: [0, 0, 0, 0, 111, 0, 0, 0, 0, 0, 0, 0, 0, 0, 0, 0, 0, 0, 0, 0]
2025-10-16 13:07:47 INFO  c.e.s.f.s.a.ShiftPlannerUseCase - 💾 Смена сохранена: 2025-10-16
2025-10-16 13:07:47 INFO  c.e.s.f.s.i.JpaShiftAdapter - 🧪 Читаем shift из БД: 2025-10-16
2025-10-16 13:07:47 INFO  c.e.s.f.s.i.JpaShiftAdapter - ⏱ hourlyLabels = [08:00, 09:00, 10:00, 11:00, 12:30, 13:30, 14:30, 15:30, 16:30, 17:30, 18:30, 19:30, 20:30, 21:30, 22:30, 23:30, 00:30, 01:30, 02:30, 03:30]
2025-10-16 13:07:47 INFO  c.e.s.f.s.i.JpaShiftAdapter - 📊 hourlyActual = [0, 0, 0, 0, 111, 0, 0, 0, 0, 0, 0, 0, 0, 0, 0, 0, 0, 0, 0, 0]
2025-10-16 13:07:47 INFO  c.e.s.f.s.a.e.ShiftUpdatedListener - 📤 Отправлен ShiftView в /topic/shift-updates: ShiftView[date=2025-10-16, actual=[0, 0, 0, 0, 111, 0, 0, 0, 0, 0, 0, 0, 0, 0, 0, 0, 0, 0, 0, 0], plan=[360, 480, 480, 480, 480, 480, 480, 480, 480, 480, 480, 480, 480, 480, 480, 480, 480, 480, 480, 360], hours=[08:00, 09:00, 10:00, 11:00, 12:30, 13:30, 14:30, 15:30, 16:30, 17:30, 18:30, 19:30, 20:30, 21:30, 22:30, 23:30, 00:30, 01:30, 02:30, 03:30]]
2025-10-16 13:07:47 INFO  c.e.s.f.s.i.JpaShiftAdapter - 🧪 Читаем shift из БД: 2025-10-16
2025-10-16 13:07:47 INFO  c.e.s.f.s.i.JpaShiftAdapter - ⏱ hourlyLabels = [08:00, 09:00, 10:00, 11:00, 12:30, 13:30, 14:30, 15:30, 16:30, 17:30, 18:30, 19:30, 20:30, 21:30, 22:30, 23:30, 00:30, 01:30, 02:30, 03:30]
2025-10-16 13:07:47 INFO  c.e.s.f.s.i.JpaShiftAdapter - 📊 hourlyActual = [0, 0, 0, 0, 111, 0, 0, 0, 0, 0, 0, 0, 0, 0, 0, 0, 0, 0, 0, 0]
2025-10-16 13:07:47 DEBUG c.e.s.f.s.i.ShiftSettingsApplier - ✅ Настройки не изменились, смена актуальна: 2025-10-16
2025-10-16 13:07:47 INFO  c.e.s.f.c.a.StoppageReconcilesService - Reconciled date=2025-10-16, hourIndex=4 -> saved 2 auto-stoppage(s)
2025-10-16 13:07:57 INFO  c.e.s.f.s.a.web.SignalController - 📡 Сигнал получен: сенсор = main, дата смены = 2025-10-15
2025-10-16 13:07:57 INFO  c.e.s.f.s.a.e.ProductDetectedListener - [EVENT] Product detected at 2025-10-16T13:07:57.327568200
2025-10-16 13:07:57 INFO  c.e.s.f.s.i.JpaShiftAdapter - 🧪 Читаем shift из БД: 2025-10-16
2025-10-16 13:07:57 INFO  c.e.s.f.s.i.JpaShiftAdapter - ⏱ hourlyLabels = [08:00, 09:00, 10:00, 11:00, 12:30, 13:30, 14:30, 15:30, 16:30, 17:30, 18:30, 19:30, 20:30, 21:30, 22:30, 23:30, 00:30, 01:30, 02:30, 03:30]
2025-10-16 13:07:57 INFO  c.e.s.f.s.i.JpaShiftAdapter - 📊 hourlyActual = [0, 0, 0, 0, 111, 0, 0, 0, 0, 0, 0, 0, 0, 0, 0, 0, 0, 0, 0, 0]
2025-10-16 13:07:57 DEBUG c.e.s.f.s.i.ShiftSettingsApplier - ✅ Настройки не изменились, смена актуальна: 2025-10-16
2025-10-16 13:07:57 INFO  c.e.s.f.s.i.ShiftSettingsApplier - 🔧 Обновлены часы смены: [08:00, 09:00, 10:00, 11:00, 12:30, 13:30, 14:30, 15:30, 16:30, 17:30, 18:30, 19:30, 20:30, 21:30, 22:30, 23:30, 00:30, 01:30, 02:30, 03:30]
2025-10-16 13:07:57 INFO  c.e.s.f.s.i.ShiftSettingsApplier - 📊 Применяем планы: [360, 480, 480, 480, 480, 480, 480, 480, 480, 480, 480, 480, 480, 480, 480, 480, 480, 480, 480, 360]
2025-10-16 13:07:57 INFO  c.e.s.f.s.i.JpaShiftAdapter - 📋 Сохраняем смену: date = 2025-10-16, labels = [08:00, 09:00, 10:00, 11:00, 12:30, 13:30, 14:30, 15:30, 16:30, 17:30, 18:30, 19:30, 20:30, 21:30, 22:30, 23:30, 00:30, 01:30, 02:30, 03:30], plan = [360, 480, 480, 480, 480, 480, 480, 480, 480, 480, 480, 480, 480, 480, 480, 480, 480, 480, 480, 360], actual = [0, 0, 0, 0, 112, 0, 0, 0, 0, 0, 0, 0, 0, 0, 0, 0, 0, 0, 0, 0]
2025-10-16 13:07:57 INFO  c.e.s.f.s.i.JpaShiftAdapter - 💾 Сохраняем actual: [0, 0, 0, 0, 112, 0, 0, 0, 0, 0, 0, 0, 0, 0, 0, 0, 0, 0, 0, 0]
2025-10-16 13:07:57 INFO  c.e.s.f.s.a.ShiftPlannerUseCase - 💾 Смена сохранена: 2025-10-16
2025-10-16 13:07:57 INFO  c.e.s.f.s.i.JpaShiftAdapter - 🧪 Читаем shift из БД: 2025-10-16
2025-10-16 13:07:57 INFO  c.e.s.f.s.i.JpaShiftAdapter - ⏱ hourlyLabels = [08:00, 09:00, 10:00, 11:00, 12:30, 13:30, 14:30, 15:30, 16:30, 17:30, 18:30, 19:30, 20:30, 21:30, 22:30, 23:30, 00:30, 01:30, 02:30, 03:30]
2025-10-16 13:07:57 INFO  c.e.s.f.s.i.JpaShiftAdapter - 📊 hourlyActual = [0, 0, 0, 0, 112, 0, 0, 0, 0, 0, 0, 0, 0, 0, 0, 0, 0, 0, 0, 0]
2025-10-16 13:07:57 INFO  c.e.s.f.s.a.e.ShiftUpdatedListener - 📤 Отправлен ShiftView в /topic/shift-updates: ShiftView[date=2025-10-16, actual=[0, 0, 0, 0, 112, 0, 0, 0, 0, 0, 0, 0, 0, 0, 0, 0, 0, 0, 0, 0], plan=[360, 480, 480, 480, 480, 480, 480, 480, 480, 480, 480, 480, 480, 480, 480, 480, 480, 480, 480, 360], hours=[08:00, 09:00, 10:00, 11:00, 12:30, 13:30, 14:30, 15:30, 16:30, 17:30, 18:30, 19:30, 20:30, 21:30, 22:30, 23:30, 00:30, 01:30, 02:30, 03:30]]
2025-10-16 13:07:57 INFO  c.e.s.f.s.i.JpaShiftAdapter - 🧪 Читаем shift из БД: 2025-10-16
2025-10-16 13:07:57 INFO  c.e.s.f.s.i.JpaShiftAdapter - ⏱ hourlyLabels = [08:00, 09:00, 10:00, 11:00, 12:30, 13:30, 14:30, 15:30, 16:30, 17:30, 18:30, 19:30, 20:30, 21:30, 22:30, 23:30, 00:30, 01:30, 02:30, 03:30]
2025-10-16 13:07:57 INFO  c.e.s.f.s.i.JpaShiftAdapter - 📊 hourlyActual = [0, 0, 0, 0, 112, 0, 0, 0, 0, 0, 0, 0, 0, 0, 0, 0, 0, 0, 0, 0]
2025-10-16 13:07:57 DEBUG c.e.s.f.s.i.ShiftSettingsApplier - ✅ Настройки не изменились, смена актуальна: 2025-10-16
2025-10-16 13:07:57 INFO  c.e.s.f.c.a.StoppageReconcilesService - Reconciled date=2025-10-16, hourIndex=4 -> saved 2 auto-stoppage(s)
2025-10-16 13:08:07 INFO  c.e.s.f.s.a.web.SignalController - 📡 Сигнал получен: сенсор = main, дата смены = 2025-10-15
2025-10-16 13:08:07 INFO  c.e.s.f.s.a.e.ProductDetectedListener - [EVENT] Product detected at 2025-10-16T13:08:07.680919800
2025-10-16 13:08:07 INFO  c.e.s.f.s.i.JpaShiftAdapter - 🧪 Читаем shift из БД: 2025-10-16
2025-10-16 13:08:07 INFO  c.e.s.f.s.i.JpaShiftAdapter - ⏱ hourlyLabels = [08:00, 09:00, 10:00, 11:00, 12:30, 13:30, 14:30, 15:30, 16:30, 17:30, 18:30, 19:30, 20:30, 21:30, 22:30, 23:30, 00:30, 01:30, 02:30, 03:30]
2025-10-16 13:08:07 INFO  c.e.s.f.s.i.JpaShiftAdapter - 📊 hourlyActual = [0, 0, 0, 0, 112, 0, 0, 0, 0, 0, 0, 0, 0, 0, 0, 0, 0, 0, 0, 0]
2025-10-16 13:08:07 DEBUG c.e.s.f.s.i.ShiftSettingsApplier - ✅ Настройки не изменились, смена актуальна: 2025-10-16
2025-10-16 13:08:07 INFO  c.e.s.f.s.i.ShiftSettingsApplier - 🔧 Обновлены часы смены: [08:00, 09:00, 10:00, 11:00, 12:30, 13:30, 14:30, 15:30, 16:30, 17:30, 18:30, 19:30, 20:30, 21:30, 22:30, 23:30, 00:30, 01:30, 02:30, 03:30]
2025-10-16 13:08:07 INFO  c.e.s.f.s.i.ShiftSettingsApplier - 📊 Применяем планы: [360, 480, 480, 480, 480, 480, 480, 480, 480, 480, 480, 480, 480, 480, 480, 480, 480, 480, 480, 360]
2025-10-16 13:08:07 INFO  c.e.s.f.s.i.JpaShiftAdapter - 📋 Сохраняем смену: date = 2025-10-16, labels = [08:00, 09:00, 10:00, 11:00, 12:30, 13:30, 14:30, 15:30, 16:30, 17:30, 18:30, 19:30, 20:30, 21:30, 22:30, 23:30, 00:30, 01:30, 02:30, 03:30], plan = [360, 480, 480, 480, 480, 480, 480, 480, 480, 480, 480, 480, 480, 480, 480, 480, 480, 480, 480, 360], actual = [0, 0, 0, 0, 113, 0, 0, 0, 0, 0, 0, 0, 0, 0, 0, 0, 0, 0, 0, 0]
2025-10-16 13:08:07 INFO  c.e.s.f.s.i.JpaShiftAdapter - 💾 Сохраняем actual: [0, 0, 0, 0, 113, 0, 0, 0, 0, 0, 0, 0, 0, 0, 0, 0, 0, 0, 0, 0]
2025-10-16 13:08:07 INFO  c.e.s.f.s.a.ShiftPlannerUseCase - 💾 Смена сохранена: 2025-10-16
2025-10-16 13:08:07 INFO  c.e.s.f.s.i.JpaShiftAdapter - 🧪 Читаем shift из БД: 2025-10-16
2025-10-16 13:08:07 INFO  c.e.s.f.s.i.JpaShiftAdapter - ⏱ hourlyLabels = [08:00, 09:00, 10:00, 11:00, 12:30, 13:30, 14:30, 15:30, 16:30, 17:30, 18:30, 19:30, 20:30, 21:30, 22:30, 23:30, 00:30, 01:30, 02:30, 03:30]
2025-10-16 13:08:07 INFO  c.e.s.f.s.i.JpaShiftAdapter - 📊 hourlyActual = [0, 0, 0, 0, 113, 0, 0, 0, 0, 0, 0, 0, 0, 0, 0, 0, 0, 0, 0, 0]
2025-10-16 13:08:07 INFO  c.e.s.f.s.a.e.ShiftUpdatedListener - 📤 Отправлен ShiftView в /topic/shift-updates: ShiftView[date=2025-10-16, actual=[0, 0, 0, 0, 113, 0, 0, 0, 0, 0, 0, 0, 0, 0, 0, 0, 0, 0, 0, 0], plan=[360, 480, 480, 480, 480, 480, 480, 480, 480, 480, 480, 480, 480, 480, 480, 480, 480, 480, 480, 360], hours=[08:00, 09:00, 10:00, 11:00, 12:30, 13:30, 14:30, 15:30, 16:30, 17:30, 18:30, 19:30, 20:30, 21:30, 22:30, 23:30, 00:30, 01:30, 02:30, 03:30]]
2025-10-16 13:08:07 INFO  c.e.s.f.s.i.JpaShiftAdapter - 🧪 Читаем shift из БД: 2025-10-16
2025-10-16 13:08:07 INFO  c.e.s.f.s.i.JpaShiftAdapter - ⏱ hourlyLabels = [08:00, 09:00, 10:00, 11:00, 12:30, 13:30, 14:30, 15:30, 16:30, 17:30, 18:30, 19:30, 20:30, 21:30, 22:30, 23:30, 00:30, 01:30, 02:30, 03:30]
2025-10-16 13:08:07 INFO  c.e.s.f.s.i.JpaShiftAdapter - 📊 hourlyActual = [0, 0, 0, 0, 113, 0, 0, 0, 0, 0, 0, 0, 0, 0, 0, 0, 0, 0, 0, 0]
2025-10-16 13:08:07 DEBUG c.e.s.f.s.i.ShiftSettingsApplier - ✅ Настройки не изменились, смена актуальна: 2025-10-16
2025-10-16 13:08:07 INFO  c.e.s.f.c.a.StoppageReconcilesService - Reconciled date=2025-10-16, hourIndex=4 -> saved 2 auto-stoppage(s)
2025-10-16 13:08:17 INFO  c.e.s.f.s.a.web.SignalController - 📡 Сигнал получен: сенсор = main, дата смены = 2025-10-15
2025-10-16 13:08:18 INFO  c.e.s.f.s.a.e.ProductDetectedListener - [EVENT] Product detected at 2025-10-16T13:08:17.949537600
2025-10-16 13:08:18 INFO  c.e.s.f.s.i.JpaShiftAdapter - 🧪 Читаем shift из БД: 2025-10-16
2025-10-16 13:08:18 INFO  c.e.s.f.s.i.JpaShiftAdapter - ⏱ hourlyLabels = [08:00, 09:00, 10:00, 11:00, 12:30, 13:30, 14:30, 15:30, 16:30, 17:30, 18:30, 19:30, 20:30, 21:30, 22:30, 23:30, 00:30, 01:30, 02:30, 03:30]
2025-10-16 13:08:18 INFO  c.e.s.f.s.i.JpaShiftAdapter - 📊 hourlyActual = [0, 0, 0, 0, 113, 0, 0, 0, 0, 0, 0, 0, 0, 0, 0, 0, 0, 0, 0, 0]
2025-10-16 13:08:18 DEBUG c.e.s.f.s.i.ShiftSettingsApplier - ✅ Настройки не изменились, смена актуальна: 2025-10-16
2025-10-16 13:08:18 INFO  c.e.s.f.s.i.ShiftSettingsApplier - 🔧 Обновлены часы смены: [08:00, 09:00, 10:00, 11:00, 12:30, 13:30, 14:30, 15:30, 16:30, 17:30, 18:30, 19:30, 20:30, 21:30, 22:30, 23:30, 00:30, 01:30, 02:30, 03:30]
2025-10-16 13:08:18 INFO  c.e.s.f.s.i.ShiftSettingsApplier - 📊 Применяем планы: [360, 480, 480, 480, 480, 480, 480, 480, 480, 480, 480, 480, 480, 480, 480, 480, 480, 480, 480, 360]
2025-10-16 13:08:18 INFO  c.e.s.f.s.i.JpaShiftAdapter - 📋 Сохраняем смену: date = 2025-10-16, labels = [08:00, 09:00, 10:00, 11:00, 12:30, 13:30, 14:30, 15:30, 16:30, 17:30, 18:30, 19:30, 20:30, 21:30, 22:30, 23:30, 00:30, 01:30, 02:30, 03:30], plan = [360, 480, 480, 480, 480, 480, 480, 480, 480, 480, 480, 480, 480, 480, 480, 480, 480, 480, 480, 360], actual = [0, 0, 0, 0, 114, 0, 0, 0, 0, 0, 0, 0, 0, 0, 0, 0, 0, 0, 0, 0]
2025-10-16 13:08:18 INFO  c.e.s.f.s.i.JpaShiftAdapter - 💾 Сохраняем actual: [0, 0, 0, 0, 114, 0, 0, 0, 0, 0, 0, 0, 0, 0, 0, 0, 0, 0, 0, 0]
2025-10-16 13:08:18 INFO  c.e.s.f.s.a.ShiftPlannerUseCase - 💾 Смена сохранена: 2025-10-16
2025-10-16 13:08:18 INFO  c.e.s.f.s.i.JpaShiftAdapter - 🧪 Читаем shift из БД: 2025-10-16
2025-10-16 13:08:18 INFO  c.e.s.f.s.i.JpaShiftAdapter - ⏱ hourlyLabels = [08:00, 09:00, 10:00, 11:00, 12:30, 13:30, 14:30, 15:30, 16:30, 17:30, 18:30, 19:30, 20:30, 21:30, 22:30, 23:30, 00:30, 01:30, 02:30, 03:30]
2025-10-16 13:08:18 INFO  c.e.s.f.s.i.JpaShiftAdapter - 📊 hourlyActual = [0, 0, 0, 0, 114, 0, 0, 0, 0, 0, 0, 0, 0, 0, 0, 0, 0, 0, 0, 0]
2025-10-16 13:08:18 INFO  c.e.s.f.s.a.e.ShiftUpdatedListener - 📤 Отправлен ShiftView в /topic/shift-updates: ShiftView[date=2025-10-16, actual=[0, 0, 0, 0, 114, 0, 0, 0, 0, 0, 0, 0, 0, 0, 0, 0, 0, 0, 0, 0], plan=[360, 480, 480, 480, 480, 480, 480, 480, 480, 480, 480, 480, 480, 480, 480, 480, 480, 480, 480, 360], hours=[08:00, 09:00, 10:00, 11:00, 12:30, 13:30, 14:30, 15:30, 16:30, 17:30, 18:30, 19:30, 20:30, 21:30, 22:30, 23:30, 00:30, 01:30, 02:30, 03:30]]
2025-10-16 13:08:18 INFO  c.e.s.f.s.i.JpaShiftAdapter - 🧪 Читаем shift из БД: 2025-10-16
2025-10-16 13:08:18 INFO  c.e.s.f.s.i.JpaShiftAdapter - ⏱ hourlyLabels = [08:00, 09:00, 10:00, 11:00, 12:30, 13:30, 14:30, 15:30, 16:30, 17:30, 18:30, 19:30, 20:30, 21:30, 22:30, 23:30, 00:30, 01:30, 02:30, 03:30]
2025-10-16 13:08:18 INFO  c.e.s.f.s.i.JpaShiftAdapter - 📊 hourlyActual = [0, 0, 0, 0, 114, 0, 0, 0, 0, 0, 0, 0, 0, 0, 0, 0, 0, 0, 0, 0]
2025-10-16 13:08:18 DEBUG c.e.s.f.s.i.ShiftSettingsApplier - ✅ Настройки не изменились, смена актуальна: 2025-10-16
2025-10-16 13:08:18 INFO  c.e.s.f.c.a.StoppageReconcilesService - Reconciled date=2025-10-16, hourIndex=4 -> saved 2 auto-stoppage(s)
2025-10-16 13:08:28 INFO  c.e.s.f.s.a.web.SignalController - 📡 Сигнал получен: сенсор = main, дата смены = 2025-10-15
2025-10-16 13:08:28 INFO  c.e.s.f.s.a.e.ProductDetectedListener - [EVENT] Product detected at 2025-10-16T13:08:28.219421
2025-10-16 13:08:28 INFO  c.e.s.f.s.i.JpaShiftAdapter - 🧪 Читаем shift из БД: 2025-10-16
2025-10-16 13:08:28 INFO  c.e.s.f.s.i.JpaShiftAdapter - ⏱ hourlyLabels = [08:00, 09:00, 10:00, 11:00, 12:30, 13:30, 14:30, 15:30, 16:30, 17:30, 18:30, 19:30, 20:30, 21:30, 22:30, 23:30, 00:30, 01:30, 02:30, 03:30]
2025-10-16 13:08:28 INFO  c.e.s.f.s.i.JpaShiftAdapter - 📊 hourlyActual = [0, 0, 0, 0, 114, 0, 0, 0, 0, 0, 0, 0, 0, 0, 0, 0, 0, 0, 0, 0]
2025-10-16 13:08:28 DEBUG c.e.s.f.s.i.ShiftSettingsApplier - ✅ Настройки не изменились, смена актуальна: 2025-10-16
2025-10-16 13:08:28 INFO  c.e.s.f.s.i.ShiftSettingsApplier - 🔧 Обновлены часы смены: [08:00, 09:00, 10:00, 11:00, 12:30, 13:30, 14:30, 15:30, 16:30, 17:30, 18:30, 19:30, 20:30, 21:30, 22:30, 23:30, 00:30, 01:30, 02:30, 03:30]
2025-10-16 13:08:28 INFO  c.e.s.f.s.i.ShiftSettingsApplier - 📊 Применяем планы: [360, 480, 480, 480, 480, 480, 480, 480, 480, 480, 480, 480, 480, 480, 480, 480, 480, 480, 480, 360]
2025-10-16 13:08:28 INFO  c.e.s.f.s.i.JpaShiftAdapter - 📋 Сохраняем смену: date = 2025-10-16, labels = [08:00, 09:00, 10:00, 11:00, 12:30, 13:30, 14:30, 15:30, 16:30, 17:30, 18:30, 19:30, 20:30, 21:30, 22:30, 23:30, 00:30, 01:30, 02:30, 03:30], plan = [360, 480, 480, 480, 480, 480, 480, 480, 480, 480, 480, 480, 480, 480, 480, 480, 480, 480, 480, 360], actual = [0, 0, 0, 0, 115, 0, 0, 0, 0, 0, 0, 0, 0, 0, 0, 0, 0, 0, 0, 0]
2025-10-16 13:08:28 INFO  c.e.s.f.s.i.JpaShiftAdapter - 💾 Сохраняем actual: [0, 0, 0, 0, 115, 0, 0, 0, 0, 0, 0, 0, 0, 0, 0, 0, 0, 0, 0, 0]
2025-10-16 13:08:28 INFO  c.e.s.f.s.a.ShiftPlannerUseCase - 💾 Смена сохранена: 2025-10-16
2025-10-16 13:08:28 INFO  c.e.s.f.s.i.JpaShiftAdapter - 🧪 Читаем shift из БД: 2025-10-16
2025-10-16 13:08:28 INFO  c.e.s.f.s.i.JpaShiftAdapter - ⏱ hourlyLabels = [08:00, 09:00, 10:00, 11:00, 12:30, 13:30, 14:30, 15:30, 16:30, 17:30, 18:30, 19:30, 20:30, 21:30, 22:30, 23:30, 00:30, 01:30, 02:30, 03:30]
2025-10-16 13:08:28 INFO  c.e.s.f.s.i.JpaShiftAdapter - 📊 hourlyActual = [0, 0, 0, 0, 115, 0, 0, 0, 0, 0, 0, 0, 0, 0, 0, 0, 0, 0, 0, 0]
2025-10-16 13:08:28 INFO  c.e.s.f.s.a.e.ShiftUpdatedListener - 📤 Отправлен ShiftView в /topic/shift-updates: ShiftView[date=2025-10-16, actual=[0, 0, 0, 0, 115, 0, 0, 0, 0, 0, 0, 0, 0, 0, 0, 0, 0, 0, 0, 0], plan=[360, 480, 480, 480, 480, 480, 480, 480, 480, 480, 480, 480, 480, 480, 480, 480, 480, 480, 480, 360], hours=[08:00, 09:00, 10:00, 11:00, 12:30, 13:30, 14:30, 15:30, 16:30, 17:30, 18:30, 19:30, 20:30, 21:30, 22:30, 23:30, 00:30, 01:30, 02:30, 03:30]]
2025-10-16 13:08:28 INFO  c.e.s.f.s.i.JpaShiftAdapter - 🧪 Читаем shift из БД: 2025-10-16
2025-10-16 13:08:28 INFO  c.e.s.f.s.i.JpaShiftAdapter - ⏱ hourlyLabels = [08:00, 09:00, 10:00, 11:00, 12:30, 13:30, 14:30, 15:30, 16:30, 17:30, 18:30, 19:30, 20:30, 21:30, 22:30, 23:30, 00:30, 01:30, 02:30, 03:30]
2025-10-16 13:08:28 INFO  c.e.s.f.s.i.JpaShiftAdapter - 📊 hourlyActual = [0, 0, 0, 0, 115, 0, 0, 0, 0, 0, 0, 0, 0, 0, 0, 0, 0, 0, 0, 0]
2025-10-16 13:08:28 DEBUG c.e.s.f.s.i.ShiftSettingsApplier - ✅ Настройки не изменились, смена актуальна: 2025-10-16
2025-10-16 13:08:28 INFO  c.e.s.f.c.a.StoppageReconcilesService - Reconciled date=2025-10-16, hourIndex=4 -> saved 2 auto-stoppage(s)
2025-10-16 13:08:38 INFO  c.e.s.f.s.a.web.SignalController - 📡 Сигнал получен: сенсор = main, дата смены = 2025-10-15
2025-10-16 13:08:38 INFO  c.e.s.f.s.a.e.ProductDetectedListener - [EVENT] Product detected at 2025-10-16T13:08:38.414827100
2025-10-16 13:08:38 INFO  c.e.s.f.s.i.JpaShiftAdapter - 🧪 Читаем shift из БД: 2025-10-16
2025-10-16 13:08:38 INFO  c.e.s.f.s.i.JpaShiftAdapter - ⏱ hourlyLabels = [08:00, 09:00, 10:00, 11:00, 12:30, 13:30, 14:30, 15:30, 16:30, 17:30, 18:30, 19:30, 20:30, 21:30, 22:30, 23:30, 00:30, 01:30, 02:30, 03:30]
2025-10-16 13:08:38 INFO  c.e.s.f.s.i.JpaShiftAdapter - 📊 hourlyActual = [0, 0, 0, 0, 115, 0, 0, 0, 0, 0, 0, 0, 0, 0, 0, 0, 0, 0, 0, 0]
2025-10-16 13:08:38 DEBUG c.e.s.f.s.i.ShiftSettingsApplier - ✅ Настройки не изменились, смена актуальна: 2025-10-16
2025-10-16 13:08:38 INFO  c.e.s.f.s.i.ShiftSettingsApplier - 🔧 Обновлены часы смены: [08:00, 09:00, 10:00, 11:00, 12:30, 13:30, 14:30, 15:30, 16:30, 17:30, 18:30, 19:30, 20:30, 21:30, 22:30, 23:30, 00:30, 01:30, 02:30, 03:30]
2025-10-16 13:08:38 INFO  c.e.s.f.s.i.ShiftSettingsApplier - 📊 Применяем планы: [360, 480, 480, 480, 480, 480, 480, 480, 480, 480, 480, 480, 480, 480, 480, 480, 480, 480, 480, 360]
2025-10-16 13:08:38 INFO  c.e.s.f.s.i.JpaShiftAdapter - 📋 Сохраняем смену: date = 2025-10-16, labels = [08:00, 09:00, 10:00, 11:00, 12:30, 13:30, 14:30, 15:30, 16:30, 17:30, 18:30, 19:30, 20:30, 21:30, 22:30, 23:30, 00:30, 01:30, 02:30, 03:30], plan = [360, 480, 480, 480, 480, 480, 480, 480, 480, 480, 480, 480, 480, 480, 480, 480, 480, 480, 480, 360], actual = [0, 0, 0, 0, 116, 0, 0, 0, 0, 0, 0, 0, 0, 0, 0, 0, 0, 0, 0, 0]
2025-10-16 13:08:38 INFO  c.e.s.f.s.i.JpaShiftAdapter - 💾 Сохраняем actual: [0, 0, 0, 0, 116, 0, 0, 0, 0, 0, 0, 0, 0, 0, 0, 0, 0, 0, 0, 0]
2025-10-16 13:08:38 INFO  c.e.s.f.s.a.ShiftPlannerUseCase - 💾 Смена сохранена: 2025-10-16
2025-10-16 13:08:38 INFO  c.e.s.f.s.i.JpaShiftAdapter - 🧪 Читаем shift из БД: 2025-10-16
2025-10-16 13:08:38 INFO  c.e.s.f.s.i.JpaShiftAdapter - ⏱ hourlyLabels = [08:00, 09:00, 10:00, 11:00, 12:30, 13:30, 14:30, 15:30, 16:30, 17:30, 18:30, 19:30, 20:30, 21:30, 22:30, 23:30, 00:30, 01:30, 02:30, 03:30]
2025-10-16 13:08:38 INFO  c.e.s.f.s.i.JpaShiftAdapter - 📊 hourlyActual = [0, 0, 0, 0, 116, 0, 0, 0, 0, 0, 0, 0, 0, 0, 0, 0, 0, 0, 0, 0]
2025-10-16 13:08:38 INFO  c.e.s.f.s.a.e.ShiftUpdatedListener - 📤 Отправлен ShiftView в /topic/shift-updates: ShiftView[date=2025-10-16, actual=[0, 0, 0, 0, 116, 0, 0, 0, 0, 0, 0, 0, 0, 0, 0, 0, 0, 0, 0, 0], plan=[360, 480, 480, 480, 480, 480, 480, 480, 480, 480, 480, 480, 480, 480, 480, 480, 480, 480, 480, 360], hours=[08:00, 09:00, 10:00, 11:00, 12:30, 13:30, 14:30, 15:30, 16:30, 17:30, 18:30, 19:30, 20:30, 21:30, 22:30, 23:30, 00:30, 01:30, 02:30, 03:30]]
2025-10-16 13:08:38 INFO  c.e.s.f.s.i.JpaShiftAdapter - 🧪 Читаем shift из БД: 2025-10-16
2025-10-16 13:08:38 INFO  c.e.s.f.s.i.JpaShiftAdapter - ⏱ hourlyLabels = [08:00, 09:00, 10:00, 11:00, 12:30, 13:30, 14:30, 15:30, 16:30, 17:30, 18:30, 19:30, 20:30, 21:30, 22:30, 23:30, 00:30, 01:30, 02:30, 03:30]
2025-10-16 13:08:38 INFO  c.e.s.f.s.i.JpaShiftAdapter - 📊 hourlyActual = [0, 0, 0, 0, 116, 0, 0, 0, 0, 0, 0, 0, 0, 0, 0, 0, 0, 0, 0, 0]
2025-10-16 13:08:38 DEBUG c.e.s.f.s.i.ShiftSettingsApplier - ✅ Настройки не изменились, смена актуальна: 2025-10-16
2025-10-16 13:08:38 INFO  c.e.s.f.c.a.StoppageReconcilesService - Reconciled date=2025-10-16, hourIndex=4 -> saved 2 auto-stoppage(s)
2025-10-16 13:08:48 INFO  c.e.s.f.s.a.web.SignalController - 📡 Сигнал получен: сенсор = main, дата смены = 2025-10-15
2025-10-16 13:08:48 INFO  c.e.s.f.s.a.e.ProductDetectedListener - [EVENT] Product detected at 2025-10-16T13:08:48.614359100
2025-10-16 13:08:48 INFO  c.e.s.f.s.i.JpaShiftAdapter - 🧪 Читаем shift из БД: 2025-10-16
2025-10-16 13:08:48 INFO  c.e.s.f.s.i.JpaShiftAdapter - ⏱ hourlyLabels = [08:00, 09:00, 10:00, 11:00, 12:30, 13:30, 14:30, 15:30, 16:30, 17:30, 18:30, 19:30, 20:30, 21:30, 22:30, 23:30, 00:30, 01:30, 02:30, 03:30]
2025-10-16 13:08:48 INFO  c.e.s.f.s.i.JpaShiftAdapter - 📊 hourlyActual = [0, 0, 0, 0, 116, 0, 0, 0, 0, 0, 0, 0, 0, 0, 0, 0, 0, 0, 0, 0]
2025-10-16 13:08:48 DEBUG c.e.s.f.s.i.ShiftSettingsApplier - ✅ Настройки не изменились, смена актуальна: 2025-10-16
2025-10-16 13:08:48 INFO  c.e.s.f.s.i.ShiftSettingsApplier - 🔧 Обновлены часы смены: [08:00, 09:00, 10:00, 11:00, 12:30, 13:30, 14:30, 15:30, 16:30, 17:30, 18:30, 19:30, 20:30, 21:30, 22:30, 23:30, 00:30, 01:30, 02:30, 03:30]
2025-10-16 13:08:48 INFO  c.e.s.f.s.i.ShiftSettingsApplier - 📊 Применяем планы: [360, 480, 480, 480, 480, 480, 480, 480, 480, 480, 480, 480, 480, 480, 480, 480, 480, 480, 480, 360]
2025-10-16 13:08:48 INFO  c.e.s.f.s.i.JpaShiftAdapter - 📋 Сохраняем смену: date = 2025-10-16, labels = [08:00, 09:00, 10:00, 11:00, 12:30, 13:30, 14:30, 15:30, 16:30, 17:30, 18:30, 19:30, 20:30, 21:30, 22:30, 23:30, 00:30, 01:30, 02:30, 03:30], plan = [360, 480, 480, 480, 480, 480, 480, 480, 480, 480, 480, 480, 480, 480, 480, 480, 480, 480, 480, 360], actual = [0, 0, 0, 0, 117, 0, 0, 0, 0, 0, 0, 0, 0, 0, 0, 0, 0, 0, 0, 0]
2025-10-16 13:08:48 INFO  c.e.s.f.s.i.JpaShiftAdapter - 💾 Сохраняем actual: [0, 0, 0, 0, 117, 0, 0, 0, 0, 0, 0, 0, 0, 0, 0, 0, 0, 0, 0, 0]
2025-10-16 13:08:48 INFO  c.e.s.f.s.a.ShiftPlannerUseCase - 💾 Смена сохранена: 2025-10-16
2025-10-16 13:08:48 INFO  c.e.s.f.s.i.JpaShiftAdapter - 🧪 Читаем shift из БД: 2025-10-16
2025-10-16 13:08:48 INFO  c.e.s.f.s.i.JpaShiftAdapter - ⏱ hourlyLabels = [08:00, 09:00, 10:00, 11:00, 12:30, 13:30, 14:30, 15:30, 16:30, 17:30, 18:30, 19:30, 20:30, 21:30, 22:30, 23:30, 00:30, 01:30, 02:30, 03:30]
2025-10-16 13:08:48 INFO  c.e.s.f.s.i.JpaShiftAdapter - 📊 hourlyActual = [0, 0, 0, 0, 117, 0, 0, 0, 0, 0, 0, 0, 0, 0, 0, 0, 0, 0, 0, 0]
2025-10-16 13:08:48 INFO  c.e.s.f.s.a.e.ShiftUpdatedListener - 📤 Отправлен ShiftView в /topic/shift-updates: ShiftView[date=2025-10-16, actual=[0, 0, 0, 0, 117, 0, 0, 0, 0, 0, 0, 0, 0, 0, 0, 0, 0, 0, 0, 0], plan=[360, 480, 480, 480, 480, 480, 480, 480, 480, 480, 480, 480, 480, 480, 480, 480, 480, 480, 480, 360], hours=[08:00, 09:00, 10:00, 11:00, 12:30, 13:30, 14:30, 15:30, 16:30, 17:30, 18:30, 19:30, 20:30, 21:30, 22:30, 23:30, 00:30, 01:30, 02:30, 03:30]]
2025-10-16 13:08:48 INFO  c.e.s.f.s.i.JpaShiftAdapter - 🧪 Читаем shift из БД: 2025-10-16
2025-10-16 13:08:48 INFO  c.e.s.f.s.i.JpaShiftAdapter - ⏱ hourlyLabels = [08:00, 09:00, 10:00, 11:00, 12:30, 13:30, 14:30, 15:30, 16:30, 17:30, 18:30, 19:30, 20:30, 21:30, 22:30, 23:30, 00:30, 01:30, 02:30, 03:30]
2025-10-16 13:08:48 INFO  c.e.s.f.s.i.JpaShiftAdapter - 📊 hourlyActual = [0, 0, 0, 0, 117, 0, 0, 0, 0, 0, 0, 0, 0, 0, 0, 0, 0, 0, 0, 0]
2025-10-16 13:08:48 DEBUG c.e.s.f.s.i.ShiftSettingsApplier - ✅ Настройки не изменились, смена актуальна: 2025-10-16
2025-10-16 13:08:48 INFO  c.e.s.f.c.a.StoppageReconcilesService - Reconciled date=2025-10-16, hourIndex=4 -> saved 2 auto-stoppage(s)
2025-10-16 13:08:58 INFO  c.e.s.f.s.a.web.SignalController - 📡 Сигнал получен: сенсор = main, дата смены = 2025-10-15
2025-10-16 13:08:58 INFO  c.e.s.f.s.a.e.ProductDetectedListener - [EVENT] Product detected at 2025-10-16T13:08:58.815242200
2025-10-16 13:08:58 INFO  c.e.s.f.s.i.JpaShiftAdapter - 🧪 Читаем shift из БД: 2025-10-16
2025-10-16 13:08:58 INFO  c.e.s.f.s.i.JpaShiftAdapter - ⏱ hourlyLabels = [08:00, 09:00, 10:00, 11:00, 12:30, 13:30, 14:30, 15:30, 16:30, 17:30, 18:30, 19:30, 20:30, 21:30, 22:30, 23:30, 00:30, 01:30, 02:30, 03:30]
2025-10-16 13:08:58 INFO  c.e.s.f.s.i.JpaShiftAdapter - 📊 hourlyActual = [0, 0, 0, 0, 117, 0, 0, 0, 0, 0, 0, 0, 0, 0, 0, 0, 0, 0, 0, 0]
2025-10-16 13:08:58 DEBUG c.e.s.f.s.i.ShiftSettingsApplier - ✅ Настройки не изменились, смена актуальна: 2025-10-16
2025-10-16 13:08:58 INFO  c.e.s.f.s.i.ShiftSettingsApplier - 🔧 Обновлены часы смены: [08:00, 09:00, 10:00, 11:00, 12:30, 13:30, 14:30, 15:30, 16:30, 17:30, 18:30, 19:30, 20:30, 21:30, 22:30, 23:30, 00:30, 01:30, 02:30, 03:30]
2025-10-16 13:08:58 INFO  c.e.s.f.s.i.ShiftSettingsApplier - 📊 Применяем планы: [360, 480, 480, 480, 480, 480, 480, 480, 480, 480, 480, 480, 480, 480, 480, 480, 480, 480, 480, 360]
2025-10-16 13:08:58 INFO  c.e.s.f.s.i.JpaShiftAdapter - 📋 Сохраняем смену: date = 2025-10-16, labels = [08:00, 09:00, 10:00, 11:00, 12:30, 13:30, 14:30, 15:30, 16:30, 17:30, 18:30, 19:30, 20:30, 21:30, 22:30, 23:30, 00:30, 01:30, 02:30, 03:30], plan = [360, 480, 480, 480, 480, 480, 480, 480, 480, 480, 480, 480, 480, 480, 480, 480, 480, 480, 480, 360], actual = [0, 0, 0, 0, 118, 0, 0, 0, 0, 0, 0, 0, 0, 0, 0, 0, 0, 0, 0, 0]
2025-10-16 13:08:58 INFO  c.e.s.f.s.i.JpaShiftAdapter - 💾 Сохраняем actual: [0, 0, 0, 0, 118, 0, 0, 0, 0, 0, 0, 0, 0, 0, 0, 0, 0, 0, 0, 0]
2025-10-16 13:08:59 INFO  c.e.s.f.s.a.ShiftPlannerUseCase - 💾 Смена сохранена: 2025-10-16
2025-10-16 13:08:59 INFO  c.e.s.f.s.i.JpaShiftAdapter - 🧪 Читаем shift из БД: 2025-10-16
2025-10-16 13:08:59 INFO  c.e.s.f.s.i.JpaShiftAdapter - ⏱ hourlyLabels = [08:00, 09:00, 10:00, 11:00, 12:30, 13:30, 14:30, 15:30, 16:30, 17:30, 18:30, 19:30, 20:30, 21:30, 22:30, 23:30, 00:30, 01:30, 02:30, 03:30]
2025-10-16 13:08:59 INFO  c.e.s.f.s.i.JpaShiftAdapter - 📊 hourlyActual = [0, 0, 0, 0, 118, 0, 0, 0, 0, 0, 0, 0, 0, 0, 0, 0, 0, 0, 0, 0]
2025-10-16 13:08:59 INFO  c.e.s.f.s.a.e.ShiftUpdatedListener - 📤 Отправлен ShiftView в /topic/shift-updates: ShiftView[date=2025-10-16, actual=[0, 0, 0, 0, 118, 0, 0, 0, 0, 0, 0, 0, 0, 0, 0, 0, 0, 0, 0, 0], plan=[360, 480, 480, 480, 480, 480, 480, 480, 480, 480, 480, 480, 480, 480, 480, 480, 480, 480, 480, 360], hours=[08:00, 09:00, 10:00, 11:00, 12:30, 13:30, 14:30, 15:30, 16:30, 17:30, 18:30, 19:30, 20:30, 21:30, 22:30, 23:30, 00:30, 01:30, 02:30, 03:30]]
2025-10-16 13:08:59 INFO  c.e.s.f.s.i.JpaShiftAdapter - 🧪 Читаем shift из БД: 2025-10-16
2025-10-16 13:08:59 INFO  c.e.s.f.s.i.JpaShiftAdapter - ⏱ hourlyLabels = [08:00, 09:00, 10:00, 11:00, 12:30, 13:30, 14:30, 15:30, 16:30, 17:30, 18:30, 19:30, 20:30, 21:30, 22:30, 23:30, 00:30, 01:30, 02:30, 03:30]
2025-10-16 13:08:59 INFO  c.e.s.f.s.i.JpaShiftAdapter - 📊 hourlyActual = [0, 0, 0, 0, 118, 0, 0, 0, 0, 0, 0, 0, 0, 0, 0, 0, 0, 0, 0, 0]
2025-10-16 13:08:59 DEBUG c.e.s.f.s.i.ShiftSettingsApplier - ✅ Настройки не изменились, смена актуальна: 2025-10-16
2025-10-16 13:08:59 INFO  c.e.s.f.c.a.StoppageReconcilesService - Reconciled date=2025-10-16, hourIndex=4 -> saved 2 auto-stoppage(s)
2025-10-16 13:09:09 INFO  c.e.s.f.s.a.web.SignalController - 📡 Сигнал получен: сенсор = main, дата смены = 2025-10-15
2025-10-16 13:09:09 INFO  c.e.s.f.s.a.e.ProductDetectedListener - [EVENT] Product detected at 2025-10-16T13:09:09.551764400
2025-10-16 13:09:09 INFO  c.e.s.f.s.i.JpaShiftAdapter - 🧪 Читаем shift из БД: 2025-10-16
2025-10-16 13:09:09 INFO  c.e.s.f.s.i.JpaShiftAdapter - ⏱ hourlyLabels = [08:00, 09:00, 10:00, 11:00, 12:30, 13:30, 14:30, 15:30, 16:30, 17:30, 18:30, 19:30, 20:30, 21:30, 22:30, 23:30, 00:30, 01:30, 02:30, 03:30]
2025-10-16 13:09:09 INFO  c.e.s.f.s.i.JpaShiftAdapter - 📊 hourlyActual = [0, 0, 0, 0, 118, 0, 0, 0, 0, 0, 0, 0, 0, 0, 0, 0, 0, 0, 0, 0]
2025-10-16 13:09:09 DEBUG c.e.s.f.s.i.ShiftSettingsApplier - ✅ Настройки не изменились, смена актуальна: 2025-10-16
2025-10-16 13:09:09 INFO  c.e.s.f.s.i.ShiftSettingsApplier - 🔧 Обновлены часы смены: [08:00, 09:00, 10:00, 11:00, 12:30, 13:30, 14:30, 15:30, 16:30, 17:30, 18:30, 19:30, 20:30, 21:30, 22:30, 23:30, 00:30, 01:30, 02:30, 03:30]
2025-10-16 13:09:09 INFO  c.e.s.f.s.i.ShiftSettingsApplier - 📊 Применяем планы: [360, 480, 480, 480, 480, 480, 480, 480, 480, 480, 480, 480, 480, 480, 480, 480, 480, 480, 480, 360]
2025-10-16 13:09:09 INFO  c.e.s.f.s.i.JpaShiftAdapter - 📋 Сохраняем смену: date = 2025-10-16, labels = [08:00, 09:00, 10:00, 11:00, 12:30, 13:30, 14:30, 15:30, 16:30, 17:30, 18:30, 19:30, 20:30, 21:30, 22:30, 23:30, 00:30, 01:30, 02:30, 03:30], plan = [360, 480, 480, 480, 480, 480, 480, 480, 480, 480, 480, 480, 480, 480, 480, 480, 480, 480, 480, 360], actual = [0, 0, 0, 0, 119, 0, 0, 0, 0, 0, 0, 0, 0, 0, 0, 0, 0, 0, 0, 0]
2025-10-16 13:09:09 INFO  c.e.s.f.s.i.JpaShiftAdapter - 💾 Сохраняем actual: [0, 0, 0, 0, 119, 0, 0, 0, 0, 0, 0, 0, 0, 0, 0, 0, 0, 0, 0, 0]
2025-10-16 13:09:09 INFO  c.e.s.f.s.a.ShiftPlannerUseCase - 💾 Смена сохранена: 2025-10-16
2025-10-16 13:09:09 INFO  c.e.s.f.s.i.JpaShiftAdapter - 🧪 Читаем shift из БД: 2025-10-16
2025-10-16 13:09:09 INFO  c.e.s.f.s.i.JpaShiftAdapter - ⏱ hourlyLabels = [08:00, 09:00, 10:00, 11:00, 12:30, 13:30, 14:30, 15:30, 16:30, 17:30, 18:30, 19:30, 20:30, 21:30, 22:30, 23:30, 00:30, 01:30, 02:30, 03:30]
2025-10-16 13:09:09 INFO  c.e.s.f.s.i.JpaShiftAdapter - 📊 hourlyActual = [0, 0, 0, 0, 119, 0, 0, 0, 0, 0, 0, 0, 0, 0, 0, 0, 0, 0, 0, 0]
2025-10-16 13:09:09 INFO  c.e.s.f.s.a.e.ShiftUpdatedListener - 📤 Отправлен ShiftView в /topic/shift-updates: ShiftView[date=2025-10-16, actual=[0, 0, 0, 0, 119, 0, 0, 0, 0, 0, 0, 0, 0, 0, 0, 0, 0, 0, 0, 0], plan=[360, 480, 480, 480, 480, 480, 480, 480, 480, 480, 480, 480, 480, 480, 480, 480, 480, 480, 480, 360], hours=[08:00, 09:00, 10:00, 11:00, 12:30, 13:30, 14:30, 15:30, 16:30, 17:30, 18:30, 19:30, 20:30, 21:30, 22:30, 23:30, 00:30, 01:30, 02:30, 03:30]]
2025-10-16 13:09:10 INFO  c.e.s.f.s.i.JpaShiftAdapter - 🧪 Читаем shift из БД: 2025-10-16
2025-10-16 13:09:10 INFO  c.e.s.f.s.i.JpaShiftAdapter - ⏱ hourlyLabels = [08:00, 09:00, 10:00, 11:00, 12:30, 13:30, 14:30, 15:30, 16:30, 17:30, 18:30, 19:30, 20:30, 21:30, 22:30, 23:30, 00:30, 01:30, 02:30, 03:30]
2025-10-16 13:09:10 INFO  c.e.s.f.s.i.JpaShiftAdapter - 📊 hourlyActual = [0, 0, 0, 0, 119, 0, 0, 0, 0, 0, 0, 0, 0, 0, 0, 0, 0, 0, 0, 0]
2025-10-16 13:09:10 DEBUG c.e.s.f.s.i.ShiftSettingsApplier - ✅ Настройки не изменились, смена актуальна: 2025-10-16
2025-10-16 13:09:10 INFO  c.e.s.f.c.a.StoppageReconcilesService - Reconciled date=2025-10-16, hourIndex=4 -> saved 2 auto-stoppage(s)
2025-10-16 13:09:20 INFO  c.e.s.f.s.a.web.SignalController - 📡 Сигнал получен: сенсор = main, дата смены = 2025-10-15
2025-10-16 13:09:20 INFO  c.e.s.f.s.a.e.ProductDetectedListener - [EVENT] Product detected at 2025-10-16T13:09:20.198521900
2025-10-16 13:09:20 INFO  c.e.s.f.s.i.JpaShiftAdapter - 🧪 Читаем shift из БД: 2025-10-16
2025-10-16 13:09:20 INFO  c.e.s.f.s.i.JpaShiftAdapter - ⏱ hourlyLabels = [08:00, 09:00, 10:00, 11:00, 12:30, 13:30, 14:30, 15:30, 16:30, 17:30, 18:30, 19:30, 20:30, 21:30, 22:30, 23:30, 00:30, 01:30, 02:30, 03:30]
2025-10-16 13:09:20 INFO  c.e.s.f.s.i.JpaShiftAdapter - 📊 hourlyActual = [0, 0, 0, 0, 119, 0, 0, 0, 0, 0, 0, 0, 0, 0, 0, 0, 0, 0, 0, 0]
2025-10-16 13:09:20 DEBUG c.e.s.f.s.i.ShiftSettingsApplier - ✅ Настройки не изменились, смена актуальна: 2025-10-16
2025-10-16 13:09:20 INFO  c.e.s.f.s.i.ShiftSettingsApplier - 🔧 Обновлены часы смены: [08:00, 09:00, 10:00, 11:00, 12:30, 13:30, 14:30, 15:30, 16:30, 17:30, 18:30, 19:30, 20:30, 21:30, 22:30, 23:30, 00:30, 01:30, 02:30, 03:30]
2025-10-16 13:09:20 INFO  c.e.s.f.s.i.ShiftSettingsApplier - 📊 Применяем планы: [360, 480, 480, 480, 480, 480, 480, 480, 480, 480, 480, 480, 480, 480, 480, 480, 480, 480, 480, 360]
2025-10-16 13:09:20 INFO  c.e.s.f.s.i.JpaShiftAdapter - 📋 Сохраняем смену: date = 2025-10-16, labels = [08:00, 09:00, 10:00, 11:00, 12:30, 13:30, 14:30, 15:30, 16:30, 17:30, 18:30, 19:30, 20:30, 21:30, 22:30, 23:30, 00:30, 01:30, 02:30, 03:30], plan = [360, 480, 480, 480, 480, 480, 480, 480, 480, 480, 480, 480, 480, 480, 480, 480, 480, 480, 480, 360], actual = [0, 0, 0, 0, 120, 0, 0, 0, 0, 0, 0, 0, 0, 0, 0, 0, 0, 0, 0, 0]
2025-10-16 13:09:20 INFO  c.e.s.f.s.i.JpaShiftAdapter - 💾 Сохраняем actual: [0, 0, 0, 0, 120, 0, 0, 0, 0, 0, 0, 0, 0, 0, 0, 0, 0, 0, 0, 0]
2025-10-16 13:09:20 INFO  c.e.s.f.s.a.ShiftPlannerUseCase - 💾 Смена сохранена: 2025-10-16
2025-10-16 13:09:20 INFO  c.e.s.f.s.i.JpaShiftAdapter - 🧪 Читаем shift из БД: 2025-10-16
2025-10-16 13:09:20 INFO  c.e.s.f.s.i.JpaShiftAdapter - ⏱ hourlyLabels = [08:00, 09:00, 10:00, 11:00, 12:30, 13:30, 14:30, 15:30, 16:30, 17:30, 18:30, 19:30, 20:30, 21:30, 22:30, 23:30, 00:30, 01:30, 02:30, 03:30]
2025-10-16 13:09:20 INFO  c.e.s.f.s.i.JpaShiftAdapter - 📊 hourlyActual = [0, 0, 0, 0, 120, 0, 0, 0, 0, 0, 0, 0, 0, 0, 0, 0, 0, 0, 0, 0]
2025-10-16 13:09:20 INFO  c.e.s.f.s.a.e.ShiftUpdatedListener - 📤 Отправлен ShiftView в /topic/shift-updates: ShiftView[date=2025-10-16, actual=[0, 0, 0, 0, 120, 0, 0, 0, 0, 0, 0, 0, 0, 0, 0, 0, 0, 0, 0, 0], plan=[360, 480, 480, 480, 480, 480, 480, 480, 480, 480, 480, 480, 480, 480, 480, 480, 480, 480, 480, 360], hours=[08:00, 09:00, 10:00, 11:00, 12:30, 13:30, 14:30, 15:30, 16:30, 17:30, 18:30, 19:30, 20:30, 21:30, 22:30, 23:30, 00:30, 01:30, 02:30, 03:30]]
2025-10-16 13:09:20 INFO  c.e.s.f.s.i.JpaShiftAdapter - 🧪 Читаем shift из БД: 2025-10-16
2025-10-16 13:09:20 INFO  c.e.s.f.s.i.JpaShiftAdapter - ⏱ hourlyLabels = [08:00, 09:00, 10:00, 11:00, 12:30, 13:30, 14:30, 15:30, 16:30, 17:30, 18:30, 19:30, 20:30, 21:30, 22:30, 23:30, 00:30, 01:30, 02:30, 03:30]
2025-10-16 13:09:20 INFO  c.e.s.f.s.i.JpaShiftAdapter - 📊 hourlyActual = [0, 0, 0, 0, 120, 0, 0, 0, 0, 0, 0, 0, 0, 0, 0, 0, 0, 0, 0, 0]
2025-10-16 13:09:20 DEBUG c.e.s.f.s.i.ShiftSettingsApplier - ✅ Настройки не изменились, смена актуальна: 2025-10-16
2025-10-16 13:09:20 INFO  c.e.s.f.c.a.StoppageReconcilesService - Reconciled date=2025-10-16, hourIndex=4 -> saved 2 auto-stoppage(s)
2025-10-16 13:09:30 INFO  c.e.s.f.s.a.web.SignalController - 📡 Сигнал получен: сенсор = main, дата смены = 2025-10-15
2025-10-16 13:09:31 INFO  c.e.s.f.s.a.e.ProductDetectedListener - [EVENT] Product detected at 2025-10-16T13:09:30.844225800
2025-10-16 13:09:31 INFO  c.e.s.f.s.i.JpaShiftAdapter - 🧪 Читаем shift из БД: 2025-10-16
2025-10-16 13:09:31 INFO  c.e.s.f.s.i.JpaShiftAdapter - ⏱ hourlyLabels = [08:00, 09:00, 10:00, 11:00, 12:30, 13:30, 14:30, 15:30, 16:30, 17:30, 18:30, 19:30, 20:30, 21:30, 22:30, 23:30, 00:30, 01:30, 02:30, 03:30]
2025-10-16 13:09:31 INFO  c.e.s.f.s.i.JpaShiftAdapter - 📊 hourlyActual = [0, 0, 0, 0, 120, 0, 0, 0, 0, 0, 0, 0, 0, 0, 0, 0, 0, 0, 0, 0]
2025-10-16 13:09:31 DEBUG c.e.s.f.s.i.ShiftSettingsApplier - ✅ Настройки не изменились, смена актуальна: 2025-10-16
2025-10-16 13:09:31 INFO  c.e.s.f.s.i.ShiftSettingsApplier - 🔧 Обновлены часы смены: [08:00, 09:00, 10:00, 11:00, 12:30, 13:30, 14:30, 15:30, 16:30, 17:30, 18:30, 19:30, 20:30, 21:30, 22:30, 23:30, 00:30, 01:30, 02:30, 03:30]
2025-10-16 13:09:31 INFO  c.e.s.f.s.i.ShiftSettingsApplier - 📊 Применяем планы: [360, 480, 480, 480, 480, 480, 480, 480, 480, 480, 480, 480, 480, 480, 480, 480, 480, 480, 480, 360]
2025-10-16 13:09:31 INFO  c.e.s.f.s.i.JpaShiftAdapter - 📋 Сохраняем смену: date = 2025-10-16, labels = [08:00, 09:00, 10:00, 11:00, 12:30, 13:30, 14:30, 15:30, 16:30, 17:30, 18:30, 19:30, 20:30, 21:30, 22:30, 23:30, 00:30, 01:30, 02:30, 03:30], plan = [360, 480, 480, 480, 480, 480, 480, 480, 480, 480, 480, 480, 480, 480, 480, 480, 480, 480, 480, 360], actual = [0, 0, 0, 0, 121, 0, 0, 0, 0, 0, 0, 0, 0, 0, 0, 0, 0, 0, 0, 0]
2025-10-16 13:09:31 INFO  c.e.s.f.s.i.JpaShiftAdapter - 💾 Сохраняем actual: [0, 0, 0, 0, 121, 0, 0, 0, 0, 0, 0, 0, 0, 0, 0, 0, 0, 0, 0, 0]
2025-10-16 13:09:31 INFO  c.e.s.f.s.a.ShiftPlannerUseCase - 💾 Смена сохранена: 2025-10-16
2025-10-16 13:09:31 INFO  c.e.s.f.s.i.JpaShiftAdapter - 🧪 Читаем shift из БД: 2025-10-16
2025-10-16 13:09:31 INFO  c.e.s.f.s.i.JpaShiftAdapter - ⏱ hourlyLabels = [08:00, 09:00, 10:00, 11:00, 12:30, 13:30, 14:30, 15:30, 16:30, 17:30, 18:30, 19:30, 20:30, 21:30, 22:30, 23:30, 00:30, 01:30, 02:30, 03:30]
2025-10-16 13:09:31 INFO  c.e.s.f.s.i.JpaShiftAdapter - 📊 hourlyActual = [0, 0, 0, 0, 121, 0, 0, 0, 0, 0, 0, 0, 0, 0, 0, 0, 0, 0, 0, 0]
2025-10-16 13:09:31 INFO  c.e.s.f.s.a.e.ShiftUpdatedListener - 📤 Отправлен ShiftView в /topic/shift-updates: ShiftView[date=2025-10-16, actual=[0, 0, 0, 0, 121, 0, 0, 0, 0, 0, 0, 0, 0, 0, 0, 0, 0, 0, 0, 0], plan=[360, 480, 480, 480, 480, 480, 480, 480, 480, 480, 480, 480, 480, 480, 480, 480, 480, 480, 480, 360], hours=[08:00, 09:00, 10:00, 11:00, 12:30, 13:30, 14:30, 15:30, 16:30, 17:30, 18:30, 19:30, 20:30, 21:30, 22:30, 23:30, 00:30, 01:30, 02:30, 03:30]]
2025-10-16 13:09:31 INFO  c.e.s.f.s.i.JpaShiftAdapter - 🧪 Читаем shift из БД: 2025-10-16
2025-10-16 13:09:31 INFO  c.e.s.f.s.i.JpaShiftAdapter - ⏱ hourlyLabels = [08:00, 09:00, 10:00, 11:00, 12:30, 13:30, 14:30, 15:30, 16:30, 17:30, 18:30, 19:30, 20:30, 21:30, 22:30, 23:30, 00:30, 01:30, 02:30, 03:30]
2025-10-16 13:09:31 INFO  c.e.s.f.s.i.JpaShiftAdapter - 📊 hourlyActual = [0, 0, 0, 0, 121, 0, 0, 0, 0, 0, 0, 0, 0, 0, 0, 0, 0, 0, 0, 0]
2025-10-16 13:09:31 DEBUG c.e.s.f.s.i.ShiftSettingsApplier - ✅ Настройки не изменились, смена актуальна: 2025-10-16
2025-10-16 13:09:31 INFO  c.e.s.f.c.a.StoppageReconcilesService - Reconciled date=2025-10-16, hourIndex=4 -> saved 2 auto-stoppage(s)
2025-10-16 13:09:42 INFO  c.e.s.f.s.a.web.SignalController - 📡 Сигнал получен: сенсор = main, дата смены = 2025-10-15
2025-10-16 13:09:42 INFO  c.e.s.f.s.a.e.ProductDetectedListener - [EVENT] Product detected at 2025-10-16T13:09:42.065275100
2025-10-16 13:09:42 INFO  c.e.s.f.s.i.JpaShiftAdapter - 🧪 Читаем shift из БД: 2025-10-16
2025-10-16 13:09:42 INFO  c.e.s.f.s.i.JpaShiftAdapter - ⏱ hourlyLabels = [08:00, 09:00, 10:00, 11:00, 12:30, 13:30, 14:30, 15:30, 16:30, 17:30, 18:30, 19:30, 20:30, 21:30, 22:30, 23:30, 00:30, 01:30, 02:30, 03:30]
2025-10-16 13:09:42 INFO  c.e.s.f.s.i.JpaShiftAdapter - 📊 hourlyActual = [0, 0, 0, 0, 121, 0, 0, 0, 0, 0, 0, 0, 0, 0, 0, 0, 0, 0, 0, 0]
2025-10-16 13:09:42 DEBUG c.e.s.f.s.i.ShiftSettingsApplier - ✅ Настройки не изменились, смена актуальна: 2025-10-16
2025-10-16 13:09:42 INFO  c.e.s.f.s.i.ShiftSettingsApplier - 🔧 Обновлены часы смены: [08:00, 09:00, 10:00, 11:00, 12:30, 13:30, 14:30, 15:30, 16:30, 17:30, 18:30, 19:30, 20:30, 21:30, 22:30, 23:30, 00:30, 01:30, 02:30, 03:30]
2025-10-16 13:09:42 INFO  c.e.s.f.s.i.ShiftSettingsApplier - 📊 Применяем планы: [360, 480, 480, 480, 480, 480, 480, 480, 480, 480, 480, 480, 480, 480, 480, 480, 480, 480, 480, 360]
2025-10-16 13:09:42 INFO  c.e.s.f.s.i.JpaShiftAdapter - 📋 Сохраняем смену: date = 2025-10-16, labels = [08:00, 09:00, 10:00, 11:00, 12:30, 13:30, 14:30, 15:30, 16:30, 17:30, 18:30, 19:30, 20:30, 21:30, 22:30, 23:30, 00:30, 01:30, 02:30, 03:30], plan = [360, 480, 480, 480, 480, 480, 480, 480, 480, 480, 480, 480, 480, 480, 480, 480, 480, 480, 480, 360], actual = [0, 0, 0, 0, 122, 0, 0, 0, 0, 0, 0, 0, 0, 0, 0, 0, 0, 0, 0, 0]
2025-10-16 13:09:42 INFO  c.e.s.f.s.i.JpaShiftAdapter - 💾 Сохраняем actual: [0, 0, 0, 0, 122, 0, 0, 0, 0, 0, 0, 0, 0, 0, 0, 0, 0, 0, 0, 0]
2025-10-16 13:09:42 INFO  c.e.s.f.s.a.ShiftPlannerUseCase - 💾 Смена сохранена: 2025-10-16
2025-10-16 13:09:42 INFO  c.e.s.f.s.i.JpaShiftAdapter - 🧪 Читаем shift из БД: 2025-10-16
2025-10-16 13:09:42 INFO  c.e.s.f.s.i.JpaShiftAdapter - ⏱ hourlyLabels = [08:00, 09:00, 10:00, 11:00, 12:30, 13:30, 14:30, 15:30, 16:30, 17:30, 18:30, 19:30, 20:30, 21:30, 22:30, 23:30, 00:30, 01:30, 02:30, 03:30]
2025-10-16 13:09:42 INFO  c.e.s.f.s.i.JpaShiftAdapter - 📊 hourlyActual = [0, 0, 0, 0, 122, 0, 0, 0, 0, 0, 0, 0, 0, 0, 0, 0, 0, 0, 0, 0]
2025-10-16 13:09:42 INFO  c.e.s.f.s.a.e.ShiftUpdatedListener - 📤 Отправлен ShiftView в /topic/shift-updates: ShiftView[date=2025-10-16, actual=[0, 0, 0, 0, 122, 0, 0, 0, 0, 0, 0, 0, 0, 0, 0, 0, 0, 0, 0, 0], plan=[360, 480, 480, 480, 480, 480, 480, 480, 480, 480, 480, 480, 480, 480, 480, 480, 480, 480, 480, 360], hours=[08:00, 09:00, 10:00, 11:00, 12:30, 13:30, 14:30, 15:30, 16:30, 17:30, 18:30, 19:30, 20:30, 21:30, 22:30, 23:30, 00:30, 01:30, 02:30, 03:30]]
2025-10-16 13:09:42 INFO  c.e.s.f.s.i.JpaShiftAdapter - 🧪 Читаем shift из БД: 2025-10-16
2025-10-16 13:09:42 INFO  c.e.s.f.s.i.JpaShiftAdapter - ⏱ hourlyLabels = [08:00, 09:00, 10:00, 11:00, 12:30, 13:30, 14:30, 15:30, 16:30, 17:30, 18:30, 19:30, 20:30, 21:30, 22:30, 23:30, 00:30, 01:30, 02:30, 03:30]
2025-10-16 13:09:42 INFO  c.e.s.f.s.i.JpaShiftAdapter - 📊 hourlyActual = [0, 0, 0, 0, 122, 0, 0, 0, 0, 0, 0, 0, 0, 0, 0, 0, 0, 0, 0, 0]
2025-10-16 13:09:42 DEBUG c.e.s.f.s.i.ShiftSettingsApplier - ✅ Настройки не изменились, смена актуальна: 2025-10-16
2025-10-16 13:09:42 INFO  c.e.s.f.c.a.StoppageReconcilesService - Reconciled date=2025-10-16, hourIndex=4 -> saved 2 auto-stoppage(s)
2025-10-16 13:09:52 INFO  c.e.s.f.s.a.web.SignalController - 📡 Сигнал получен: сенсор = main, дата смены = 2025-10-15
2025-10-16 13:09:52 INFO  c.e.s.f.s.a.e.ProductDetectedListener - [EVENT] Product detected at 2025-10-16T13:09:52.852841600
2025-10-16 13:09:52 INFO  c.e.s.f.s.i.JpaShiftAdapter - 🧪 Читаем shift из БД: 2025-10-16
2025-10-16 13:09:52 INFO  c.e.s.f.s.i.JpaShiftAdapter - ⏱ hourlyLabels = [08:00, 09:00, 10:00, 11:00, 12:30, 13:30, 14:30, 15:30, 16:30, 17:30, 18:30, 19:30, 20:30, 21:30, 22:30, 23:30, 00:30, 01:30, 02:30, 03:30]
2025-10-16 13:09:52 INFO  c.e.s.f.s.i.JpaShiftAdapter - 📊 hourlyActual = [0, 0, 0, 0, 122, 0, 0, 0, 0, 0, 0, 0, 0, 0, 0, 0, 0, 0, 0, 0]
2025-10-16 13:09:52 DEBUG c.e.s.f.s.i.ShiftSettingsApplier - ✅ Настройки не изменились, смена актуальна: 2025-10-16
2025-10-16 13:09:52 INFO  c.e.s.f.s.i.ShiftSettingsApplier - 🔧 Обновлены часы смены: [08:00, 09:00, 10:00, 11:00, 12:30, 13:30, 14:30, 15:30, 16:30, 17:30, 18:30, 19:30, 20:30, 21:30, 22:30, 23:30, 00:30, 01:30, 02:30, 03:30]
2025-10-16 13:09:52 INFO  c.e.s.f.s.i.ShiftSettingsApplier - 📊 Применяем планы: [360, 480, 480, 480, 480, 480, 480, 480, 480, 480, 480, 480, 480, 480, 480, 480, 480, 480, 480, 360]
2025-10-16 13:09:53 INFO  c.e.s.f.s.i.JpaShiftAdapter - 📋 Сохраняем смену: date = 2025-10-16, labels = [08:00, 09:00, 10:00, 11:00, 12:30, 13:30, 14:30, 15:30, 16:30, 17:30, 18:30, 19:30, 20:30, 21:30, 22:30, 23:30, 00:30, 01:30, 02:30, 03:30], plan = [360, 480, 480, 480, 480, 480, 480, 480, 480, 480, 480, 480, 480, 480, 480, 480, 480, 480, 480, 360], actual = [0, 0, 0, 0, 123, 0, 0, 0, 0, 0, 0, 0, 0, 0, 0, 0, 0, 0, 0, 0]
2025-10-16 13:09:53 INFO  c.e.s.f.s.i.JpaShiftAdapter - 💾 Сохраняем actual: [0, 0, 0, 0, 123, 0, 0, 0, 0, 0, 0, 0, 0, 0, 0, 0, 0, 0, 0, 0]
2025-10-16 13:09:53 INFO  c.e.s.f.s.a.ShiftPlannerUseCase - 💾 Смена сохранена: 2025-10-16
2025-10-16 13:09:53 INFO  c.e.s.f.s.i.JpaShiftAdapter - 🧪 Читаем shift из БД: 2025-10-16
2025-10-16 13:09:53 INFO  c.e.s.f.s.i.JpaShiftAdapter - ⏱ hourlyLabels = [08:00, 09:00, 10:00, 11:00, 12:30, 13:30, 14:30, 15:30, 16:30, 17:30, 18:30, 19:30, 20:30, 21:30, 22:30, 23:30, 00:30, 01:30, 02:30, 03:30]
2025-10-16 13:09:53 INFO  c.e.s.f.s.i.JpaShiftAdapter - 📊 hourlyActual = [0, 0, 0, 0, 123, 0, 0, 0, 0, 0, 0, 0, 0, 0, 0, 0, 0, 0, 0, 0]
2025-10-16 13:09:53 INFO  c.e.s.f.s.a.e.ShiftUpdatedListener - 📤 Отправлен ShiftView в /topic/shift-updates: ShiftView[date=2025-10-16, actual=[0, 0, 0, 0, 123, 0, 0, 0, 0, 0, 0, 0, 0, 0, 0, 0, 0, 0, 0, 0], plan=[360, 480, 480, 480, 480, 480, 480, 480, 480, 480, 480, 480, 480, 480, 480, 480, 480, 480, 480, 360], hours=[08:00, 09:00, 10:00, 11:00, 12:30, 13:30, 14:30, 15:30, 16:30, 17:30, 18:30, 19:30, 20:30, 21:30, 22:30, 23:30, 00:30, 01:30, 02:30, 03:30]]
2025-10-16 13:09:53 INFO  c.e.s.f.s.i.JpaShiftAdapter - 🧪 Читаем shift из БД: 2025-10-16
2025-10-16 13:09:53 INFO  c.e.s.f.s.i.JpaShiftAdapter - ⏱ hourlyLabels = [08:00, 09:00, 10:00, 11:00, 12:30, 13:30, 14:30, 15:30, 16:30, 17:30, 18:30, 19:30, 20:30, 21:30, 22:30, 23:30, 00:30, 01:30, 02:30, 03:30]
2025-10-16 13:09:53 INFO  c.e.s.f.s.i.JpaShiftAdapter - 📊 hourlyActual = [0, 0, 0, 0, 123, 0, 0, 0, 0, 0, 0, 0, 0, 0, 0, 0, 0, 0, 0, 0]
2025-10-16 13:09:53 DEBUG c.e.s.f.s.i.ShiftSettingsApplier - ✅ Настройки не изменились, смена актуальна: 2025-10-16
2025-10-16 13:09:53 INFO  c.e.s.f.c.a.StoppageReconcilesService - Reconciled date=2025-10-16, hourIndex=4 -> saved 2 auto-stoppage(s)
2025-10-16 13:10:03 INFO  c.e.s.f.s.a.web.SignalController - 📡 Сигнал получен: сенсор = main, дата смены = 2025-10-15
2025-10-16 13:10:03 INFO  c.e.s.f.s.a.e.ProductDetectedListener - [EVENT] Product detected at 2025-10-16T13:10:03.523228500
2025-10-16 13:10:03 INFO  c.e.s.f.s.i.JpaShiftAdapter - 🧪 Читаем shift из БД: 2025-10-16
2025-10-16 13:10:03 INFO  c.e.s.f.s.i.JpaShiftAdapter - ⏱ hourlyLabels = [08:00, 09:00, 10:00, 11:00, 12:30, 13:30, 14:30, 15:30, 16:30, 17:30, 18:30, 19:30, 20:30, 21:30, 22:30, 23:30, 00:30, 01:30, 02:30, 03:30]
2025-10-16 13:10:03 INFO  c.e.s.f.s.i.JpaShiftAdapter - 📊 hourlyActual = [0, 0, 0, 0, 123, 0, 0, 0, 0, 0, 0, 0, 0, 0, 0, 0, 0, 0, 0, 0]
2025-10-16 13:10:03 DEBUG c.e.s.f.s.i.ShiftSettingsApplier - ✅ Настройки не изменились, смена актуальна: 2025-10-16
2025-10-16 13:10:03 INFO  c.e.s.f.s.i.ShiftSettingsApplier - 🔧 Обновлены часы смены: [08:00, 09:00, 10:00, 11:00, 12:30, 13:30, 14:30, 15:30, 16:30, 17:30, 18:30, 19:30, 20:30, 21:30, 22:30, 23:30, 00:30, 01:30, 02:30, 03:30]
2025-10-16 13:10:03 INFO  c.e.s.f.s.i.ShiftSettingsApplier - 📊 Применяем планы: [360, 480, 480, 480, 480, 480, 480, 480, 480, 480, 480, 480, 480, 480, 480, 480, 480, 480, 480, 360]
2025-10-16 13:10:03 INFO  c.e.s.f.s.i.JpaShiftAdapter - 📋 Сохраняем смену: date = 2025-10-16, labels = [08:00, 09:00, 10:00, 11:00, 12:30, 13:30, 14:30, 15:30, 16:30, 17:30, 18:30, 19:30, 20:30, 21:30, 22:30, 23:30, 00:30, 01:30, 02:30, 03:30], plan = [360, 480, 480, 480, 480, 480, 480, 480, 480, 480, 480, 480, 480, 480, 480, 480, 480, 480, 480, 360], actual = [0, 0, 0, 0, 124, 0, 0, 0, 0, 0, 0, 0, 0, 0, 0, 0, 0, 0, 0, 0]
2025-10-16 13:10:03 INFO  c.e.s.f.s.i.JpaShiftAdapter - 💾 Сохраняем actual: [0, 0, 0, 0, 124, 0, 0, 0, 0, 0, 0, 0, 0, 0, 0, 0, 0, 0, 0, 0]
2025-10-16 13:10:03 INFO  c.e.s.f.s.a.ShiftPlannerUseCase - 💾 Смена сохранена: 2025-10-16
2025-10-16 13:10:03 INFO  c.e.s.f.s.i.JpaShiftAdapter - 🧪 Читаем shift из БД: 2025-10-16
2025-10-16 13:10:03 INFO  c.e.s.f.s.i.JpaShiftAdapter - ⏱ hourlyLabels = [08:00, 09:00, 10:00, 11:00, 12:30, 13:30, 14:30, 15:30, 16:30, 17:30, 18:30, 19:30, 20:30, 21:30, 22:30, 23:30, 00:30, 01:30, 02:30, 03:30]
2025-10-16 13:10:03 INFO  c.e.s.f.s.i.JpaShiftAdapter - 📊 hourlyActual = [0, 0, 0, 0, 124, 0, 0, 0, 0, 0, 0, 0, 0, 0, 0, 0, 0, 0, 0, 0]
2025-10-16 13:10:03 INFO  c.e.s.f.s.a.e.ShiftUpdatedListener - 📤 Отправлен ShiftView в /topic/shift-updates: ShiftView[date=2025-10-16, actual=[0, 0, 0, 0, 124, 0, 0, 0, 0, 0, 0, 0, 0, 0, 0, 0, 0, 0, 0, 0], plan=[360, 480, 480, 480, 480, 480, 480, 480, 480, 480, 480, 480, 480, 480, 480, 480, 480, 480, 480, 360], hours=[08:00, 09:00, 10:00, 11:00, 12:30, 13:30, 14:30, 15:30, 16:30, 17:30, 18:30, 19:30, 20:30, 21:30, 22:30, 23:30, 00:30, 01:30, 02:30, 03:30]]
2025-10-16 13:10:03 INFO  c.e.s.f.s.i.JpaShiftAdapter - 🧪 Читаем shift из БД: 2025-10-16
2025-10-16 13:10:03 INFO  c.e.s.f.s.i.JpaShiftAdapter - ⏱ hourlyLabels = [08:00, 09:00, 10:00, 11:00, 12:30, 13:30, 14:30, 15:30, 16:30, 17:30, 18:30, 19:30, 20:30, 21:30, 22:30, 23:30, 00:30, 01:30, 02:30, 03:30]
2025-10-16 13:10:03 INFO  c.e.s.f.s.i.JpaShiftAdapter - 📊 hourlyActual = [0, 0, 0, 0, 124, 0, 0, 0, 0, 0, 0, 0, 0, 0, 0, 0, 0, 0, 0, 0]
2025-10-16 13:10:03 DEBUG c.e.s.f.s.i.ShiftSettingsApplier - ✅ Настройки не изменились, смена актуальна: 2025-10-16
2025-10-16 13:10:03 INFO  c.e.s.f.c.a.StoppageReconcilesService - Reconciled date=2025-10-16, hourIndex=4 -> saved 2 auto-stoppage(s)
2025-10-16 13:10:13 INFO  c.e.s.f.s.a.web.SignalController - 📡 Сигнал получен: сенсор = main, дата смены = 2025-10-15
2025-10-16 13:10:13 INFO  c.e.s.f.s.a.e.ProductDetectedListener - [EVENT] Product detected at 2025-10-16T13:10:13.718189400
2025-10-16 13:10:13 INFO  c.e.s.f.s.i.JpaShiftAdapter - 🧪 Читаем shift из БД: 2025-10-16
2025-10-16 13:10:13 INFO  c.e.s.f.s.i.JpaShiftAdapter - ⏱ hourlyLabels = [08:00, 09:00, 10:00, 11:00, 12:30, 13:30, 14:30, 15:30, 16:30, 17:30, 18:30, 19:30, 20:30, 21:30, 22:30, 23:30, 00:30, 01:30, 02:30, 03:30]
2025-10-16 13:10:13 INFO  c.e.s.f.s.i.JpaShiftAdapter - 📊 hourlyActual = [0, 0, 0, 0, 124, 0, 0, 0, 0, 0, 0, 0, 0, 0, 0, 0, 0, 0, 0, 0]
2025-10-16 13:10:13 DEBUG c.e.s.f.s.i.ShiftSettingsApplier - ✅ Настройки не изменились, смена актуальна: 2025-10-16
2025-10-16 13:10:13 INFO  c.e.s.f.s.i.ShiftSettingsApplier - 🔧 Обновлены часы смены: [08:00, 09:00, 10:00, 11:00, 12:30, 13:30, 14:30, 15:30, 16:30, 17:30, 18:30, 19:30, 20:30, 21:30, 22:30, 23:30, 00:30, 01:30, 02:30, 03:30]
2025-10-16 13:10:13 INFO  c.e.s.f.s.i.ShiftSettingsApplier - 📊 Применяем планы: [360, 480, 480, 480, 480, 480, 480, 480, 480, 480, 480, 480, 480, 480, 480, 480, 480, 480, 480, 360]
2025-10-16 13:10:13 INFO  c.e.s.f.s.i.JpaShiftAdapter - 📋 Сохраняем смену: date = 2025-10-16, labels = [08:00, 09:00, 10:00, 11:00, 12:30, 13:30, 14:30, 15:30, 16:30, 17:30, 18:30, 19:30, 20:30, 21:30, 22:30, 23:30, 00:30, 01:30, 02:30, 03:30], plan = [360, 480, 480, 480, 480, 480, 480, 480, 480, 480, 480, 480, 480, 480, 480, 480, 480, 480, 480, 360], actual = [0, 0, 0, 0, 125, 0, 0, 0, 0, 0, 0, 0, 0, 0, 0, 0, 0, 0, 0, 0]
2025-10-16 13:10:13 INFO  c.e.s.f.s.i.JpaShiftAdapter - 💾 Сохраняем actual: [0, 0, 0, 0, 125, 0, 0, 0, 0, 0, 0, 0, 0, 0, 0, 0, 0, 0, 0, 0]
2025-10-16 13:10:13 INFO  c.e.s.f.s.a.ShiftPlannerUseCase - 💾 Смена сохранена: 2025-10-16
2025-10-16 13:10:13 INFO  c.e.s.f.s.i.JpaShiftAdapter - 🧪 Читаем shift из БД: 2025-10-16
2025-10-16 13:10:13 INFO  c.e.s.f.s.i.JpaShiftAdapter - ⏱ hourlyLabels = [08:00, 09:00, 10:00, 11:00, 12:30, 13:30, 14:30, 15:30, 16:30, 17:30, 18:30, 19:30, 20:30, 21:30, 22:30, 23:30, 00:30, 01:30, 02:30, 03:30]
2025-10-16 13:10:13 INFO  c.e.s.f.s.i.JpaShiftAdapter - 📊 hourlyActual = [0, 0, 0, 0, 125, 0, 0, 0, 0, 0, 0, 0, 0, 0, 0, 0, 0, 0, 0, 0]
2025-10-16 13:10:13 INFO  c.e.s.f.s.a.e.ShiftUpdatedListener - 📤 Отправлен ShiftView в /topic/shift-updates: ShiftView[date=2025-10-16, actual=[0, 0, 0, 0, 125, 0, 0, 0, 0, 0, 0, 0, 0, 0, 0, 0, 0, 0, 0, 0], plan=[360, 480, 480, 480, 480, 480, 480, 480, 480, 480, 480, 480, 480, 480, 480, 480, 480, 480, 480, 360], hours=[08:00, 09:00, 10:00, 11:00, 12:30, 13:30, 14:30, 15:30, 16:30, 17:30, 18:30, 19:30, 20:30, 21:30, 22:30, 23:30, 00:30, 01:30, 02:30, 03:30]]
2025-10-16 13:10:13 INFO  c.e.s.f.s.i.JpaShiftAdapter - 🧪 Читаем shift из БД: 2025-10-16
2025-10-16 13:10:13 INFO  c.e.s.f.s.i.JpaShiftAdapter - ⏱ hourlyLabels = [08:00, 09:00, 10:00, 11:00, 12:30, 13:30, 14:30, 15:30, 16:30, 17:30, 18:30, 19:30, 20:30, 21:30, 22:30, 23:30, 00:30, 01:30, 02:30, 03:30]
2025-10-16 13:10:13 INFO  c.e.s.f.s.i.JpaShiftAdapter - 📊 hourlyActual = [0, 0, 0, 0, 125, 0, 0, 0, 0, 0, 0, 0, 0, 0, 0, 0, 0, 0, 0, 0]
2025-10-16 13:10:13 DEBUG c.e.s.f.s.i.ShiftSettingsApplier - ✅ Настройки не изменились, смена актуальна: 2025-10-16
2025-10-16 13:10:13 INFO  c.e.s.f.c.a.StoppageReconcilesService - Reconciled date=2025-10-16, hourIndex=4 -> saved 2 auto-stoppage(s)
2025-10-16 13:10:24 INFO  c.e.s.f.s.a.web.SignalController - 📡 Сигнал получен: сенсор = main, дата смены = 2025-10-15
2025-10-16 13:10:24 INFO  c.e.s.f.s.a.e.ProductDetectedListener - [EVENT] Product detected at 2025-10-16T13:10:24.008789300
2025-10-16 13:10:24 INFO  c.e.s.f.s.i.JpaShiftAdapter - 🧪 Читаем shift из БД: 2025-10-16
2025-10-16 13:10:24 INFO  c.e.s.f.s.i.JpaShiftAdapter - ⏱ hourlyLabels = [08:00, 09:00, 10:00, 11:00, 12:30, 13:30, 14:30, 15:30, 16:30, 17:30, 18:30, 19:30, 20:30, 21:30, 22:30, 23:30, 00:30, 01:30, 02:30, 03:30]
2025-10-16 13:10:24 INFO  c.e.s.f.s.i.JpaShiftAdapter - 📊 hourlyActual = [0, 0, 0, 0, 125, 0, 0, 0, 0, 0, 0, 0, 0, 0, 0, 0, 0, 0, 0, 0]
2025-10-16 13:10:24 DEBUG c.e.s.f.s.i.ShiftSettingsApplier - ✅ Настройки не изменились, смена актуальна: 2025-10-16
2025-10-16 13:10:24 INFO  c.e.s.f.s.i.ShiftSettingsApplier - 🔧 Обновлены часы смены: [08:00, 09:00, 10:00, 11:00, 12:30, 13:30, 14:30, 15:30, 16:30, 17:30, 18:30, 19:30, 20:30, 21:30, 22:30, 23:30, 00:30, 01:30, 02:30, 03:30]
2025-10-16 13:10:24 INFO  c.e.s.f.s.i.ShiftSettingsApplier - 📊 Применяем планы: [360, 480, 480, 480, 480, 480, 480, 480, 480, 480, 480, 480, 480, 480, 480, 480, 480, 480, 480, 360]
2025-10-16 13:10:24 INFO  c.e.s.f.s.i.JpaShiftAdapter - 📋 Сохраняем смену: date = 2025-10-16, labels = [08:00, 09:00, 10:00, 11:00, 12:30, 13:30, 14:30, 15:30, 16:30, 17:30, 18:30, 19:30, 20:30, 21:30, 22:30, 23:30, 00:30, 01:30, 02:30, 03:30], plan = [360, 480, 480, 480, 480, 480, 480, 480, 480, 480, 480, 480, 480, 480, 480, 480, 480, 480, 480, 360], actual = [0, 0, 0, 0, 126, 0, 0, 0, 0, 0, 0, 0, 0, 0, 0, 0, 0, 0, 0, 0]
2025-10-16 13:10:24 INFO  c.e.s.f.s.i.JpaShiftAdapter - 💾 Сохраняем actual: [0, 0, 0, 0, 126, 0, 0, 0, 0, 0, 0, 0, 0, 0, 0, 0, 0, 0, 0, 0]
2025-10-16 13:10:24 INFO  c.e.s.f.s.a.ShiftPlannerUseCase - 💾 Смена сохранена: 2025-10-16
2025-10-16 13:10:24 INFO  c.e.s.f.s.i.JpaShiftAdapter - 🧪 Читаем shift из БД: 2025-10-16
2025-10-16 13:10:24 INFO  c.e.s.f.s.i.JpaShiftAdapter - ⏱ hourlyLabels = [08:00, 09:00, 10:00, 11:00, 12:30, 13:30, 14:30, 15:30, 16:30, 17:30, 18:30, 19:30, 20:30, 21:30, 22:30, 23:30, 00:30, 01:30, 02:30, 03:30]
2025-10-16 13:10:24 INFO  c.e.s.f.s.i.JpaShiftAdapter - 📊 hourlyActual = [0, 0, 0, 0, 126, 0, 0, 0, 0, 0, 0, 0, 0, 0, 0, 0, 0, 0, 0, 0]
2025-10-16 13:10:24 INFO  c.e.s.f.s.a.e.ShiftUpdatedListener - 📤 Отправлен ShiftView в /topic/shift-updates: ShiftView[date=2025-10-16, actual=[0, 0, 0, 0, 126, 0, 0, 0, 0, 0, 0, 0, 0, 0, 0, 0, 0, 0, 0, 0], plan=[360, 480, 480, 480, 480, 480, 480, 480, 480, 480, 480, 480, 480, 480, 480, 480, 480, 480, 480, 360], hours=[08:00, 09:00, 10:00, 11:00, 12:30, 13:30, 14:30, 15:30, 16:30, 17:30, 18:30, 19:30, 20:30, 21:30, 22:30, 23:30, 00:30, 01:30, 02:30, 03:30]]
2025-10-16 13:10:24 INFO  c.e.s.f.s.i.JpaShiftAdapter - 🧪 Читаем shift из БД: 2025-10-16
2025-10-16 13:10:24 INFO  c.e.s.f.s.i.JpaShiftAdapter - ⏱ hourlyLabels = [08:00, 09:00, 10:00, 11:00, 12:30, 13:30, 14:30, 15:30, 16:30, 17:30, 18:30, 19:30, 20:30, 21:30, 22:30, 23:30, 00:30, 01:30, 02:30, 03:30]
2025-10-16 13:10:24 INFO  c.e.s.f.s.i.JpaShiftAdapter - 📊 hourlyActual = [0, 0, 0, 0, 126, 0, 0, 0, 0, 0, 0, 0, 0, 0, 0, 0, 0, 0, 0, 0]
2025-10-16 13:10:24 DEBUG c.e.s.f.s.i.ShiftSettingsApplier - ✅ Настройки не изменились, смена актуальна: 2025-10-16
2025-10-16 13:10:24 INFO  c.e.s.f.c.a.StoppageReconcilesService - Reconciled date=2025-10-16, hourIndex=4 -> saved 2 auto-stoppage(s)
2025-10-16 13:10:34 INFO  c.e.s.f.s.a.web.SignalController - 📡 Сигнал получен: сенсор = main, дата смены = 2025-10-15
2025-10-16 13:10:34 INFO  c.e.s.f.s.a.e.ProductDetectedListener - [EVENT] Product detected at 2025-10-16T13:10:34.227890600
2025-10-16 13:10:34 INFO  c.e.s.f.s.i.JpaShiftAdapter - 🧪 Читаем shift из БД: 2025-10-16
2025-10-16 13:10:34 INFO  c.e.s.f.s.i.JpaShiftAdapter - ⏱ hourlyLabels = [08:00, 09:00, 10:00, 11:00, 12:30, 13:30, 14:30, 15:30, 16:30, 17:30, 18:30, 19:30, 20:30, 21:30, 22:30, 23:30, 00:30, 01:30, 02:30, 03:30]
2025-10-16 13:10:34 INFO  c.e.s.f.s.i.JpaShiftAdapter - 📊 hourlyActual = [0, 0, 0, 0, 126, 0, 0, 0, 0, 0, 0, 0, 0, 0, 0, 0, 0, 0, 0, 0]
2025-10-16 13:10:34 DEBUG c.e.s.f.s.i.ShiftSettingsApplier - ✅ Настройки не изменились, смена актуальна: 2025-10-16
2025-10-16 13:10:34 INFO  c.e.s.f.s.i.ShiftSettingsApplier - 🔧 Обновлены часы смены: [08:00, 09:00, 10:00, 11:00, 12:30, 13:30, 14:30, 15:30, 16:30, 17:30, 18:30, 19:30, 20:30, 21:30, 22:30, 23:30, 00:30, 01:30, 02:30, 03:30]
2025-10-16 13:10:34 INFO  c.e.s.f.s.i.ShiftSettingsApplier - 📊 Применяем планы: [360, 480, 480, 480, 480, 480, 480, 480, 480, 480, 480, 480, 480, 480, 480, 480, 480, 480, 480, 360]
2025-10-16 13:10:34 INFO  c.e.s.f.s.i.JpaShiftAdapter - 📋 Сохраняем смену: date = 2025-10-16, labels = [08:00, 09:00, 10:00, 11:00, 12:30, 13:30, 14:30, 15:30, 16:30, 17:30, 18:30, 19:30, 20:30, 21:30, 22:30, 23:30, 00:30, 01:30, 02:30, 03:30], plan = [360, 480, 480, 480, 480, 480, 480, 480, 480, 480, 480, 480, 480, 480, 480, 480, 480, 480, 480, 360], actual = [0, 0, 0, 0, 127, 0, 0, 0, 0, 0, 0, 0, 0, 0, 0, 0, 0, 0, 0, 0]
2025-10-16 13:10:34 INFO  c.e.s.f.s.i.JpaShiftAdapter - 💾 Сохраняем actual: [0, 0, 0, 0, 127, 0, 0, 0, 0, 0, 0, 0, 0, 0, 0, 0, 0, 0, 0, 0]
2025-10-16 13:10:34 INFO  c.e.s.f.s.a.ShiftPlannerUseCase - 💾 Смена сохранена: 2025-10-16
2025-10-16 13:10:34 INFO  c.e.s.f.s.i.JpaShiftAdapter - 🧪 Читаем shift из БД: 2025-10-16
2025-10-16 13:10:34 INFO  c.e.s.f.s.i.JpaShiftAdapter - ⏱ hourlyLabels = [08:00, 09:00, 10:00, 11:00, 12:30, 13:30, 14:30, 15:30, 16:30, 17:30, 18:30, 19:30, 20:30, 21:30, 22:30, 23:30, 00:30, 01:30, 02:30, 03:30]
2025-10-16 13:10:34 INFO  c.e.s.f.s.i.JpaShiftAdapter - 📊 hourlyActual = [0, 0, 0, 0, 127, 0, 0, 0, 0, 0, 0, 0, 0, 0, 0, 0, 0, 0, 0, 0]
2025-10-16 13:10:34 INFO  c.e.s.f.s.a.e.ShiftUpdatedListener - 📤 Отправлен ShiftView в /topic/shift-updates: ShiftView[date=2025-10-16, actual=[0, 0, 0, 0, 127, 0, 0, 0, 0, 0, 0, 0, 0, 0, 0, 0, 0, 0, 0, 0], plan=[360, 480, 480, 480, 480, 480, 480, 480, 480, 480, 480, 480, 480, 480, 480, 480, 480, 480, 480, 360], hours=[08:00, 09:00, 10:00, 11:00, 12:30, 13:30, 14:30, 15:30, 16:30, 17:30, 18:30, 19:30, 20:30, 21:30, 22:30, 23:30, 00:30, 01:30, 02:30, 03:30]]
2025-10-16 13:10:34 INFO  c.e.s.f.s.i.JpaShiftAdapter - 🧪 Читаем shift из БД: 2025-10-16
2025-10-16 13:10:34 INFO  c.e.s.f.s.i.JpaShiftAdapter - ⏱ hourlyLabels = [08:00, 09:00, 10:00, 11:00, 12:30, 13:30, 14:30, 15:30, 16:30, 17:30, 18:30, 19:30, 20:30, 21:30, 22:30, 23:30, 00:30, 01:30, 02:30, 03:30]
2025-10-16 13:10:34 INFO  c.e.s.f.s.i.JpaShiftAdapter - 📊 hourlyActual = [0, 0, 0, 0, 127, 0, 0, 0, 0, 0, 0, 0, 0, 0, 0, 0, 0, 0, 0, 0]
2025-10-16 13:10:34 DEBUG c.e.s.f.s.i.ShiftSettingsApplier - ✅ Настройки не изменились, смена актуальна: 2025-10-16
2025-10-16 13:10:34 INFO  c.e.s.f.c.a.StoppageReconcilesService - Reconciled date=2025-10-16, hourIndex=4 -> saved 2 auto-stoppage(s)
2025-10-16 13:10:44 INFO  c.e.s.f.s.a.web.SignalController - 📡 Сигнал получен: сенсор = main, дата смены = 2025-10-15
2025-10-16 13:10:44 INFO  c.e.s.f.s.a.e.ProductDetectedListener - [EVENT] Product detected at 2025-10-16T13:10:44.542911600
2025-10-16 13:10:44 INFO  c.e.s.f.s.i.JpaShiftAdapter - 🧪 Читаем shift из БД: 2025-10-16
2025-10-16 13:10:44 INFO  c.e.s.f.s.i.JpaShiftAdapter - ⏱ hourlyLabels = [08:00, 09:00, 10:00, 11:00, 12:30, 13:30, 14:30, 15:30, 16:30, 17:30, 18:30, 19:30, 20:30, 21:30, 22:30, 23:30, 00:30, 01:30, 02:30, 03:30]
2025-10-16 13:10:44 INFO  c.e.s.f.s.i.JpaShiftAdapter - 📊 hourlyActual = [0, 0, 0, 0, 127, 0, 0, 0, 0, 0, 0, 0, 0, 0, 0, 0, 0, 0, 0, 0]
2025-10-16 13:10:44 DEBUG c.e.s.f.s.i.ShiftSettingsApplier - ✅ Настройки не изменились, смена актуальна: 2025-10-16
2025-10-16 13:10:44 INFO  c.e.s.f.s.i.ShiftSettingsApplier - 🔧 Обновлены часы смены: [08:00, 09:00, 10:00, 11:00, 12:30, 13:30, 14:30, 15:30, 16:30, 17:30, 18:30, 19:30, 20:30, 21:30, 22:30, 23:30, 00:30, 01:30, 02:30, 03:30]
2025-10-16 13:10:44 INFO  c.e.s.f.s.i.ShiftSettingsApplier - 📊 Применяем планы: [360, 480, 480, 480, 480, 480, 480, 480, 480, 480, 480, 480, 480, 480, 480, 480, 480, 480, 480, 360]
2025-10-16 13:10:44 INFO  c.e.s.f.s.i.JpaShiftAdapter - 📋 Сохраняем смену: date = 2025-10-16, labels = [08:00, 09:00, 10:00, 11:00, 12:30, 13:30, 14:30, 15:30, 16:30, 17:30, 18:30, 19:30, 20:30, 21:30, 22:30, 23:30, 00:30, 01:30, 02:30, 03:30], plan = [360, 480, 480, 480, 480, 480, 480, 480, 480, 480, 480, 480, 480, 480, 480, 480, 480, 480, 480, 360], actual = [0, 0, 0, 0, 128, 0, 0, 0, 0, 0, 0, 0, 0, 0, 0, 0, 0, 0, 0, 0]
2025-10-16 13:10:44 INFO  c.e.s.f.s.i.JpaShiftAdapter - 💾 Сохраняем actual: [0, 0, 0, 0, 128, 0, 0, 0, 0, 0, 0, 0, 0, 0, 0, 0, 0, 0, 0, 0]
2025-10-16 13:10:44 INFO  c.e.s.f.s.a.ShiftPlannerUseCase - 💾 Смена сохранена: 2025-10-16
2025-10-16 13:10:44 INFO  c.e.s.f.s.i.JpaShiftAdapter - 🧪 Читаем shift из БД: 2025-10-16
2025-10-16 13:10:44 INFO  c.e.s.f.s.i.JpaShiftAdapter - ⏱ hourlyLabels = [08:00, 09:00, 10:00, 11:00, 12:30, 13:30, 14:30, 15:30, 16:30, 17:30, 18:30, 19:30, 20:30, 21:30, 22:30, 23:30, 00:30, 01:30, 02:30, 03:30]
2025-10-16 13:10:44 INFO  c.e.s.f.s.i.JpaShiftAdapter - 📊 hourlyActual = [0, 0, 0, 0, 128, 0, 0, 0, 0, 0, 0, 0, 0, 0, 0, 0, 0, 0, 0, 0]
2025-10-16 13:10:44 INFO  c.e.s.f.s.a.e.ShiftUpdatedListener - 📤 Отправлен ShiftView в /topic/shift-updates: ShiftView[date=2025-10-16, actual=[0, 0, 0, 0, 128, 0, 0, 0, 0, 0, 0, 0, 0, 0, 0, 0, 0, 0, 0, 0], plan=[360, 480, 480, 480, 480, 480, 480, 480, 480, 480, 480, 480, 480, 480, 480, 480, 480, 480, 480, 360], hours=[08:00, 09:00, 10:00, 11:00, 12:30, 13:30, 14:30, 15:30, 16:30, 17:30, 18:30, 19:30, 20:30, 21:30, 22:30, 23:30, 00:30, 01:30, 02:30, 03:30]]
2025-10-16 13:10:44 INFO  c.e.s.f.s.i.JpaShiftAdapter - 🧪 Читаем shift из БД: 2025-10-16
2025-10-16 13:10:44 INFO  c.e.s.f.s.i.JpaShiftAdapter - ⏱ hourlyLabels = [08:00, 09:00, 10:00, 11:00, 12:30, 13:30, 14:30, 15:30, 16:30, 17:30, 18:30, 19:30, 20:30, 21:30, 22:30, 23:30, 00:30, 01:30, 02:30, 03:30]
2025-10-16 13:10:44 INFO  c.e.s.f.s.i.JpaShiftAdapter - 📊 hourlyActual = [0, 0, 0, 0, 128, 0, 0, 0, 0, 0, 0, 0, 0, 0, 0, 0, 0, 0, 0, 0]
2025-10-16 13:10:44 DEBUG c.e.s.f.s.i.ShiftSettingsApplier - ✅ Настройки не изменились, смена актуальна: 2025-10-16
2025-10-16 13:10:44 INFO  c.e.s.f.c.a.StoppageReconcilesService - Reconciled date=2025-10-16, hourIndex=4 -> saved 2 auto-stoppage(s)
2025-10-16 13:10:54 INFO  c.e.s.f.s.a.web.SignalController - 📡 Сигнал получен: сенсор = main, дата смены = 2025-10-15
2025-10-16 13:10:54 INFO  c.e.s.f.s.a.e.ProductDetectedListener - [EVENT] Product detected at 2025-10-16T13:10:54.795118
2025-10-16 13:10:54 INFO  c.e.s.f.s.i.JpaShiftAdapter - 🧪 Читаем shift из БД: 2025-10-16
2025-10-16 13:10:54 INFO  c.e.s.f.s.i.JpaShiftAdapter - ⏱ hourlyLabels = [08:00, 09:00, 10:00, 11:00, 12:30, 13:30, 14:30, 15:30, 16:30, 17:30, 18:30, 19:30, 20:30, 21:30, 22:30, 23:30, 00:30, 01:30, 02:30, 03:30]
2025-10-16 13:10:54 INFO  c.e.s.f.s.i.JpaShiftAdapter - 📊 hourlyActual = [0, 0, 0, 0, 128, 0, 0, 0, 0, 0, 0, 0, 0, 0, 0, 0, 0, 0, 0, 0]
2025-10-16 13:10:54 DEBUG c.e.s.f.s.i.ShiftSettingsApplier - ✅ Настройки не изменились, смена актуальна: 2025-10-16
2025-10-16 13:10:54 INFO  c.e.s.f.s.i.ShiftSettingsApplier - 🔧 Обновлены часы смены: [08:00, 09:00, 10:00, 11:00, 12:30, 13:30, 14:30, 15:30, 16:30, 17:30, 18:30, 19:30, 20:30, 21:30, 22:30, 23:30, 00:30, 01:30, 02:30, 03:30]
2025-10-16 13:10:54 INFO  c.e.s.f.s.i.ShiftSettingsApplier - 📊 Применяем планы: [360, 480, 480, 480, 480, 480, 480, 480, 480, 480, 480, 480, 480, 480, 480, 480, 480, 480, 480, 360]
2025-10-16 13:10:54 INFO  c.e.s.f.s.i.JpaShiftAdapter - 📋 Сохраняем смену: date = 2025-10-16, labels = [08:00, 09:00, 10:00, 11:00, 12:30, 13:30, 14:30, 15:30, 16:30, 17:30, 18:30, 19:30, 20:30, 21:30, 22:30, 23:30, 00:30, 01:30, 02:30, 03:30], plan = [360, 480, 480, 480, 480, 480, 480, 480, 480, 480, 480, 480, 480, 480, 480, 480, 480, 480, 480, 360], actual = [0, 0, 0, 0, 129, 0, 0, 0, 0, 0, 0, 0, 0, 0, 0, 0, 0, 0, 0, 0]
2025-10-16 13:10:54 INFO  c.e.s.f.s.i.JpaShiftAdapter - 💾 Сохраняем actual: [0, 0, 0, 0, 129, 0, 0, 0, 0, 0, 0, 0, 0, 0, 0, 0, 0, 0, 0, 0]
2025-10-16 13:10:54 INFO  c.e.s.f.s.a.ShiftPlannerUseCase - 💾 Смена сохранена: 2025-10-16
2025-10-16 13:10:54 INFO  c.e.s.f.s.i.JpaShiftAdapter - 🧪 Читаем shift из БД: 2025-10-16
2025-10-16 13:10:54 INFO  c.e.s.f.s.i.JpaShiftAdapter - ⏱ hourlyLabels = [08:00, 09:00, 10:00, 11:00, 12:30, 13:30, 14:30, 15:30, 16:30, 17:30, 18:30, 19:30, 20:30, 21:30, 22:30, 23:30, 00:30, 01:30, 02:30, 03:30]
2025-10-16 13:10:54 INFO  c.e.s.f.s.i.JpaShiftAdapter - 📊 hourlyActual = [0, 0, 0, 0, 129, 0, 0, 0, 0, 0, 0, 0, 0, 0, 0, 0, 0, 0, 0, 0]
2025-10-16 13:10:54 INFO  c.e.s.f.s.a.e.ShiftUpdatedListener - 📤 Отправлен ShiftView в /topic/shift-updates: ShiftView[date=2025-10-16, actual=[0, 0, 0, 0, 129, 0, 0, 0, 0, 0, 0, 0, 0, 0, 0, 0, 0, 0, 0, 0], plan=[360, 480, 480, 480, 480, 480, 480, 480, 480, 480, 480, 480, 480, 480, 480, 480, 480, 480, 480, 360], hours=[08:00, 09:00, 10:00, 11:00, 12:30, 13:30, 14:30, 15:30, 16:30, 17:30, 18:30, 19:30, 20:30, 21:30, 22:30, 23:30, 00:30, 01:30, 02:30, 03:30]]
2025-10-16 13:10:54 INFO  c.e.s.f.s.i.JpaShiftAdapter - 🧪 Читаем shift из БД: 2025-10-16
2025-10-16 13:10:54 INFO  c.e.s.f.s.i.JpaShiftAdapter - ⏱ hourlyLabels = [08:00, 09:00, 10:00, 11:00, 12:30, 13:30, 14:30, 15:30, 16:30, 17:30, 18:30, 19:30, 20:30, 21:30, 22:30, 23:30, 00:30, 01:30, 02:30, 03:30]
2025-10-16 13:10:54 INFO  c.e.s.f.s.i.JpaShiftAdapter - 📊 hourlyActual = [0, 0, 0, 0, 129, 0, 0, 0, 0, 0, 0, 0, 0, 0, 0, 0, 0, 0, 0, 0]
2025-10-16 13:10:54 DEBUG c.e.s.f.s.i.ShiftSettingsApplier - ✅ Настройки не изменились, смена актуальна: 2025-10-16
2025-10-16 13:10:54 INFO  c.e.s.f.c.a.StoppageReconcilesService - Reconciled date=2025-10-16, hourIndex=4 -> saved 2 auto-stoppage(s)
2025-10-16 13:11:05 INFO  c.e.s.f.s.a.web.SignalController - 📡 Сигнал получен: сенсор = main, дата смены = 2025-10-15
2025-10-16 13:11:05 INFO  c.e.s.f.s.a.e.ProductDetectedListener - [EVENT] Product detected at 2025-10-16T13:11:05.023665900
2025-10-16 13:11:05 INFO  c.e.s.f.s.i.JpaShiftAdapter - 🧪 Читаем shift из БД: 2025-10-16
2025-10-16 13:11:05 INFO  c.e.s.f.s.i.JpaShiftAdapter - ⏱ hourlyLabels = [08:00, 09:00, 10:00, 11:00, 12:30, 13:30, 14:30, 15:30, 16:30, 17:30, 18:30, 19:30, 20:30, 21:30, 22:30, 23:30, 00:30, 01:30, 02:30, 03:30]
2025-10-16 13:11:05 INFO  c.e.s.f.s.i.JpaShiftAdapter - 📊 hourlyActual = [0, 0, 0, 0, 129, 0, 0, 0, 0, 0, 0, 0, 0, 0, 0, 0, 0, 0, 0, 0]
2025-10-16 13:11:05 DEBUG c.e.s.f.s.i.ShiftSettingsApplier - ✅ Настройки не изменились, смена актуальна: 2025-10-16
2025-10-16 13:11:05 INFO  c.e.s.f.s.i.ShiftSettingsApplier - 🔧 Обновлены часы смены: [08:00, 09:00, 10:00, 11:00, 12:30, 13:30, 14:30, 15:30, 16:30, 17:30, 18:30, 19:30, 20:30, 21:30, 22:30, 23:30, 00:30, 01:30, 02:30, 03:30]
2025-10-16 13:11:05 INFO  c.e.s.f.s.i.ShiftSettingsApplier - 📊 Применяем планы: [360, 480, 480, 480, 480, 480, 480, 480, 480, 480, 480, 480, 480, 480, 480, 480, 480, 480, 480, 360]
2025-10-16 13:11:05 INFO  c.e.s.f.s.i.JpaShiftAdapter - 📋 Сохраняем смену: date = 2025-10-16, labels = [08:00, 09:00, 10:00, 11:00, 12:30, 13:30, 14:30, 15:30, 16:30, 17:30, 18:30, 19:30, 20:30, 21:30, 22:30, 23:30, 00:30, 01:30, 02:30, 03:30], plan = [360, 480, 480, 480, 480, 480, 480, 480, 480, 480, 480, 480, 480, 480, 480, 480, 480, 480, 480, 360], actual = [0, 0, 0, 0, 130, 0, 0, 0, 0, 0, 0, 0, 0, 0, 0, 0, 0, 0, 0, 0]
2025-10-16 13:11:05 INFO  c.e.s.f.s.i.JpaShiftAdapter - 💾 Сохраняем actual: [0, 0, 0, 0, 130, 0, 0, 0, 0, 0, 0, 0, 0, 0, 0, 0, 0, 0, 0, 0]
2025-10-16 13:11:05 INFO  c.e.s.f.s.a.ShiftPlannerUseCase - 💾 Смена сохранена: 2025-10-16
2025-10-16 13:11:05 INFO  c.e.s.f.s.i.JpaShiftAdapter - 🧪 Читаем shift из БД: 2025-10-16
2025-10-16 13:11:05 INFO  c.e.s.f.s.i.JpaShiftAdapter - ⏱ hourlyLabels = [08:00, 09:00, 10:00, 11:00, 12:30, 13:30, 14:30, 15:30, 16:30, 17:30, 18:30, 19:30, 20:30, 21:30, 22:30, 23:30, 00:30, 01:30, 02:30, 03:30]
2025-10-16 13:11:05 INFO  c.e.s.f.s.i.JpaShiftAdapter - 📊 hourlyActual = [0, 0, 0, 0, 130, 0, 0, 0, 0, 0, 0, 0, 0, 0, 0, 0, 0, 0, 0, 0]
2025-10-16 13:11:05 INFO  c.e.s.f.s.a.e.ShiftUpdatedListener - 📤 Отправлен ShiftView в /topic/shift-updates: ShiftView[date=2025-10-16, actual=[0, 0, 0, 0, 130, 0, 0, 0, 0, 0, 0, 0, 0, 0, 0, 0, 0, 0, 0, 0], plan=[360, 480, 480, 480, 480, 480, 480, 480, 480, 480, 480, 480, 480, 480, 480, 480, 480, 480, 480, 360], hours=[08:00, 09:00, 10:00, 11:00, 12:30, 13:30, 14:30, 15:30, 16:30, 17:30, 18:30, 19:30, 20:30, 21:30, 22:30, 23:30, 00:30, 01:30, 02:30, 03:30]]
2025-10-16 13:11:05 INFO  c.e.s.f.s.i.JpaShiftAdapter - 🧪 Читаем shift из БД: 2025-10-16
2025-10-16 13:11:05 INFO  c.e.s.f.s.i.JpaShiftAdapter - ⏱ hourlyLabels = [08:00, 09:00, 10:00, 11:00, 12:30, 13:30, 14:30, 15:30, 16:30, 17:30, 18:30, 19:30, 20:30, 21:30, 22:30, 23:30, 00:30, 01:30, 02:30, 03:30]
2025-10-16 13:11:05 INFO  c.e.s.f.s.i.JpaShiftAdapter - 📊 hourlyActual = [0, 0, 0, 0, 130, 0, 0, 0, 0, 0, 0, 0, 0, 0, 0, 0, 0, 0, 0, 0]
2025-10-16 13:11:05 DEBUG c.e.s.f.s.i.ShiftSettingsApplier - ✅ Настройки не изменились, смена актуальна: 2025-10-16
2025-10-16 13:11:05 INFO  c.e.s.f.c.a.StoppageReconcilesService - Reconciled date=2025-10-16, hourIndex=4 -> saved 2 auto-stoppage(s)
2025-10-16 13:11:15 INFO  c.e.s.f.s.a.web.SignalController - 📡 Сигнал получен: сенсор = main, дата смены = 2025-10-15
2025-10-16 13:11:15 INFO  c.e.s.f.s.a.e.ProductDetectedListener - [EVENT] Product detected at 2025-10-16T13:11:15.226990500
2025-10-16 13:11:15 INFO  c.e.s.f.s.i.JpaShiftAdapter - 🧪 Читаем shift из БД: 2025-10-16
2025-10-16 13:11:15 INFO  c.e.s.f.s.i.JpaShiftAdapter - ⏱ hourlyLabels = [08:00, 09:00, 10:00, 11:00, 12:30, 13:30, 14:30, 15:30, 16:30, 17:30, 18:30, 19:30, 20:30, 21:30, 22:30, 23:30, 00:30, 01:30, 02:30, 03:30]
2025-10-16 13:11:15 INFO  c.e.s.f.s.i.JpaShiftAdapter - 📊 hourlyActual = [0, 0, 0, 0, 130, 0, 0, 0, 0, 0, 0, 0, 0, 0, 0, 0, 0, 0, 0, 0]
2025-10-16 13:11:15 DEBUG c.e.s.f.s.i.ShiftSettingsApplier - ✅ Настройки не изменились, смена актуальна: 2025-10-16
2025-10-16 13:11:15 INFO  c.e.s.f.s.i.ShiftSettingsApplier - 🔧 Обновлены часы смены: [08:00, 09:00, 10:00, 11:00, 12:30, 13:30, 14:30, 15:30, 16:30, 17:30, 18:30, 19:30, 20:30, 21:30, 22:30, 23:30, 00:30, 01:30, 02:30, 03:30]
2025-10-16 13:11:15 INFO  c.e.s.f.s.i.ShiftSettingsApplier - 📊 Применяем планы: [360, 480, 480, 480, 480, 480, 480, 480, 480, 480, 480, 480, 480, 480, 480, 480, 480, 480, 480, 360]
2025-10-16 13:11:15 INFO  c.e.s.f.s.i.JpaShiftAdapter - 📋 Сохраняем смену: date = 2025-10-16, labels = [08:00, 09:00, 10:00, 11:00, 12:30, 13:30, 14:30, 15:30, 16:30, 17:30, 18:30, 19:30, 20:30, 21:30, 22:30, 23:30, 00:30, 01:30, 02:30, 03:30], plan = [360, 480, 480, 480, 480, 480, 480, 480, 480, 480, 480, 480, 480, 480, 480, 480, 480, 480, 480, 360], actual = [0, 0, 0, 0, 131, 0, 0, 0, 0, 0, 0, 0, 0, 0, 0, 0, 0, 0, 0, 0]
2025-10-16 13:11:15 INFO  c.e.s.f.s.i.JpaShiftAdapter - 💾 Сохраняем actual: [0, 0, 0, 0, 131, 0, 0, 0, 0, 0, 0, 0, 0, 0, 0, 0, 0, 0, 0, 0]
2025-10-16 13:11:15 INFO  c.e.s.f.s.a.ShiftPlannerUseCase - 💾 Смена сохранена: 2025-10-16
2025-10-16 13:11:15 INFO  c.e.s.f.s.i.JpaShiftAdapter - 🧪 Читаем shift из БД: 2025-10-16
2025-10-16 13:11:15 INFO  c.e.s.f.s.i.JpaShiftAdapter - ⏱ hourlyLabels = [08:00, 09:00, 10:00, 11:00, 12:30, 13:30, 14:30, 15:30, 16:30, 17:30, 18:30, 19:30, 20:30, 21:30, 22:30, 23:30, 00:30, 01:30, 02:30, 03:30]
2025-10-16 13:11:15 INFO  c.e.s.f.s.i.JpaShiftAdapter - 📊 hourlyActual = [0, 0, 0, 0, 131, 0, 0, 0, 0, 0, 0, 0, 0, 0, 0, 0, 0, 0, 0, 0]
2025-10-16 13:11:15 INFO  c.e.s.f.s.a.e.ShiftUpdatedListener - 📤 Отправлен ShiftView в /topic/shift-updates: ShiftView[date=2025-10-16, actual=[0, 0, 0, 0, 131, 0, 0, 0, 0, 0, 0, 0, 0, 0, 0, 0, 0, 0, 0, 0], plan=[360, 480, 480, 480, 480, 480, 480, 480, 480, 480, 480, 480, 480, 480, 480, 480, 480, 480, 480, 360], hours=[08:00, 09:00, 10:00, 11:00, 12:30, 13:30, 14:30, 15:30, 16:30, 17:30, 18:30, 19:30, 20:30, 21:30, 22:30, 23:30, 00:30, 01:30, 02:30, 03:30]]
2025-10-16 13:11:15 INFO  c.e.s.f.s.i.JpaShiftAdapter - 🧪 Читаем shift из БД: 2025-10-16
2025-10-16 13:11:15 INFO  c.e.s.f.s.i.JpaShiftAdapter - ⏱ hourlyLabels = [08:00, 09:00, 10:00, 11:00, 12:30, 13:30, 14:30, 15:30, 16:30, 17:30, 18:30, 19:30, 20:30, 21:30, 22:30, 23:30, 00:30, 01:30, 02:30, 03:30]
2025-10-16 13:11:15 INFO  c.e.s.f.s.i.JpaShiftAdapter - 📊 hourlyActual = [0, 0, 0, 0, 131, 0, 0, 0, 0, 0, 0, 0, 0, 0, 0, 0, 0, 0, 0, 0]
2025-10-16 13:11:15 DEBUG c.e.s.f.s.i.ShiftSettingsApplier - ✅ Настройки не изменились, смена актуальна: 2025-10-16
2025-10-16 13:11:15 INFO  c.e.s.f.c.a.StoppageReconcilesService - Reconciled date=2025-10-16, hourIndex=4 -> saved 2 auto-stoppage(s)
2025-10-16 13:11:25 INFO  c.e.s.f.s.a.web.SignalController - 📡 Сигнал получен: сенсор = main, дата смены = 2025-10-15
2025-10-16 13:11:25 INFO  c.e.s.f.s.a.e.ProductDetectedListener - [EVENT] Product detected at 2025-10-16T13:11:25.672295
2025-10-16 13:11:25 INFO  c.e.s.f.s.i.JpaShiftAdapter - 🧪 Читаем shift из БД: 2025-10-16
2025-10-16 13:11:25 INFO  c.e.s.f.s.i.JpaShiftAdapter - ⏱ hourlyLabels = [08:00, 09:00, 10:00, 11:00, 12:30, 13:30, 14:30, 15:30, 16:30, 17:30, 18:30, 19:30, 20:30, 21:30, 22:30, 23:30, 00:30, 01:30, 02:30, 03:30]
2025-10-16 13:11:25 INFO  c.e.s.f.s.i.JpaShiftAdapter - 📊 hourlyActual = [0, 0, 0, 0, 131, 0, 0, 0, 0, 0, 0, 0, 0, 0, 0, 0, 0, 0, 0, 0]
2025-10-16 13:11:25 DEBUG c.e.s.f.s.i.ShiftSettingsApplier - ✅ Настройки не изменились, смена актуальна: 2025-10-16
2025-10-16 13:11:25 INFO  c.e.s.f.s.i.ShiftSettingsApplier - 🔧 Обновлены часы смены: [08:00, 09:00, 10:00, 11:00, 12:30, 13:30, 14:30, 15:30, 16:30, 17:30, 18:30, 19:30, 20:30, 21:30, 22:30, 23:30, 00:30, 01:30, 02:30, 03:30]
2025-10-16 13:11:25 INFO  c.e.s.f.s.i.ShiftSettingsApplier - 📊 Применяем планы: [360, 480, 480, 480, 480, 480, 480, 480, 480, 480, 480, 480, 480, 480, 480, 480, 480, 480, 480, 360]
2025-10-16 13:11:25 INFO  c.e.s.f.s.i.JpaShiftAdapter - 📋 Сохраняем смену: date = 2025-10-16, labels = [08:00, 09:00, 10:00, 11:00, 12:30, 13:30, 14:30, 15:30, 16:30, 17:30, 18:30, 19:30, 20:30, 21:30, 22:30, 23:30, 00:30, 01:30, 02:30, 03:30], plan = [360, 480, 480, 480, 480, 480, 480, 480, 480, 480, 480, 480, 480, 480, 480, 480, 480, 480, 480, 360], actual = [0, 0, 0, 0, 132, 0, 0, 0, 0, 0, 0, 0, 0, 0, 0, 0, 0, 0, 0, 0]
2025-10-16 13:11:25 INFO  c.e.s.f.s.i.JpaShiftAdapter - 💾 Сохраняем actual: [0, 0, 0, 0, 132, 0, 0, 0, 0, 0, 0, 0, 0, 0, 0, 0, 0, 0, 0, 0]
2025-10-16 13:11:25 INFO  c.e.s.f.s.a.ShiftPlannerUseCase - 💾 Смена сохранена: 2025-10-16
2025-10-16 13:11:25 INFO  c.e.s.f.s.i.JpaShiftAdapter - 🧪 Читаем shift из БД: 2025-10-16
2025-10-16 13:11:25 INFO  c.e.s.f.s.i.JpaShiftAdapter - ⏱ hourlyLabels = [08:00, 09:00, 10:00, 11:00, 12:30, 13:30, 14:30, 15:30, 16:30, 17:30, 18:30, 19:30, 20:30, 21:30, 22:30, 23:30, 00:30, 01:30, 02:30, 03:30]
2025-10-16 13:11:25 INFO  c.e.s.f.s.i.JpaShiftAdapter - 📊 hourlyActual = [0, 0, 0, 0, 132, 0, 0, 0, 0, 0, 0, 0, 0, 0, 0, 0, 0, 0, 0, 0]
2025-10-16 13:11:25 INFO  c.e.s.f.s.a.e.ShiftUpdatedListener - 📤 Отправлен ShiftView в /topic/shift-updates: ShiftView[date=2025-10-16, actual=[0, 0, 0, 0, 132, 0, 0, 0, 0, 0, 0, 0, 0, 0, 0, 0, 0, 0, 0, 0], plan=[360, 480, 480, 480, 480, 480, 480, 480, 480, 480, 480, 480, 480, 480, 480, 480, 480, 480, 480, 360], hours=[08:00, 09:00, 10:00, 11:00, 12:30, 13:30, 14:30, 15:30, 16:30, 17:30, 18:30, 19:30, 20:30, 21:30, 22:30, 23:30, 00:30, 01:30, 02:30, 03:30]]
2025-10-16 13:11:25 INFO  c.e.s.f.s.i.JpaShiftAdapter - 🧪 Читаем shift из БД: 2025-10-16
2025-10-16 13:11:25 INFO  c.e.s.f.s.i.JpaShiftAdapter - ⏱ hourlyLabels = [08:00, 09:00, 10:00, 11:00, 12:30, 13:30, 14:30, 15:30, 16:30, 17:30, 18:30, 19:30, 20:30, 21:30, 22:30, 23:30, 00:30, 01:30, 02:30, 03:30]
2025-10-16 13:11:25 INFO  c.e.s.f.s.i.JpaShiftAdapter - 📊 hourlyActual = [0, 0, 0, 0, 132, 0, 0, 0, 0, 0, 0, 0, 0, 0, 0, 0, 0, 0, 0, 0]
2025-10-16 13:11:25 DEBUG c.e.s.f.s.i.ShiftSettingsApplier - ✅ Настройки не изменились, смена актуальна: 2025-10-16
2025-10-16 13:11:26 INFO  c.e.s.f.c.a.StoppageReconcilesService - Reconciled date=2025-10-16, hourIndex=4 -> saved 2 auto-stoppage(s)
2025-10-16 13:11:36 INFO  c.e.s.f.s.a.web.SignalController - 📡 Сигнал получен: сенсор = main, дата смены = 2025-10-15
2025-10-16 13:11:36 INFO  c.e.s.f.s.a.e.ProductDetectedListener - [EVENT] Product detected at 2025-10-16T13:11:36.060223100
2025-10-16 13:11:36 INFO  c.e.s.f.s.i.JpaShiftAdapter - 🧪 Читаем shift из БД: 2025-10-16
2025-10-16 13:11:36 INFO  c.e.s.f.s.i.JpaShiftAdapter - ⏱ hourlyLabels = [08:00, 09:00, 10:00, 11:00, 12:30, 13:30, 14:30, 15:30, 16:30, 17:30, 18:30, 19:30, 20:30, 21:30, 22:30, 23:30, 00:30, 01:30, 02:30, 03:30]
2025-10-16 13:11:36 INFO  c.e.s.f.s.i.JpaShiftAdapter - 📊 hourlyActual = [0, 0, 0, 0, 132, 0, 0, 0, 0, 0, 0, 0, 0, 0, 0, 0, 0, 0, 0, 0]
2025-10-16 13:11:36 DEBUG c.e.s.f.s.i.ShiftSettingsApplier - ✅ Настройки не изменились, смена актуальна: 2025-10-16
2025-10-16 13:11:36 INFO  c.e.s.f.s.i.ShiftSettingsApplier - 🔧 Обновлены часы смены: [08:00, 09:00, 10:00, 11:00, 12:30, 13:30, 14:30, 15:30, 16:30, 17:30, 18:30, 19:30, 20:30, 21:30, 22:30, 23:30, 00:30, 01:30, 02:30, 03:30]
2025-10-16 13:11:36 INFO  c.e.s.f.s.i.ShiftSettingsApplier - 📊 Применяем планы: [360, 480, 480, 480, 480, 480, 480, 480, 480, 480, 480, 480, 480, 480, 480, 480, 480, 480, 480, 360]
2025-10-16 13:11:36 INFO  c.e.s.f.s.i.JpaShiftAdapter - 📋 Сохраняем смену: date = 2025-10-16, labels = [08:00, 09:00, 10:00, 11:00, 12:30, 13:30, 14:30, 15:30, 16:30, 17:30, 18:30, 19:30, 20:30, 21:30, 22:30, 23:30, 00:30, 01:30, 02:30, 03:30], plan = [360, 480, 480, 480, 480, 480, 480, 480, 480, 480, 480, 480, 480, 480, 480, 480, 480, 480, 480, 360], actual = [0, 0, 0, 0, 133, 0, 0, 0, 0, 0, 0, 0, 0, 0, 0, 0, 0, 0, 0, 0]
2025-10-16 13:11:36 INFO  c.e.s.f.s.i.JpaShiftAdapter - 💾 Сохраняем actual: [0, 0, 0, 0, 133, 0, 0, 0, 0, 0, 0, 0, 0, 0, 0, 0, 0, 0, 0, 0]
2025-10-16 13:11:36 INFO  c.e.s.f.s.a.ShiftPlannerUseCase - 💾 Смена сохранена: 2025-10-16
2025-10-16 13:11:36 INFO  c.e.s.f.s.i.JpaShiftAdapter - 🧪 Читаем shift из БД: 2025-10-16
2025-10-16 13:11:36 INFO  c.e.s.f.s.i.JpaShiftAdapter - ⏱ hourlyLabels = [08:00, 09:00, 10:00, 11:00, 12:30, 13:30, 14:30, 15:30, 16:30, 17:30, 18:30, 19:30, 20:30, 21:30, 22:30, 23:30, 00:30, 01:30, 02:30, 03:30]
2025-10-16 13:11:36 INFO  c.e.s.f.s.i.JpaShiftAdapter - 📊 hourlyActual = [0, 0, 0, 0, 133, 0, 0, 0, 0, 0, 0, 0, 0, 0, 0, 0, 0, 0, 0, 0]
2025-10-16 13:11:36 INFO  c.e.s.f.s.a.e.ShiftUpdatedListener - 📤 Отправлен ShiftView в /topic/shift-updates: ShiftView[date=2025-10-16, actual=[0, 0, 0, 0, 133, 0, 0, 0, 0, 0, 0, 0, 0, 0, 0, 0, 0, 0, 0, 0], plan=[360, 480, 480, 480, 480, 480, 480, 480, 480, 480, 480, 480, 480, 480, 480, 480, 480, 480, 480, 360], hours=[08:00, 09:00, 10:00, 11:00, 12:30, 13:30, 14:30, 15:30, 16:30, 17:30, 18:30, 19:30, 20:30, 21:30, 22:30, 23:30, 00:30, 01:30, 02:30, 03:30]]
2025-10-16 13:11:36 INFO  c.e.s.f.s.i.JpaShiftAdapter - 🧪 Читаем shift из БД: 2025-10-16
2025-10-16 13:11:36 INFO  c.e.s.f.s.i.JpaShiftAdapter - ⏱ hourlyLabels = [08:00, 09:00, 10:00, 11:00, 12:30, 13:30, 14:30, 15:30, 16:30, 17:30, 18:30, 19:30, 20:30, 21:30, 22:30, 23:30, 00:30, 01:30, 02:30, 03:30]
2025-10-16 13:11:36 INFO  c.e.s.f.s.i.JpaShiftAdapter - 📊 hourlyActual = [0, 0, 0, 0, 133, 0, 0, 0, 0, 0, 0, 0, 0, 0, 0, 0, 0, 0, 0, 0]
2025-10-16 13:11:36 DEBUG c.e.s.f.s.i.ShiftSettingsApplier - ✅ Настройки не изменились, смена актуальна: 2025-10-16
2025-10-16 13:11:36 INFO  c.e.s.f.c.a.StoppageReconcilesService - Reconciled date=2025-10-16, hourIndex=4 -> saved 2 auto-stoppage(s)
2025-10-16 13:11:46 INFO  c.e.s.f.s.a.web.SignalController - 📡 Сигнал получен: сенсор = main, дата смены = 2025-10-15
2025-10-16 13:11:46 INFO  c.e.s.f.s.a.e.ProductDetectedListener - [EVENT] Product detected at 2025-10-16T13:11:46.254611200
2025-10-16 13:11:46 INFO  c.e.s.f.s.i.JpaShiftAdapter - 🧪 Читаем shift из БД: 2025-10-16
2025-10-16 13:11:46 INFO  c.e.s.f.s.i.JpaShiftAdapter - ⏱ hourlyLabels = [08:00, 09:00, 10:00, 11:00, 12:30, 13:30, 14:30, 15:30, 16:30, 17:30, 18:30, 19:30, 20:30, 21:30, 22:30, 23:30, 00:30, 01:30, 02:30, 03:30]
2025-10-16 13:11:46 INFO  c.e.s.f.s.i.JpaShiftAdapter - 📊 hourlyActual = [0, 0, 0, 0, 133, 0, 0, 0, 0, 0, 0, 0, 0, 0, 0, 0, 0, 0, 0, 0]
2025-10-16 13:11:46 DEBUG c.e.s.f.s.i.ShiftSettingsApplier - ✅ Настройки не изменились, смена актуальна: 2025-10-16
2025-10-16 13:11:46 INFO  c.e.s.f.s.i.ShiftSettingsApplier - 🔧 Обновлены часы смены: [08:00, 09:00, 10:00, 11:00, 12:30, 13:30, 14:30, 15:30, 16:30, 17:30, 18:30, 19:30, 20:30, 21:30, 22:30, 23:30, 00:30, 01:30, 02:30, 03:30]
2025-10-16 13:11:46 INFO  c.e.s.f.s.i.ShiftSettingsApplier - 📊 Применяем планы: [360, 480, 480, 480, 480, 480, 480, 480, 480, 480, 480, 480, 480, 480, 480, 480, 480, 480, 480, 360]
2025-10-16 13:11:46 INFO  c.e.s.f.s.i.JpaShiftAdapter - 📋 Сохраняем смену: date = 2025-10-16, labels = [08:00, 09:00, 10:00, 11:00, 12:30, 13:30, 14:30, 15:30, 16:30, 17:30, 18:30, 19:30, 20:30, 21:30, 22:30, 23:30, 00:30, 01:30, 02:30, 03:30], plan = [360, 480, 480, 480, 480, 480, 480, 480, 480, 480, 480, 480, 480, 480, 480, 480, 480, 480, 480, 360], actual = [0, 0, 0, 0, 134, 0, 0, 0, 0, 0, 0, 0, 0, 0, 0, 0, 0, 0, 0, 0]
2025-10-16 13:11:46 INFO  c.e.s.f.s.i.JpaShiftAdapter - 💾 Сохраняем actual: [0, 0, 0, 0, 134, 0, 0, 0, 0, 0, 0, 0, 0, 0, 0, 0, 0, 0, 0, 0]
2025-10-16 13:11:46 INFO  c.e.s.f.s.a.ShiftPlannerUseCase - 💾 Смена сохранена: 2025-10-16
2025-10-16 13:11:46 INFO  c.e.s.f.s.i.JpaShiftAdapter - 🧪 Читаем shift из БД: 2025-10-16
2025-10-16 13:11:46 INFO  c.e.s.f.s.i.JpaShiftAdapter - ⏱ hourlyLabels = [08:00, 09:00, 10:00, 11:00, 12:30, 13:30, 14:30, 15:30, 16:30, 17:30, 18:30, 19:30, 20:30, 21:30, 22:30, 23:30, 00:30, 01:30, 02:30, 03:30]
2025-10-16 13:11:46 INFO  c.e.s.f.s.i.JpaShiftAdapter - 📊 hourlyActual = [0, 0, 0, 0, 134, 0, 0, 0, 0, 0, 0, 0, 0, 0, 0, 0, 0, 0, 0, 0]
2025-10-16 13:11:46 INFO  c.e.s.f.s.a.e.ShiftUpdatedListener - 📤 Отправлен ShiftView в /topic/shift-updates: ShiftView[date=2025-10-16, actual=[0, 0, 0, 0, 134, 0, 0, 0, 0, 0, 0, 0, 0, 0, 0, 0, 0, 0, 0, 0], plan=[360, 480, 480, 480, 480, 480, 480, 480, 480, 480, 480, 480, 480, 480, 480, 480, 480, 480, 480, 360], hours=[08:00, 09:00, 10:00, 11:00, 12:30, 13:30, 14:30, 15:30, 16:30, 17:30, 18:30, 19:30, 20:30, 21:30, 22:30, 23:30, 00:30, 01:30, 02:30, 03:30]]
2025-10-16 13:11:46 INFO  c.e.s.f.s.i.JpaShiftAdapter - 🧪 Читаем shift из БД: 2025-10-16
2025-10-16 13:11:46 INFO  c.e.s.f.s.i.JpaShiftAdapter - ⏱ hourlyLabels = [08:00, 09:00, 10:00, 11:00, 12:30, 13:30, 14:30, 15:30, 16:30, 17:30, 18:30, 19:30, 20:30, 21:30, 22:30, 23:30, 00:30, 01:30, 02:30, 03:30]
2025-10-16 13:11:46 INFO  c.e.s.f.s.i.JpaShiftAdapter - 📊 hourlyActual = [0, 0, 0, 0, 134, 0, 0, 0, 0, 0, 0, 0, 0, 0, 0, 0, 0, 0, 0, 0]
2025-10-16 13:11:46 DEBUG c.e.s.f.s.i.ShiftSettingsApplier - ✅ Настройки не изменились, смена актуальна: 2025-10-16
2025-10-16 13:11:46 INFO  c.e.s.f.c.a.StoppageReconcilesService - Reconciled date=2025-10-16, hourIndex=4 -> saved 2 auto-stoppage(s)
2025-10-16 13:11:56 INFO  c.e.s.f.s.a.web.SignalController - 📡 Сигнал получен: сенсор = main, дата смены = 2025-10-15
2025-10-16 13:11:56 INFO  c.e.s.f.s.a.e.ProductDetectedListener - [EVENT] Product detected at 2025-10-16T13:11:56.490277300
2025-10-16 13:11:56 INFO  c.e.s.f.s.i.JpaShiftAdapter - 🧪 Читаем shift из БД: 2025-10-16
2025-10-16 13:11:56 INFO  c.e.s.f.s.i.JpaShiftAdapter - ⏱ hourlyLabels = [08:00, 09:00, 10:00, 11:00, 12:30, 13:30, 14:30, 15:30, 16:30, 17:30, 18:30, 19:30, 20:30, 21:30, 22:30, 23:30, 00:30, 01:30, 02:30, 03:30]
2025-10-16 13:11:56 INFO  c.e.s.f.s.i.JpaShiftAdapter - 📊 hourlyActual = [0, 0, 0, 0, 134, 0, 0, 0, 0, 0, 0, 0, 0, 0, 0, 0, 0, 0, 0, 0]
2025-10-16 13:11:56 DEBUG c.e.s.f.s.i.ShiftSettingsApplier - ✅ Настройки не изменились, смена актуальна: 2025-10-16
2025-10-16 13:11:56 INFO  c.e.s.f.s.i.ShiftSettingsApplier - 🔧 Обновлены часы смены: [08:00, 09:00, 10:00, 11:00, 12:30, 13:30, 14:30, 15:30, 16:30, 17:30, 18:30, 19:30, 20:30, 21:30, 22:30, 23:30, 00:30, 01:30, 02:30, 03:30]
2025-10-16 13:11:56 INFO  c.e.s.f.s.i.ShiftSettingsApplier - 📊 Применяем планы: [360, 480, 480, 480, 480, 480, 480, 480, 480, 480, 480, 480, 480, 480, 480, 480, 480, 480, 480, 360]
2025-10-16 13:11:56 INFO  c.e.s.f.s.i.JpaShiftAdapter - 📋 Сохраняем смену: date = 2025-10-16, labels = [08:00, 09:00, 10:00, 11:00, 12:30, 13:30, 14:30, 15:30, 16:30, 17:30, 18:30, 19:30, 20:30, 21:30, 22:30, 23:30, 00:30, 01:30, 02:30, 03:30], plan = [360, 480, 480, 480, 480, 480, 480, 480, 480, 480, 480, 480, 480, 480, 480, 480, 480, 480, 480, 360], actual = [0, 0, 0, 0, 135, 0, 0, 0, 0, 0, 0, 0, 0, 0, 0, 0, 0, 0, 0, 0]
2025-10-16 13:11:56 INFO  c.e.s.f.s.i.JpaShiftAdapter - 💾 Сохраняем actual: [0, 0, 0, 0, 135, 0, 0, 0, 0, 0, 0, 0, 0, 0, 0, 0, 0, 0, 0, 0]
2025-10-16 13:11:56 INFO  c.e.s.f.s.a.ShiftPlannerUseCase - 💾 Смена сохранена: 2025-10-16
2025-10-16 13:11:56 INFO  c.e.s.f.s.i.JpaShiftAdapter - 🧪 Читаем shift из БД: 2025-10-16
2025-10-16 13:11:56 INFO  c.e.s.f.s.i.JpaShiftAdapter - ⏱ hourlyLabels = [08:00, 09:00, 10:00, 11:00, 12:30, 13:30, 14:30, 15:30, 16:30, 17:30, 18:30, 19:30, 20:30, 21:30, 22:30, 23:30, 00:30, 01:30, 02:30, 03:30]
2025-10-16 13:11:56 INFO  c.e.s.f.s.i.JpaShiftAdapter - 📊 hourlyActual = [0, 0, 0, 0, 135, 0, 0, 0, 0, 0, 0, 0, 0, 0, 0, 0, 0, 0, 0, 0]
2025-10-16 13:11:56 INFO  c.e.s.f.s.a.e.ShiftUpdatedListener - 📤 Отправлен ShiftView в /topic/shift-updates: ShiftView[date=2025-10-16, actual=[0, 0, 0, 0, 135, 0, 0, 0, 0, 0, 0, 0, 0, 0, 0, 0, 0, 0, 0, 0], plan=[360, 480, 480, 480, 480, 480, 480, 480, 480, 480, 480, 480, 480, 480, 480, 480, 480, 480, 480, 360], hours=[08:00, 09:00, 10:00, 11:00, 12:30, 13:30, 14:30, 15:30, 16:30, 17:30, 18:30, 19:30, 20:30, 21:30, 22:30, 23:30, 00:30, 01:30, 02:30, 03:30]]
2025-10-16 13:11:56 INFO  c.e.s.f.s.i.JpaShiftAdapter - 🧪 Читаем shift из БД: 2025-10-16
2025-10-16 13:11:56 INFO  c.e.s.f.s.i.JpaShiftAdapter - ⏱ hourlyLabels = [08:00, 09:00, 10:00, 11:00, 12:30, 13:30, 14:30, 15:30, 16:30, 17:30, 18:30, 19:30, 20:30, 21:30, 22:30, 23:30, 00:30, 01:30, 02:30, 03:30]
2025-10-16 13:11:56 INFO  c.e.s.f.s.i.JpaShiftAdapter - 📊 hourlyActual = [0, 0, 0, 0, 135, 0, 0, 0, 0, 0, 0, 0, 0, 0, 0, 0, 0, 0, 0, 0]
2025-10-16 13:11:56 DEBUG c.e.s.f.s.i.ShiftSettingsApplier - ✅ Настройки не изменились, смена актуальна: 2025-10-16
2025-10-16 13:11:57 INFO  c.e.s.f.c.a.StoppageReconcilesService - Reconciled date=2025-10-16, hourIndex=4 -> saved 2 auto-stoppage(s)
2025-10-16 13:12:07 INFO  c.e.s.f.s.a.web.SignalController - 📡 Сигнал получен: сенсор = main, дата смены = 2025-10-15
2025-10-16 13:12:07 INFO  c.e.s.f.s.a.e.ProductDetectedListener - [EVENT] Product detected at 2025-10-16T13:12:07.224826
2025-10-16 13:12:07 INFO  c.e.s.f.s.i.JpaShiftAdapter - 🧪 Читаем shift из БД: 2025-10-16
2025-10-16 13:12:07 INFO  c.e.s.f.s.i.JpaShiftAdapter - ⏱ hourlyLabels = [08:00, 09:00, 10:00, 11:00, 12:30, 13:30, 14:30, 15:30, 16:30, 17:30, 18:30, 19:30, 20:30, 21:30, 22:30, 23:30, 00:30, 01:30, 02:30, 03:30]
2025-10-16 13:12:07 INFO  c.e.s.f.s.i.JpaShiftAdapter - 📊 hourlyActual = [0, 0, 0, 0, 135, 0, 0, 0, 0, 0, 0, 0, 0, 0, 0, 0, 0, 0, 0, 0]
2025-10-16 13:12:07 DEBUG c.e.s.f.s.i.ShiftSettingsApplier - ✅ Настройки не изменились, смена актуальна: 2025-10-16
2025-10-16 13:12:07 INFO  c.e.s.f.s.i.ShiftSettingsApplier - 🔧 Обновлены часы смены: [08:00, 09:00, 10:00, 11:00, 12:30, 13:30, 14:30, 15:30, 16:30, 17:30, 18:30, 19:30, 20:30, 21:30, 22:30, 23:30, 00:30, 01:30, 02:30, 03:30]
2025-10-16 13:12:07 INFO  c.e.s.f.s.i.ShiftSettingsApplier - 📊 Применяем планы: [360, 480, 480, 480, 480, 480, 480, 480, 480, 480, 480, 480, 480, 480, 480, 480, 480, 480, 480, 360]
2025-10-16 13:12:07 INFO  c.e.s.f.s.i.JpaShiftAdapter - 📋 Сохраняем смену: date = 2025-10-16, labels = [08:00, 09:00, 10:00, 11:00, 12:30, 13:30, 14:30, 15:30, 16:30, 17:30, 18:30, 19:30, 20:30, 21:30, 22:30, 23:30, 00:30, 01:30, 02:30, 03:30], plan = [360, 480, 480, 480, 480, 480, 480, 480, 480, 480, 480, 480, 480, 480, 480, 480, 480, 480, 480, 360], actual = [0, 0, 0, 0, 136, 0, 0, 0, 0, 0, 0, 0, 0, 0, 0, 0, 0, 0, 0, 0]
2025-10-16 13:12:07 INFO  c.e.s.f.s.i.JpaShiftAdapter - 💾 Сохраняем actual: [0, 0, 0, 0, 136, 0, 0, 0, 0, 0, 0, 0, 0, 0, 0, 0, 0, 0, 0, 0]
2025-10-16 13:12:07 INFO  c.e.s.f.s.a.ShiftPlannerUseCase - 💾 Смена сохранена: 2025-10-16
2025-10-16 13:12:07 INFO  c.e.s.f.s.i.JpaShiftAdapter - 🧪 Читаем shift из БД: 2025-10-16
2025-10-16 13:12:07 INFO  c.e.s.f.s.i.JpaShiftAdapter - ⏱ hourlyLabels = [08:00, 09:00, 10:00, 11:00, 12:30, 13:30, 14:30, 15:30, 16:30, 17:30, 18:30, 19:30, 20:30, 21:30, 22:30, 23:30, 00:30, 01:30, 02:30, 03:30]
2025-10-16 13:12:07 INFO  c.e.s.f.s.i.JpaShiftAdapter - 📊 hourlyActual = [0, 0, 0, 0, 136, 0, 0, 0, 0, 0, 0, 0, 0, 0, 0, 0, 0, 0, 0, 0]
2025-10-16 13:12:07 INFO  c.e.s.f.s.a.e.ShiftUpdatedListener - 📤 Отправлен ShiftView в /topic/shift-updates: ShiftView[date=2025-10-16, actual=[0, 0, 0, 0, 136, 0, 0, 0, 0, 0, 0, 0, 0, 0, 0, 0, 0, 0, 0, 0], plan=[360, 480, 480, 480, 480, 480, 480, 480, 480, 480, 480, 480, 480, 480, 480, 480, 480, 480, 480, 360], hours=[08:00, 09:00, 10:00, 11:00, 12:30, 13:30, 14:30, 15:30, 16:30, 17:30, 18:30, 19:30, 20:30, 21:30, 22:30, 23:30, 00:30, 01:30, 02:30, 03:30]]
2025-10-16 13:12:07 INFO  c.e.s.f.s.i.JpaShiftAdapter - 🧪 Читаем shift из БД: 2025-10-16
2025-10-16 13:12:07 INFO  c.e.s.f.s.i.JpaShiftAdapter - ⏱ hourlyLabels = [08:00, 09:00, 10:00, 11:00, 12:30, 13:30, 14:30, 15:30, 16:30, 17:30, 18:30, 19:30, 20:30, 21:30, 22:30, 23:30, 00:30, 01:30, 02:30, 03:30]
2025-10-16 13:12:07 INFO  c.e.s.f.s.i.JpaShiftAdapter - 📊 hourlyActual = [0, 0, 0, 0, 136, 0, 0, 0, 0, 0, 0, 0, 0, 0, 0, 0, 0, 0, 0, 0]
2025-10-16 13:12:07 DEBUG c.e.s.f.s.i.ShiftSettingsApplier - ✅ Настройки не изменились, смена актуальна: 2025-10-16
2025-10-16 13:12:07 INFO  c.e.s.f.c.a.StoppageReconcilesService - Reconciled date=2025-10-16, hourIndex=4 -> saved 2 auto-stoppage(s)
2025-10-16 13:12:17 INFO  c.e.s.f.s.a.web.SignalController - 📡 Сигнал получен: сенсор = main, дата смены = 2025-10-15
2025-10-16 13:12:17 INFO  c.e.s.f.s.a.e.ProductDetectedListener - [EVENT] Product detected at 2025-10-16T13:12:17.593077800
2025-10-16 13:12:17 INFO  c.e.s.f.s.i.JpaShiftAdapter - 🧪 Читаем shift из БД: 2025-10-16
2025-10-16 13:12:17 INFO  c.e.s.f.s.i.JpaShiftAdapter - ⏱ hourlyLabels = [08:00, 09:00, 10:00, 11:00, 12:30, 13:30, 14:30, 15:30, 16:30, 17:30, 18:30, 19:30, 20:30, 21:30, 22:30, 23:30, 00:30, 01:30, 02:30, 03:30]
2025-10-16 13:12:17 INFO  c.e.s.f.s.i.JpaShiftAdapter - 📊 hourlyActual = [0, 0, 0, 0, 136, 0, 0, 0, 0, 0, 0, 0, 0, 0, 0, 0, 0, 0, 0, 0]
2025-10-16 13:12:17 DEBUG c.e.s.f.s.i.ShiftSettingsApplier - ✅ Настройки не изменились, смена актуальна: 2025-10-16
2025-10-16 13:12:17 INFO  c.e.s.f.s.i.ShiftSettingsApplier - 🔧 Обновлены часы смены: [08:00, 09:00, 10:00, 11:00, 12:30, 13:30, 14:30, 15:30, 16:30, 17:30, 18:30, 19:30, 20:30, 21:30, 22:30, 23:30, 00:30, 01:30, 02:30, 03:30]
2025-10-16 13:12:17 INFO  c.e.s.f.s.i.ShiftSettingsApplier - 📊 Применяем планы: [360, 480, 480, 480, 480, 480, 480, 480, 480, 480, 480, 480, 480, 480, 480, 480, 480, 480, 480, 360]
2025-10-16 13:12:17 INFO  c.e.s.f.s.i.JpaShiftAdapter - 📋 Сохраняем смену: date = 2025-10-16, labels = [08:00, 09:00, 10:00, 11:00, 12:30, 13:30, 14:30, 15:30, 16:30, 17:30, 18:30, 19:30, 20:30, 21:30, 22:30, 23:30, 00:30, 01:30, 02:30, 03:30], plan = [360, 480, 480, 480, 480, 480, 480, 480, 480, 480, 480, 480, 480, 480, 480, 480, 480, 480, 480, 360], actual = [0, 0, 0, 0, 137, 0, 0, 0, 0, 0, 0, 0, 0, 0, 0, 0, 0, 0, 0, 0]
2025-10-16 13:12:17 INFO  c.e.s.f.s.i.JpaShiftAdapter - 💾 Сохраняем actual: [0, 0, 0, 0, 137, 0, 0, 0, 0, 0, 0, 0, 0, 0, 0, 0, 0, 0, 0, 0]
2025-10-16 13:12:17 INFO  c.e.s.f.s.a.ShiftPlannerUseCase - 💾 Смена сохранена: 2025-10-16
2025-10-16 13:12:17 INFO  c.e.s.f.s.i.JpaShiftAdapter - 🧪 Читаем shift из БД: 2025-10-16
2025-10-16 13:12:17 INFO  c.e.s.f.s.i.JpaShiftAdapter - ⏱ hourlyLabels = [08:00, 09:00, 10:00, 11:00, 12:30, 13:30, 14:30, 15:30, 16:30, 17:30, 18:30, 19:30, 20:30, 21:30, 22:30, 23:30, 00:30, 01:30, 02:30, 03:30]
2025-10-16 13:12:17 INFO  c.e.s.f.s.i.JpaShiftAdapter - 📊 hourlyActual = [0, 0, 0, 0, 137, 0, 0, 0, 0, 0, 0, 0, 0, 0, 0, 0, 0, 0, 0, 0]
2025-10-16 13:12:17 INFO  c.e.s.f.s.a.e.ShiftUpdatedListener - 📤 Отправлен ShiftView в /topic/shift-updates: ShiftView[date=2025-10-16, actual=[0, 0, 0, 0, 137, 0, 0, 0, 0, 0, 0, 0, 0, 0, 0, 0, 0, 0, 0, 0], plan=[360, 480, 480, 480, 480, 480, 480, 480, 480, 480, 480, 480, 480, 480, 480, 480, 480, 480, 480, 360], hours=[08:00, 09:00, 10:00, 11:00, 12:30, 13:30, 14:30, 15:30, 16:30, 17:30, 18:30, 19:30, 20:30, 21:30, 22:30, 23:30, 00:30, 01:30, 02:30, 03:30]]
2025-10-16 13:12:17 INFO  c.e.s.f.s.i.JpaShiftAdapter - 🧪 Читаем shift из БД: 2025-10-16
2025-10-16 13:12:17 INFO  c.e.s.f.s.i.JpaShiftAdapter - ⏱ hourlyLabels = [08:00, 09:00, 10:00, 11:00, 12:30, 13:30, 14:30, 15:30, 16:30, 17:30, 18:30, 19:30, 20:30, 21:30, 22:30, 23:30, 00:30, 01:30, 02:30, 03:30]
2025-10-16 13:12:17 INFO  c.e.s.f.s.i.JpaShiftAdapter - 📊 hourlyActual = [0, 0, 0, 0, 137, 0, 0, 0, 0, 0, 0, 0, 0, 0, 0, 0, 0, 0, 0, 0]
2025-10-16 13:12:17 DEBUG c.e.s.f.s.i.ShiftSettingsApplier - ✅ Настройки не изменились, смена актуальна: 2025-10-16
2025-10-16 13:12:17 INFO  c.e.s.f.c.a.StoppageReconcilesService - Reconciled date=2025-10-16, hourIndex=4 -> saved 2 auto-stoppage(s)
2025-10-16 13:12:28 INFO  c.e.s.f.s.a.web.SignalController - 📡 Сигнал получен: сенсор = main, дата смены = 2025-10-15
2025-10-16 13:12:28 INFO  c.e.s.f.s.a.e.ProductDetectedListener - [EVENT] Product detected at 2025-10-16T13:12:28.044702
2025-10-16 13:12:28 INFO  c.e.s.f.s.i.JpaShiftAdapter - 🧪 Читаем shift из БД: 2025-10-16
2025-10-16 13:12:28 INFO  c.e.s.f.s.i.JpaShiftAdapter - ⏱ hourlyLabels = [08:00, 09:00, 10:00, 11:00, 12:30, 13:30, 14:30, 15:30, 16:30, 17:30, 18:30, 19:30, 20:30, 21:30, 22:30, 23:30, 00:30, 01:30, 02:30, 03:30]
2025-10-16 13:12:28 INFO  c.e.s.f.s.i.JpaShiftAdapter - 📊 hourlyActual = [0, 0, 0, 0, 137, 0, 0, 0, 0, 0, 0, 0, 0, 0, 0, 0, 0, 0, 0, 0]
2025-10-16 13:12:28 DEBUG c.e.s.f.s.i.ShiftSettingsApplier - ✅ Настройки не изменились, смена актуальна: 2025-10-16
2025-10-16 13:12:28 INFO  c.e.s.f.s.i.ShiftSettingsApplier - 🔧 Обновлены часы смены: [08:00, 09:00, 10:00, 11:00, 12:30, 13:30, 14:30, 15:30, 16:30, 17:30, 18:30, 19:30, 20:30, 21:30, 22:30, 23:30, 00:30, 01:30, 02:30, 03:30]
2025-10-16 13:12:28 INFO  c.e.s.f.s.i.ShiftSettingsApplier - 📊 Применяем планы: [360, 480, 480, 480, 480, 480, 480, 480, 480, 480, 480, 480, 480, 480, 480, 480, 480, 480, 480, 360]
2025-10-16 13:12:28 INFO  c.e.s.f.s.i.JpaShiftAdapter - 📋 Сохраняем смену: date = 2025-10-16, labels = [08:00, 09:00, 10:00, 11:00, 12:30, 13:30, 14:30, 15:30, 16:30, 17:30, 18:30, 19:30, 20:30, 21:30, 22:30, 23:30, 00:30, 01:30, 02:30, 03:30], plan = [360, 480, 480, 480, 480, 480, 480, 480, 480, 480, 480, 480, 480, 480, 480, 480, 480, 480, 480, 360], actual = [0, 0, 0, 0, 138, 0, 0, 0, 0, 0, 0, 0, 0, 0, 0, 0, 0, 0, 0, 0]
2025-10-16 13:12:28 INFO  c.e.s.f.s.i.JpaShiftAdapter - 💾 Сохраняем actual: [0, 0, 0, 0, 138, 0, 0, 0, 0, 0, 0, 0, 0, 0, 0, 0, 0, 0, 0, 0]
2025-10-16 13:12:28 INFO  c.e.s.f.s.a.ShiftPlannerUseCase - 💾 Смена сохранена: 2025-10-16
2025-10-16 13:12:28 INFO  c.e.s.f.s.i.JpaShiftAdapter - 🧪 Читаем shift из БД: 2025-10-16
2025-10-16 13:12:28 INFO  c.e.s.f.s.i.JpaShiftAdapter - ⏱ hourlyLabels = [08:00, 09:00, 10:00, 11:00, 12:30, 13:30, 14:30, 15:30, 16:30, 17:30, 18:30, 19:30, 20:30, 21:30, 22:30, 23:30, 00:30, 01:30, 02:30, 03:30]
2025-10-16 13:12:28 INFO  c.e.s.f.s.i.JpaShiftAdapter - 📊 hourlyActual = [0, 0, 0, 0, 138, 0, 0, 0, 0, 0, 0, 0, 0, 0, 0, 0, 0, 0, 0, 0]
2025-10-16 13:12:28 INFO  c.e.s.f.s.a.e.ShiftUpdatedListener - 📤 Отправлен ShiftView в /topic/shift-updates: ShiftView[date=2025-10-16, actual=[0, 0, 0, 0, 138, 0, 0, 0, 0, 0, 0, 0, 0, 0, 0, 0, 0, 0, 0, 0], plan=[360, 480, 480, 480, 480, 480, 480, 480, 480, 480, 480, 480, 480, 480, 480, 480, 480, 480, 480, 360], hours=[08:00, 09:00, 10:00, 11:00, 12:30, 13:30, 14:30, 15:30, 16:30, 17:30, 18:30, 19:30, 20:30, 21:30, 22:30, 23:30, 00:30, 01:30, 02:30, 03:30]]
2025-10-16 13:12:28 INFO  c.e.s.f.s.i.JpaShiftAdapter - 🧪 Читаем shift из БД: 2025-10-16
2025-10-16 13:12:28 INFO  c.e.s.f.s.i.JpaShiftAdapter - ⏱ hourlyLabels = [08:00, 09:00, 10:00, 11:00, 12:30, 13:30, 14:30, 15:30, 16:30, 17:30, 18:30, 19:30, 20:30, 21:30, 22:30, 23:30, 00:30, 01:30, 02:30, 03:30]
2025-10-16 13:12:28 INFO  c.e.s.f.s.i.JpaShiftAdapter - 📊 hourlyActual = [0, 0, 0, 0, 138, 0, 0, 0, 0, 0, 0, 0, 0, 0, 0, 0, 0, 0, 0, 0]
2025-10-16 13:12:28 DEBUG c.e.s.f.s.i.ShiftSettingsApplier - ✅ Настройки не изменились, смена актуальна: 2025-10-16
2025-10-16 13:12:28 INFO  c.e.s.f.c.a.StoppageReconcilesService - Reconciled date=2025-10-16, hourIndex=4 -> saved 2 auto-stoppage(s)
2025-10-16 13:12:38 INFO  c.e.s.f.s.a.web.SignalController - 📡 Сигнал получен: сенсор = main, дата смены = 2025-10-15
2025-10-16 13:12:38 INFO  c.e.s.f.s.a.e.ProductDetectedListener - [EVENT] Product detected at 2025-10-16T13:12:38.875054500
2025-10-16 13:12:38 INFO  c.e.s.f.s.i.JpaShiftAdapter - 🧪 Читаем shift из БД: 2025-10-16
2025-10-16 13:12:38 INFO  c.e.s.f.s.i.JpaShiftAdapter - ⏱ hourlyLabels = [08:00, 09:00, 10:00, 11:00, 12:30, 13:30, 14:30, 15:30, 16:30, 17:30, 18:30, 19:30, 20:30, 21:30, 22:30, 23:30, 00:30, 01:30, 02:30, 03:30]
2025-10-16 13:12:38 INFO  c.e.s.f.s.i.JpaShiftAdapter - 📊 hourlyActual = [0, 0, 0, 0, 138, 0, 0, 0, 0, 0, 0, 0, 0, 0, 0, 0, 0, 0, 0, 0]
2025-10-16 13:12:38 DEBUG c.e.s.f.s.i.ShiftSettingsApplier - ✅ Настройки не изменились, смена актуальна: 2025-10-16
2025-10-16 13:12:38 INFO  c.e.s.f.s.i.ShiftSettingsApplier - 🔧 Обновлены часы смены: [08:00, 09:00, 10:00, 11:00, 12:30, 13:30, 14:30, 15:30, 16:30, 17:30, 18:30, 19:30, 20:30, 21:30, 22:30, 23:30, 00:30, 01:30, 02:30, 03:30]
2025-10-16 13:12:38 INFO  c.e.s.f.s.i.ShiftSettingsApplier - 📊 Применяем планы: [360, 480, 480, 480, 480, 480, 480, 480, 480, 480, 480, 480, 480, 480, 480, 480, 480, 480, 480, 360]
2025-10-16 13:12:38 INFO  c.e.s.f.s.i.JpaShiftAdapter - 📋 Сохраняем смену: date = 2025-10-16, labels = [08:00, 09:00, 10:00, 11:00, 12:30, 13:30, 14:30, 15:30, 16:30, 17:30, 18:30, 19:30, 20:30, 21:30, 22:30, 23:30, 00:30, 01:30, 02:30, 03:30], plan = [360, 480, 480, 480, 480, 480, 480, 480, 480, 480, 480, 480, 480, 480, 480, 480, 480, 480, 480, 360], actual = [0, 0, 0, 0, 139, 0, 0, 0, 0, 0, 0, 0, 0, 0, 0, 0, 0, 0, 0, 0]
2025-10-16 13:12:38 INFO  c.e.s.f.s.i.JpaShiftAdapter - 💾 Сохраняем actual: [0, 0, 0, 0, 139, 0, 0, 0, 0, 0, 0, 0, 0, 0, 0, 0, 0, 0, 0, 0]
2025-10-16 13:12:38 INFO  c.e.s.f.s.a.ShiftPlannerUseCase - 💾 Смена сохранена: 2025-10-16
2025-10-16 13:12:39 INFO  c.e.s.f.s.i.JpaShiftAdapter - 🧪 Читаем shift из БД: 2025-10-16
2025-10-16 13:12:39 INFO  c.e.s.f.s.i.JpaShiftAdapter - ⏱ hourlyLabels = [08:00, 09:00, 10:00, 11:00, 12:30, 13:30, 14:30, 15:30, 16:30, 17:30, 18:30, 19:30, 20:30, 21:30, 22:30, 23:30, 00:30, 01:30, 02:30, 03:30]
2025-10-16 13:12:39 INFO  c.e.s.f.s.i.JpaShiftAdapter - 📊 hourlyActual = [0, 0, 0, 0, 139, 0, 0, 0, 0, 0, 0, 0, 0, 0, 0, 0, 0, 0, 0, 0]
2025-10-16 13:12:39 INFO  c.e.s.f.s.a.e.ShiftUpdatedListener - 📤 Отправлен ShiftView в /topic/shift-updates: ShiftView[date=2025-10-16, actual=[0, 0, 0, 0, 139, 0, 0, 0, 0, 0, 0, 0, 0, 0, 0, 0, 0, 0, 0, 0], plan=[360, 480, 480, 480, 480, 480, 480, 480, 480, 480, 480, 480, 480, 480, 480, 480, 480, 480, 480, 360], hours=[08:00, 09:00, 10:00, 11:00, 12:30, 13:30, 14:30, 15:30, 16:30, 17:30, 18:30, 19:30, 20:30, 21:30, 22:30, 23:30, 00:30, 01:30, 02:30, 03:30]]
2025-10-16 13:12:39 INFO  c.e.s.f.s.i.JpaShiftAdapter - 🧪 Читаем shift из БД: 2025-10-16
2025-10-16 13:12:39 INFO  c.e.s.f.s.i.JpaShiftAdapter - ⏱ hourlyLabels = [08:00, 09:00, 10:00, 11:00, 12:30, 13:30, 14:30, 15:30, 16:30, 17:30, 18:30, 19:30, 20:30, 21:30, 22:30, 23:30, 00:30, 01:30, 02:30, 03:30]
2025-10-16 13:12:39 INFO  c.e.s.f.s.i.JpaShiftAdapter - 📊 hourlyActual = [0, 0, 0, 0, 139, 0, 0, 0, 0, 0, 0, 0, 0, 0, 0, 0, 0, 0, 0, 0]
2025-10-16 13:12:39 DEBUG c.e.s.f.s.i.ShiftSettingsApplier - ✅ Настройки не изменились, смена актуальна: 2025-10-16
2025-10-16 13:12:39 INFO  c.e.s.f.c.a.StoppageReconcilesService - Reconciled date=2025-10-16, hourIndex=4 -> saved 2 auto-stoppage(s)
2025-10-16 13:12:49 INFO  c.e.s.f.s.a.web.SignalController - 📡 Сигнал получен: сенсор = main, дата смены = 2025-10-15
2025-10-16 13:12:49 INFO  c.e.s.f.s.a.e.ProductDetectedListener - [EVENT] Product detected at 2025-10-16T13:12:49.131121500
2025-10-16 13:12:49 INFO  c.e.s.f.s.i.JpaShiftAdapter - 🧪 Читаем shift из БД: 2025-10-16
2025-10-16 13:12:49 INFO  c.e.s.f.s.i.JpaShiftAdapter - ⏱ hourlyLabels = [08:00, 09:00, 10:00, 11:00, 12:30, 13:30, 14:30, 15:30, 16:30, 17:30, 18:30, 19:30, 20:30, 21:30, 22:30, 23:30, 00:30, 01:30, 02:30, 03:30]
2025-10-16 13:12:49 INFO  c.e.s.f.s.i.JpaShiftAdapter - 📊 hourlyActual = [0, 0, 0, 0, 139, 0, 0, 0, 0, 0, 0, 0, 0, 0, 0, 0, 0, 0, 0, 0]
2025-10-16 13:12:49 DEBUG c.e.s.f.s.i.ShiftSettingsApplier - ✅ Настройки не изменились, смена актуальна: 2025-10-16
2025-10-16 13:12:49 INFO  c.e.s.f.s.i.ShiftSettingsApplier - 🔧 Обновлены часы смены: [08:00, 09:00, 10:00, 11:00, 12:30, 13:30, 14:30, 15:30, 16:30, 17:30, 18:30, 19:30, 20:30, 21:30, 22:30, 23:30, 00:30, 01:30, 02:30, 03:30]
2025-10-16 13:12:49 INFO  c.e.s.f.s.i.ShiftSettingsApplier - 📊 Применяем планы: [360, 480, 480, 480, 480, 480, 480, 480, 480, 480, 480, 480, 480, 480, 480, 480, 480, 480, 480, 360]
2025-10-16 13:12:49 INFO  c.e.s.f.s.i.JpaShiftAdapter - 📋 Сохраняем смену: date = 2025-10-16, labels = [08:00, 09:00, 10:00, 11:00, 12:30, 13:30, 14:30, 15:30, 16:30, 17:30, 18:30, 19:30, 20:30, 21:30, 22:30, 23:30, 00:30, 01:30, 02:30, 03:30], plan = [360, 480, 480, 480, 480, 480, 480, 480, 480, 480, 480, 480, 480, 480, 480, 480, 480, 480, 480, 360], actual = [0, 0, 0, 0, 140, 0, 0, 0, 0, 0, 0, 0, 0, 0, 0, 0, 0, 0, 0, 0]
2025-10-16 13:12:49 INFO  c.e.s.f.s.i.JpaShiftAdapter - 💾 Сохраняем actual: [0, 0, 0, 0, 140, 0, 0, 0, 0, 0, 0, 0, 0, 0, 0, 0, 0, 0, 0, 0]
2025-10-16 13:12:49 INFO  c.e.s.f.s.a.ShiftPlannerUseCase - 💾 Смена сохранена: 2025-10-16
2025-10-16 13:12:49 INFO  c.e.s.f.s.i.JpaShiftAdapter - 🧪 Читаем shift из БД: 2025-10-16
2025-10-16 13:12:49 INFO  c.e.s.f.s.i.JpaShiftAdapter - ⏱ hourlyLabels = [08:00, 09:00, 10:00, 11:00, 12:30, 13:30, 14:30, 15:30, 16:30, 17:30, 18:30, 19:30, 20:30, 21:30, 22:30, 23:30, 00:30, 01:30, 02:30, 03:30]
2025-10-16 13:12:49 INFO  c.e.s.f.s.i.JpaShiftAdapter - 📊 hourlyActual = [0, 0, 0, 0, 140, 0, 0, 0, 0, 0, 0, 0, 0, 0, 0, 0, 0, 0, 0, 0]
2025-10-16 13:12:49 INFO  c.e.s.f.s.a.e.ShiftUpdatedListener - 📤 Отправлен ShiftView в /topic/shift-updates: ShiftView[date=2025-10-16, actual=[0, 0, 0, 0, 140, 0, 0, 0, 0, 0, 0, 0, 0, 0, 0, 0, 0, 0, 0, 0], plan=[360, 480, 480, 480, 480, 480, 480, 480, 480, 480, 480, 480, 480, 480, 480, 480, 480, 480, 480, 360], hours=[08:00, 09:00, 10:00, 11:00, 12:30, 13:30, 14:30, 15:30, 16:30, 17:30, 18:30, 19:30, 20:30, 21:30, 22:30, 23:30, 00:30, 01:30, 02:30, 03:30]]
2025-10-16 13:12:49 INFO  c.e.s.f.s.i.JpaShiftAdapter - 🧪 Читаем shift из БД: 2025-10-16
2025-10-16 13:12:49 INFO  c.e.s.f.s.i.JpaShiftAdapter - ⏱ hourlyLabels = [08:00, 09:00, 10:00, 11:00, 12:30, 13:30, 14:30, 15:30, 16:30, 17:30, 18:30, 19:30, 20:30, 21:30, 22:30, 23:30, 00:30, 01:30, 02:30, 03:30]
2025-10-16 13:12:49 INFO  c.e.s.f.s.i.JpaShiftAdapter - 📊 hourlyActual = [0, 0, 0, 0, 140, 0, 0, 0, 0, 0, 0, 0, 0, 0, 0, 0, 0, 0, 0, 0]
2025-10-16 13:12:49 DEBUG c.e.s.f.s.i.ShiftSettingsApplier - ✅ Настройки не изменились, смена актуальна: 2025-10-16
2025-10-16 13:12:49 INFO  c.e.s.f.c.a.StoppageReconcilesService - Reconciled date=2025-10-16, hourIndex=4 -> saved 2 auto-stoppage(s)
2025-10-16 13:12:59 INFO  c.e.s.f.s.a.web.SignalController - 📡 Сигнал получен: сенсор = main, дата смены = 2025-10-15
2025-10-16 13:12:59 INFO  c.e.s.f.s.a.e.ProductDetectedListener - [EVENT] Product detected at 2025-10-16T13:12:59.467357300
2025-10-16 13:12:59 INFO  c.e.s.f.s.i.JpaShiftAdapter - 🧪 Читаем shift из БД: 2025-10-16
2025-10-16 13:12:59 INFO  c.e.s.f.s.i.JpaShiftAdapter - ⏱ hourlyLabels = [08:00, 09:00, 10:00, 11:00, 12:30, 13:30, 14:30, 15:30, 16:30, 17:30, 18:30, 19:30, 20:30, 21:30, 22:30, 23:30, 00:30, 01:30, 02:30, 03:30]
2025-10-16 13:12:59 INFO  c.e.s.f.s.i.JpaShiftAdapter - 📊 hourlyActual = [0, 0, 0, 0, 140, 0, 0, 0, 0, 0, 0, 0, 0, 0, 0, 0, 0, 0, 0, 0]
2025-10-16 13:12:59 DEBUG c.e.s.f.s.i.ShiftSettingsApplier - ✅ Настройки не изменились, смена актуальна: 2025-10-16
2025-10-16 13:12:59 INFO  c.e.s.f.s.i.ShiftSettingsApplier - 🔧 Обновлены часы смены: [08:00, 09:00, 10:00, 11:00, 12:30, 13:30, 14:30, 15:30, 16:30, 17:30, 18:30, 19:30, 20:30, 21:30, 22:30, 23:30, 00:30, 01:30, 02:30, 03:30]
2025-10-16 13:12:59 INFO  c.e.s.f.s.i.ShiftSettingsApplier - 📊 Применяем планы: [360, 480, 480, 480, 480, 480, 480, 480, 480, 480, 480, 480, 480, 480, 480, 480, 480, 480, 480, 360]
2025-10-16 13:12:59 INFO  c.e.s.f.s.i.JpaShiftAdapter - 📋 Сохраняем смену: date = 2025-10-16, labels = [08:00, 09:00, 10:00, 11:00, 12:30, 13:30, 14:30, 15:30, 16:30, 17:30, 18:30, 19:30, 20:30, 21:30, 22:30, 23:30, 00:30, 01:30, 02:30, 03:30], plan = [360, 480, 480, 480, 480, 480, 480, 480, 480, 480, 480, 480, 480, 480, 480, 480, 480, 480, 480, 360], actual = [0, 0, 0, 0, 141, 0, 0, 0, 0, 0, 0, 0, 0, 0, 0, 0, 0, 0, 0, 0]
2025-10-16 13:12:59 INFO  c.e.s.f.s.i.JpaShiftAdapter - 💾 Сохраняем actual: [0, 0, 0, 0, 141, 0, 0, 0, 0, 0, 0, 0, 0, 0, 0, 0, 0, 0, 0, 0]
2025-10-16 13:12:59 INFO  c.e.s.f.s.a.ShiftPlannerUseCase - 💾 Смена сохранена: 2025-10-16
2025-10-16 13:12:59 INFO  c.e.s.f.s.i.JpaShiftAdapter - 🧪 Читаем shift из БД: 2025-10-16
2025-10-16 13:12:59 INFO  c.e.s.f.s.i.JpaShiftAdapter - ⏱ hourlyLabels = [08:00, 09:00, 10:00, 11:00, 12:30, 13:30, 14:30, 15:30, 16:30, 17:30, 18:30, 19:30, 20:30, 21:30, 22:30, 23:30, 00:30, 01:30, 02:30, 03:30]
2025-10-16 13:12:59 INFO  c.e.s.f.s.i.JpaShiftAdapter - 📊 hourlyActual = [0, 0, 0, 0, 141, 0, 0, 0, 0, 0, 0, 0, 0, 0, 0, 0, 0, 0, 0, 0]
2025-10-16 13:12:59 INFO  c.e.s.f.s.a.e.ShiftUpdatedListener - 📤 Отправлен ShiftView в /topic/shift-updates: ShiftView[date=2025-10-16, actual=[0, 0, 0, 0, 141, 0, 0, 0, 0, 0, 0, 0, 0, 0, 0, 0, 0, 0, 0, 0], plan=[360, 480, 480, 480, 480, 480, 480, 480, 480, 480, 480, 480, 480, 480, 480, 480, 480, 480, 480, 360], hours=[08:00, 09:00, 10:00, 11:00, 12:30, 13:30, 14:30, 15:30, 16:30, 17:30, 18:30, 19:30, 20:30, 21:30, 22:30, 23:30, 00:30, 01:30, 02:30, 03:30]]
2025-10-16 13:12:59 INFO  c.e.s.f.s.i.JpaShiftAdapter - 🧪 Читаем shift из БД: 2025-10-16
2025-10-16 13:12:59 INFO  c.e.s.f.s.i.JpaShiftAdapter - ⏱ hourlyLabels = [08:00, 09:00, 10:00, 11:00, 12:30, 13:30, 14:30, 15:30, 16:30, 17:30, 18:30, 19:30, 20:30, 21:30, 22:30, 23:30, 00:30, 01:30, 02:30, 03:30]
2025-10-16 13:12:59 INFO  c.e.s.f.s.i.JpaShiftAdapter - 📊 hourlyActual = [0, 0, 0, 0, 141, 0, 0, 0, 0, 0, 0, 0, 0, 0, 0, 0, 0, 0, 0, 0]
2025-10-16 13:12:59 DEBUG c.e.s.f.s.i.ShiftSettingsApplier - ✅ Настройки не изменились, смена актуальна: 2025-10-16
2025-10-16 13:12:59 INFO  c.e.s.f.c.a.StoppageReconcilesService - Reconciled date=2025-10-16, hourIndex=4 -> saved 2 auto-stoppage(s)
2025-10-16 13:13:09 INFO  c.e.s.f.s.a.web.SignalController - 📡 Сигнал получен: сенсор = main, дата смены = 2025-10-15
2025-10-16 13:13:09 INFO  c.e.s.f.s.a.e.ProductDetectedListener - [EVENT] Product detected at 2025-10-16T13:13:09.871561500
2025-10-16 13:13:09 INFO  c.e.s.f.s.i.JpaShiftAdapter - 🧪 Читаем shift из БД: 2025-10-16
2025-10-16 13:13:09 INFO  c.e.s.f.s.i.JpaShiftAdapter - ⏱ hourlyLabels = [08:00, 09:00, 10:00, 11:00, 12:30, 13:30, 14:30, 15:30, 16:30, 17:30, 18:30, 19:30, 20:30, 21:30, 22:30, 23:30, 00:30, 01:30, 02:30, 03:30]
2025-10-16 13:13:09 INFO  c.e.s.f.s.i.JpaShiftAdapter - 📊 hourlyActual = [0, 0, 0, 0, 141, 0, 0, 0, 0, 0, 0, 0, 0, 0, 0, 0, 0, 0, 0, 0]
2025-10-16 13:13:09 DEBUG c.e.s.f.s.i.ShiftSettingsApplier - ✅ Настройки не изменились, смена актуальна: 2025-10-16
2025-10-16 13:13:09 INFO  c.e.s.f.s.i.ShiftSettingsApplier - 🔧 Обновлены часы смены: [08:00, 09:00, 10:00, 11:00, 12:30, 13:30, 14:30, 15:30, 16:30, 17:30, 18:30, 19:30, 20:30, 21:30, 22:30, 23:30, 00:30, 01:30, 02:30, 03:30]
2025-10-16 13:13:09 INFO  c.e.s.f.s.i.ShiftSettingsApplier - 📊 Применяем планы: [360, 480, 480, 480, 480, 480, 480, 480, 480, 480, 480, 480, 480, 480, 480, 480, 480, 480, 480, 360]
2025-10-16 13:13:09 INFO  c.e.s.f.s.i.JpaShiftAdapter - 📋 Сохраняем смену: date = 2025-10-16, labels = [08:00, 09:00, 10:00, 11:00, 12:30, 13:30, 14:30, 15:30, 16:30, 17:30, 18:30, 19:30, 20:30, 21:30, 22:30, 23:30, 00:30, 01:30, 02:30, 03:30], plan = [360, 480, 480, 480, 480, 480, 480, 480, 480, 480, 480, 480, 480, 480, 480, 480, 480, 480, 480, 360], actual = [0, 0, 0, 0, 142, 0, 0, 0, 0, 0, 0, 0, 0, 0, 0, 0, 0, 0, 0, 0]
2025-10-16 13:13:09 INFO  c.e.s.f.s.i.JpaShiftAdapter - 💾 Сохраняем actual: [0, 0, 0, 0, 142, 0, 0, 0, 0, 0, 0, 0, 0, 0, 0, 0, 0, 0, 0, 0]
2025-10-16 13:13:10 INFO  c.e.s.f.s.a.ShiftPlannerUseCase - 💾 Смена сохранена: 2025-10-16
2025-10-16 13:13:10 INFO  c.e.s.f.s.i.JpaShiftAdapter - 🧪 Читаем shift из БД: 2025-10-16
2025-10-16 13:13:10 INFO  c.e.s.f.s.i.JpaShiftAdapter - ⏱ hourlyLabels = [08:00, 09:00, 10:00, 11:00, 12:30, 13:30, 14:30, 15:30, 16:30, 17:30, 18:30, 19:30, 20:30, 21:30, 22:30, 23:30, 00:30, 01:30, 02:30, 03:30]
2025-10-16 13:13:10 INFO  c.e.s.f.s.i.JpaShiftAdapter - 📊 hourlyActual = [0, 0, 0, 0, 142, 0, 0, 0, 0, 0, 0, 0, 0, 0, 0, 0, 0, 0, 0, 0]
2025-10-16 13:13:10 INFO  c.e.s.f.s.a.e.ShiftUpdatedListener - 📤 Отправлен ShiftView в /topic/shift-updates: ShiftView[date=2025-10-16, actual=[0, 0, 0, 0, 142, 0, 0, 0, 0, 0, 0, 0, 0, 0, 0, 0, 0, 0, 0, 0], plan=[360, 480, 480, 480, 480, 480, 480, 480, 480, 480, 480, 480, 480, 480, 480, 480, 480, 480, 480, 360], hours=[08:00, 09:00, 10:00, 11:00, 12:30, 13:30, 14:30, 15:30, 16:30, 17:30, 18:30, 19:30, 20:30, 21:30, 22:30, 23:30, 00:30, 01:30, 02:30, 03:30]]
2025-10-16 13:13:10 INFO  c.e.s.f.s.i.JpaShiftAdapter - 🧪 Читаем shift из БД: 2025-10-16
2025-10-16 13:13:10 INFO  c.e.s.f.s.i.JpaShiftAdapter - ⏱ hourlyLabels = [08:00, 09:00, 10:00, 11:00, 12:30, 13:30, 14:30, 15:30, 16:30, 17:30, 18:30, 19:30, 20:30, 21:30, 22:30, 23:30, 00:30, 01:30, 02:30, 03:30]
2025-10-16 13:13:10 INFO  c.e.s.f.s.i.JpaShiftAdapter - 📊 hourlyActual = [0, 0, 0, 0, 142, 0, 0, 0, 0, 0, 0, 0, 0, 0, 0, 0, 0, 0, 0, 0]
2025-10-16 13:13:10 DEBUG c.e.s.f.s.i.ShiftSettingsApplier - ✅ Настройки не изменились, смена актуальна: 2025-10-16
2025-10-16 13:13:10 INFO  c.e.s.f.c.a.StoppageReconcilesService - Reconciled date=2025-10-16, hourIndex=4 -> saved 2 auto-stoppage(s)
2025-10-16 13:13:20 INFO  c.e.s.f.s.a.web.SignalController - 📡 Сигнал получен: сенсор = main, дата смены = 2025-10-15
2025-10-16 13:13:20 INFO  c.e.s.f.s.a.e.ProductDetectedListener - [EVENT] Product detected at 2025-10-16T13:13:20.172708100
2025-10-16 13:13:20 INFO  c.e.s.f.s.i.JpaShiftAdapter - 🧪 Читаем shift из БД: 2025-10-16
2025-10-16 13:13:20 INFO  c.e.s.f.s.i.JpaShiftAdapter - ⏱ hourlyLabels = [08:00, 09:00, 10:00, 11:00, 12:30, 13:30, 14:30, 15:30, 16:30, 17:30, 18:30, 19:30, 20:30, 21:30, 22:30, 23:30, 00:30, 01:30, 02:30, 03:30]
2025-10-16 13:13:20 INFO  c.e.s.f.s.i.JpaShiftAdapter - 📊 hourlyActual = [0, 0, 0, 0, 142, 0, 0, 0, 0, 0, 0, 0, 0, 0, 0, 0, 0, 0, 0, 0]
2025-10-16 13:13:20 DEBUG c.e.s.f.s.i.ShiftSettingsApplier - ✅ Настройки не изменились, смена актуальна: 2025-10-16
2025-10-16 13:13:20 INFO  c.e.s.f.s.i.ShiftSettingsApplier - 🔧 Обновлены часы смены: [08:00, 09:00, 10:00, 11:00, 12:30, 13:30, 14:30, 15:30, 16:30, 17:30, 18:30, 19:30, 20:30, 21:30, 22:30, 23:30, 00:30, 01:30, 02:30, 03:30]
2025-10-16 13:13:20 INFO  c.e.s.f.s.i.ShiftSettingsApplier - 📊 Применяем планы: [360, 480, 480, 480, 480, 480, 480, 480, 480, 480, 480, 480, 480, 480, 480, 480, 480, 480, 480, 360]
2025-10-16 13:13:20 INFO  c.e.s.f.s.i.JpaShiftAdapter - 📋 Сохраняем смену: date = 2025-10-16, labels = [08:00, 09:00, 10:00, 11:00, 12:30, 13:30, 14:30, 15:30, 16:30, 17:30, 18:30, 19:30, 20:30, 21:30, 22:30, 23:30, 00:30, 01:30, 02:30, 03:30], plan = [360, 480, 480, 480, 480, 480, 480, 480, 480, 480, 480, 480, 480, 480, 480, 480, 480, 480, 480, 360], actual = [0, 0, 0, 0, 143, 0, 0, 0, 0, 0, 0, 0, 0, 0, 0, 0, 0, 0, 0, 0]
2025-10-16 13:13:20 INFO  c.e.s.f.s.i.JpaShiftAdapter - 💾 Сохраняем actual: [0, 0, 0, 0, 143, 0, 0, 0, 0, 0, 0, 0, 0, 0, 0, 0, 0, 0, 0, 0]
2025-10-16 13:13:20 INFO  c.e.s.f.s.a.ShiftPlannerUseCase - 💾 Смена сохранена: 2025-10-16
2025-10-16 13:13:20 INFO  c.e.s.f.s.i.JpaShiftAdapter - 🧪 Читаем shift из БД: 2025-10-16
2025-10-16 13:13:20 INFO  c.e.s.f.s.i.JpaShiftAdapter - ⏱ hourlyLabels = [08:00, 09:00, 10:00, 11:00, 12:30, 13:30, 14:30, 15:30, 16:30, 17:30, 18:30, 19:30, 20:30, 21:30, 22:30, 23:30, 00:30, 01:30, 02:30, 03:30]
2025-10-16 13:13:20 INFO  c.e.s.f.s.i.JpaShiftAdapter - 📊 hourlyActual = [0, 0, 0, 0, 143, 0, 0, 0, 0, 0, 0, 0, 0, 0, 0, 0, 0, 0, 0, 0]
2025-10-16 13:13:20 INFO  c.e.s.f.s.a.e.ShiftUpdatedListener - 📤 Отправлен ShiftView в /topic/shift-updates: ShiftView[date=2025-10-16, actual=[0, 0, 0, 0, 143, 0, 0, 0, 0, 0, 0, 0, 0, 0, 0, 0, 0, 0, 0, 0], plan=[360, 480, 480, 480, 480, 480, 480, 480, 480, 480, 480, 480, 480, 480, 480, 480, 480, 480, 480, 360], hours=[08:00, 09:00, 10:00, 11:00, 12:30, 13:30, 14:30, 15:30, 16:30, 17:30, 18:30, 19:30, 20:30, 21:30, 22:30, 23:30, 00:30, 01:30, 02:30, 03:30]]
2025-10-16 13:13:20 INFO  c.e.s.f.s.i.JpaShiftAdapter - 🧪 Читаем shift из БД: 2025-10-16
2025-10-16 13:13:20 INFO  c.e.s.f.s.i.JpaShiftAdapter - ⏱ hourlyLabels = [08:00, 09:00, 10:00, 11:00, 12:30, 13:30, 14:30, 15:30, 16:30, 17:30, 18:30, 19:30, 20:30, 21:30, 22:30, 23:30, 00:30, 01:30, 02:30, 03:30]
2025-10-16 13:13:20 INFO  c.e.s.f.s.i.JpaShiftAdapter - 📊 hourlyActual = [0, 0, 0, 0, 143, 0, 0, 0, 0, 0, 0, 0, 0, 0, 0, 0, 0, 0, 0, 0]
2025-10-16 13:13:20 DEBUG c.e.s.f.s.i.ShiftSettingsApplier - ✅ Настройки не изменились, смена актуальна: 2025-10-16
2025-10-16 13:13:20 INFO  c.e.s.f.c.a.StoppageReconcilesService - Reconciled date=2025-10-16, hourIndex=4 -> saved 2 auto-stoppage(s)
2025-10-16 13:13:30 INFO  c.e.s.f.s.a.web.SignalController - 📡 Сигнал получен: сенсор = main, дата смены = 2025-10-15
2025-10-16 13:13:30 INFO  c.e.s.f.s.a.e.ProductDetectedListener - [EVENT] Product detected at 2025-10-16T13:13:30.390775900
2025-10-16 13:13:30 INFO  c.e.s.f.s.i.JpaShiftAdapter - 🧪 Читаем shift из БД: 2025-10-16
2025-10-16 13:13:30 INFO  c.e.s.f.s.i.JpaShiftAdapter - ⏱ hourlyLabels = [08:00, 09:00, 10:00, 11:00, 12:30, 13:30, 14:30, 15:30, 16:30, 17:30, 18:30, 19:30, 20:30, 21:30, 22:30, 23:30, 00:30, 01:30, 02:30, 03:30]
2025-10-16 13:13:30 INFO  c.e.s.f.s.i.JpaShiftAdapter - 📊 hourlyActual = [0, 0, 0, 0, 143, 0, 0, 0, 0, 0, 0, 0, 0, 0, 0, 0, 0, 0, 0, 0]
2025-10-16 13:13:30 DEBUG c.e.s.f.s.i.ShiftSettingsApplier - ✅ Настройки не изменились, смена актуальна: 2025-10-16
2025-10-16 13:13:30 INFO  c.e.s.f.s.i.ShiftSettingsApplier - 🔧 Обновлены часы смены: [08:00, 09:00, 10:00, 11:00, 12:30, 13:30, 14:30, 15:30, 16:30, 17:30, 18:30, 19:30, 20:30, 21:30, 22:30, 23:30, 00:30, 01:30, 02:30, 03:30]
2025-10-16 13:13:30 INFO  c.e.s.f.s.i.ShiftSettingsApplier - 📊 Применяем планы: [360, 480, 480, 480, 480, 480, 480, 480, 480, 480, 480, 480, 480, 480, 480, 480, 480, 480, 480, 360]
2025-10-16 13:13:30 INFO  c.e.s.f.s.i.JpaShiftAdapter - 📋 Сохраняем смену: date = 2025-10-16, labels = [08:00, 09:00, 10:00, 11:00, 12:30, 13:30, 14:30, 15:30, 16:30, 17:30, 18:30, 19:30, 20:30, 21:30, 22:30, 23:30, 00:30, 01:30, 02:30, 03:30], plan = [360, 480, 480, 480, 480, 480, 480, 480, 480, 480, 480, 480, 480, 480, 480, 480, 480, 480, 480, 360], actual = [0, 0, 0, 0, 144, 0, 0, 0, 0, 0, 0, 0, 0, 0, 0, 0, 0, 0, 0, 0]
2025-10-16 13:13:30 INFO  c.e.s.f.s.i.JpaShiftAdapter - 💾 Сохраняем actual: [0, 0, 0, 0, 144, 0, 0, 0, 0, 0, 0, 0, 0, 0, 0, 0, 0, 0, 0, 0]
2025-10-16 13:13:30 INFO  c.e.s.f.s.a.ShiftPlannerUseCase - 💾 Смена сохранена: 2025-10-16
2025-10-16 13:13:30 INFO  c.e.s.f.s.i.JpaShiftAdapter - 🧪 Читаем shift из БД: 2025-10-16
2025-10-16 13:13:30 INFO  c.e.s.f.s.i.JpaShiftAdapter - ⏱ hourlyLabels = [08:00, 09:00, 10:00, 11:00, 12:30, 13:30, 14:30, 15:30, 16:30, 17:30, 18:30, 19:30, 20:30, 21:30, 22:30, 23:30, 00:30, 01:30, 02:30, 03:30]
2025-10-16 13:13:30 INFO  c.e.s.f.s.i.JpaShiftAdapter - 📊 hourlyActual = [0, 0, 0, 0, 144, 0, 0, 0, 0, 0, 0, 0, 0, 0, 0, 0, 0, 0, 0, 0]
2025-10-16 13:13:30 INFO  c.e.s.f.s.a.e.ShiftUpdatedListener - 📤 Отправлен ShiftView в /topic/shift-updates: ShiftView[date=2025-10-16, actual=[0, 0, 0, 0, 144, 0, 0, 0, 0, 0, 0, 0, 0, 0, 0, 0, 0, 0, 0, 0], plan=[360, 480, 480, 480, 480, 480, 480, 480, 480, 480, 480, 480, 480, 480, 480, 480, 480, 480, 480, 360], hours=[08:00, 09:00, 10:00, 11:00, 12:30, 13:30, 14:30, 15:30, 16:30, 17:30, 18:30, 19:30, 20:30, 21:30, 22:30, 23:30, 00:30, 01:30, 02:30, 03:30]]
2025-10-16 13:13:30 INFO  c.e.s.f.s.i.JpaShiftAdapter - 🧪 Читаем shift из БД: 2025-10-16
2025-10-16 13:13:30 INFO  c.e.s.f.s.i.JpaShiftAdapter - ⏱ hourlyLabels = [08:00, 09:00, 10:00, 11:00, 12:30, 13:30, 14:30, 15:30, 16:30, 17:30, 18:30, 19:30, 20:30, 21:30, 22:30, 23:30, 00:30, 01:30, 02:30, 03:30]
2025-10-16 13:13:30 INFO  c.e.s.f.s.i.JpaShiftAdapter - 📊 hourlyActual = [0, 0, 0, 0, 144, 0, 0, 0, 0, 0, 0, 0, 0, 0, 0, 0, 0, 0, 0, 0]
2025-10-16 13:13:30 DEBUG c.e.s.f.s.i.ShiftSettingsApplier - ✅ Настройки не изменились, смена актуальна: 2025-10-16
2025-10-16 13:13:30 INFO  c.e.s.f.c.a.StoppageReconcilesService - Reconciled date=2025-10-16, hourIndex=4 -> saved 2 auto-stoppage(s)
2025-10-16 13:13:40 INFO  c.e.s.f.s.a.web.SignalController - 📡 Сигнал получен: сенсор = main, дата смены = 2025-10-15
2025-10-16 13:13:40 INFO  c.e.s.f.s.a.e.ProductDetectedListener - [EVENT] Product detected at 2025-10-16T13:13:40.606963900
2025-10-16 13:13:40 INFO  c.e.s.f.s.i.JpaShiftAdapter - 🧪 Читаем shift из БД: 2025-10-16
2025-10-16 13:13:40 INFO  c.e.s.f.s.i.JpaShiftAdapter - ⏱ hourlyLabels = [08:00, 09:00, 10:00, 11:00, 12:30, 13:30, 14:30, 15:30, 16:30, 17:30, 18:30, 19:30, 20:30, 21:30, 22:30, 23:30, 00:30, 01:30, 02:30, 03:30]
2025-10-16 13:13:40 INFO  c.e.s.f.s.i.JpaShiftAdapter - 📊 hourlyActual = [0, 0, 0, 0, 144, 0, 0, 0, 0, 0, 0, 0, 0, 0, 0, 0, 0, 0, 0, 0]
2025-10-16 13:13:40 DEBUG c.e.s.f.s.i.ShiftSettingsApplier - ✅ Настройки не изменились, смена актуальна: 2025-10-16
2025-10-16 13:13:40 INFO  c.e.s.f.s.i.ShiftSettingsApplier - 🔧 Обновлены часы смены: [08:00, 09:00, 10:00, 11:00, 12:30, 13:30, 14:30, 15:30, 16:30, 17:30, 18:30, 19:30, 20:30, 21:30, 22:30, 23:30, 00:30, 01:30, 02:30, 03:30]
2025-10-16 13:13:40 INFO  c.e.s.f.s.i.ShiftSettingsApplier - 📊 Применяем планы: [360, 480, 480, 480, 480, 480, 480, 480, 480, 480, 480, 480, 480, 480, 480, 480, 480, 480, 480, 360]
2025-10-16 13:13:40 INFO  c.e.s.f.s.i.JpaShiftAdapter - 📋 Сохраняем смену: date = 2025-10-16, labels = [08:00, 09:00, 10:00, 11:00, 12:30, 13:30, 14:30, 15:30, 16:30, 17:30, 18:30, 19:30, 20:30, 21:30, 22:30, 23:30, 00:30, 01:30, 02:30, 03:30], plan = [360, 480, 480, 480, 480, 480, 480, 480, 480, 480, 480, 480, 480, 480, 480, 480, 480, 480, 480, 360], actual = [0, 0, 0, 0, 145, 0, 0, 0, 0, 0, 0, 0, 0, 0, 0, 0, 0, 0, 0, 0]
2025-10-16 13:13:40 INFO  c.e.s.f.s.i.JpaShiftAdapter - 💾 Сохраняем actual: [0, 0, 0, 0, 145, 0, 0, 0, 0, 0, 0, 0, 0, 0, 0, 0, 0, 0, 0, 0]
2025-10-16 13:13:40 INFO  c.e.s.f.s.a.ShiftPlannerUseCase - 💾 Смена сохранена: 2025-10-16
2025-10-16 13:13:40 INFO  c.e.s.f.s.i.JpaShiftAdapter - 🧪 Читаем shift из БД: 2025-10-16
2025-10-16 13:13:40 INFO  c.e.s.f.s.i.JpaShiftAdapter - ⏱ hourlyLabels = [08:00, 09:00, 10:00, 11:00, 12:30, 13:30, 14:30, 15:30, 16:30, 17:30, 18:30, 19:30, 20:30, 21:30, 22:30, 23:30, 00:30, 01:30, 02:30, 03:30]
2025-10-16 13:13:40 INFO  c.e.s.f.s.i.JpaShiftAdapter - 📊 hourlyActual = [0, 0, 0, 0, 145, 0, 0, 0, 0, 0, 0, 0, 0, 0, 0, 0, 0, 0, 0, 0]
2025-10-16 13:13:40 INFO  c.e.s.f.s.a.e.ShiftUpdatedListener - 📤 Отправлен ShiftView в /topic/shift-updates: ShiftView[date=2025-10-16, actual=[0, 0, 0, 0, 145, 0, 0, 0, 0, 0, 0, 0, 0, 0, 0, 0, 0, 0, 0, 0], plan=[360, 480, 480, 480, 480, 480, 480, 480, 480, 480, 480, 480, 480, 480, 480, 480, 480, 480, 480, 360], hours=[08:00, 09:00, 10:00, 11:00, 12:30, 13:30, 14:30, 15:30, 16:30, 17:30, 18:30, 19:30, 20:30, 21:30, 22:30, 23:30, 00:30, 01:30, 02:30, 03:30]]
2025-10-16 13:13:40 INFO  c.e.s.f.s.i.JpaShiftAdapter - 🧪 Читаем shift из БД: 2025-10-16
2025-10-16 13:13:40 INFO  c.e.s.f.s.i.JpaShiftAdapter - ⏱ hourlyLabels = [08:00, 09:00, 10:00, 11:00, 12:30, 13:30, 14:30, 15:30, 16:30, 17:30, 18:30, 19:30, 20:30, 21:30, 22:30, 23:30, 00:30, 01:30, 02:30, 03:30]
2025-10-16 13:13:40 INFO  c.e.s.f.s.i.JpaShiftAdapter - 📊 hourlyActual = [0, 0, 0, 0, 145, 0, 0, 0, 0, 0, 0, 0, 0, 0, 0, 0, 0, 0, 0, 0]
2025-10-16 13:13:40 DEBUG c.e.s.f.s.i.ShiftSettingsApplier - ✅ Настройки не изменились, смена актуальна: 2025-10-16
2025-10-16 13:13:41 INFO  c.e.s.f.c.a.StoppageReconcilesService - Reconciled date=2025-10-16, hourIndex=4 -> saved 2 auto-stoppage(s)
2025-10-16 13:13:51 INFO  c.e.s.f.s.a.web.SignalController - 📡 Сигнал получен: сенсор = main, дата смены = 2025-10-15
2025-10-16 13:13:51 INFO  c.e.s.f.s.a.e.ProductDetectedListener - [EVENT] Product detected at 2025-10-16T13:13:51.075002500
2025-10-16 13:13:51 INFO  c.e.s.f.s.i.JpaShiftAdapter - 🧪 Читаем shift из БД: 2025-10-16
2025-10-16 13:13:51 INFO  c.e.s.f.s.i.JpaShiftAdapter - ⏱ hourlyLabels = [08:00, 09:00, 10:00, 11:00, 12:30, 13:30, 14:30, 15:30, 16:30, 17:30, 18:30, 19:30, 20:30, 21:30, 22:30, 23:30, 00:30, 01:30, 02:30, 03:30]
2025-10-16 13:13:51 INFO  c.e.s.f.s.i.JpaShiftAdapter - 📊 hourlyActual = [0, 0, 0, 0, 145, 0, 0, 0, 0, 0, 0, 0, 0, 0, 0, 0, 0, 0, 0, 0]
2025-10-16 13:13:51 DEBUG c.e.s.f.s.i.ShiftSettingsApplier - ✅ Настройки не изменились, смена актуальна: 2025-10-16
2025-10-16 13:13:51 INFO  c.e.s.f.s.i.ShiftSettingsApplier - 🔧 Обновлены часы смены: [08:00, 09:00, 10:00, 11:00, 12:30, 13:30, 14:30, 15:30, 16:30, 17:30, 18:30, 19:30, 20:30, 21:30, 22:30, 23:30, 00:30, 01:30, 02:30, 03:30]
2025-10-16 13:13:51 INFO  c.e.s.f.s.i.ShiftSettingsApplier - 📊 Применяем планы: [360, 480, 480, 480, 480, 480, 480, 480, 480, 480, 480, 480, 480, 480, 480, 480, 480, 480, 480, 360]
2025-10-16 13:13:51 INFO  c.e.s.f.s.i.JpaShiftAdapter - 📋 Сохраняем смену: date = 2025-10-16, labels = [08:00, 09:00, 10:00, 11:00, 12:30, 13:30, 14:30, 15:30, 16:30, 17:30, 18:30, 19:30, 20:30, 21:30, 22:30, 23:30, 00:30, 01:30, 02:30, 03:30], plan = [360, 480, 480, 480, 480, 480, 480, 480, 480, 480, 480, 480, 480, 480, 480, 480, 480, 480, 480, 360], actual = [0, 0, 0, 0, 146, 0, 0, 0, 0, 0, 0, 0, 0, 0, 0, 0, 0, 0, 0, 0]
2025-10-16 13:13:51 INFO  c.e.s.f.s.i.JpaShiftAdapter - 💾 Сохраняем actual: [0, 0, 0, 0, 146, 0, 0, 0, 0, 0, 0, 0, 0, 0, 0, 0, 0, 0, 0, 0]
2025-10-16 13:13:51 INFO  c.e.s.f.s.a.ShiftPlannerUseCase - 💾 Смена сохранена: 2025-10-16
2025-10-16 13:13:51 INFO  c.e.s.f.s.i.JpaShiftAdapter - 🧪 Читаем shift из БД: 2025-10-16
2025-10-16 13:13:51 INFO  c.e.s.f.s.i.JpaShiftAdapter - ⏱ hourlyLabels = [08:00, 09:00, 10:00, 11:00, 12:30, 13:30, 14:30, 15:30, 16:30, 17:30, 18:30, 19:30, 20:30, 21:30, 22:30, 23:30, 00:30, 01:30, 02:30, 03:30]
2025-10-16 13:13:51 INFO  c.e.s.f.s.i.JpaShiftAdapter - 📊 hourlyActual = [0, 0, 0, 0, 146, 0, 0, 0, 0, 0, 0, 0, 0, 0, 0, 0, 0, 0, 0, 0]
2025-10-16 13:13:51 INFO  c.e.s.f.s.a.e.ShiftUpdatedListener - 📤 Отправлен ShiftView в /topic/shift-updates: ShiftView[date=2025-10-16, actual=[0, 0, 0, 0, 146, 0, 0, 0, 0, 0, 0, 0, 0, 0, 0, 0, 0, 0, 0, 0], plan=[360, 480, 480, 480, 480, 480, 480, 480, 480, 480, 480, 480, 480, 480, 480, 480, 480, 480, 480, 360], hours=[08:00, 09:00, 10:00, 11:00, 12:30, 13:30, 14:30, 15:30, 16:30, 17:30, 18:30, 19:30, 20:30, 21:30, 22:30, 23:30, 00:30, 01:30, 02:30, 03:30]]
2025-10-16 13:13:51 INFO  c.e.s.f.s.i.JpaShiftAdapter - 🧪 Читаем shift из БД: 2025-10-16
2025-10-16 13:13:51 INFO  c.e.s.f.s.i.JpaShiftAdapter - ⏱ hourlyLabels = [08:00, 09:00, 10:00, 11:00, 12:30, 13:30, 14:30, 15:30, 16:30, 17:30, 18:30, 19:30, 20:30, 21:30, 22:30, 23:30, 00:30, 01:30, 02:30, 03:30]
2025-10-16 13:13:51 INFO  c.e.s.f.s.i.JpaShiftAdapter - 📊 hourlyActual = [0, 0, 0, 0, 146, 0, 0, 0, 0, 0, 0, 0, 0, 0, 0, 0, 0, 0, 0, 0]
2025-10-16 13:13:51 DEBUG c.e.s.f.s.i.ShiftSettingsApplier - ✅ Настройки не изменились, смена актуальна: 2025-10-16
2025-10-16 13:13:51 INFO  c.e.s.f.c.a.StoppageReconcilesService - Reconciled date=2025-10-16, hourIndex=4 -> saved 2 auto-stoppage(s)
2025-10-16 13:14:01 INFO  c.e.s.f.s.a.web.SignalController - 📡 Сигнал получен: сенсор = main, дата смены = 2025-10-15
2025-10-16 13:14:01 INFO  c.e.s.f.s.a.e.ProductDetectedListener - [EVENT] Product detected at 2025-10-16T13:14:01.291606700
2025-10-16 13:14:01 INFO  c.e.s.f.s.i.JpaShiftAdapter - 🧪 Читаем shift из БД: 2025-10-16
2025-10-16 13:14:01 INFO  c.e.s.f.s.i.JpaShiftAdapter - ⏱ hourlyLabels = [08:00, 09:00, 10:00, 11:00, 12:30, 13:30, 14:30, 15:30, 16:30, 17:30, 18:30, 19:30, 20:30, 21:30, 22:30, 23:30, 00:30, 01:30, 02:30, 03:30]
2025-10-16 13:14:01 INFO  c.e.s.f.s.i.JpaShiftAdapter - 📊 hourlyActual = [0, 0, 0, 0, 146, 0, 0, 0, 0, 0, 0, 0, 0, 0, 0, 0, 0, 0, 0, 0]
2025-10-16 13:14:01 DEBUG c.e.s.f.s.i.ShiftSettingsApplier - ✅ Настройки не изменились, смена актуальна: 2025-10-16
2025-10-16 13:14:01 INFO  c.e.s.f.s.i.ShiftSettingsApplier - 🔧 Обновлены часы смены: [08:00, 09:00, 10:00, 11:00, 12:30, 13:30, 14:30, 15:30, 16:30, 17:30, 18:30, 19:30, 20:30, 21:30, 22:30, 23:30, 00:30, 01:30, 02:30, 03:30]
2025-10-16 13:14:01 INFO  c.e.s.f.s.i.ShiftSettingsApplier - 📊 Применяем планы: [360, 480, 480, 480, 480, 480, 480, 480, 480, 480, 480, 480, 480, 480, 480, 480, 480, 480, 480, 360]
2025-10-16 13:14:01 INFO  c.e.s.f.s.i.JpaShiftAdapter - 📋 Сохраняем смену: date = 2025-10-16, labels = [08:00, 09:00, 10:00, 11:00, 12:30, 13:30, 14:30, 15:30, 16:30, 17:30, 18:30, 19:30, 20:30, 21:30, 22:30, 23:30, 00:30, 01:30, 02:30, 03:30], plan = [360, 480, 480, 480, 480, 480, 480, 480, 480, 480, 480, 480, 480, 480, 480, 480, 480, 480, 480, 360], actual = [0, 0, 0, 0, 147, 0, 0, 0, 0, 0, 0, 0, 0, 0, 0, 0, 0, 0, 0, 0]
2025-10-16 13:14:01 INFO  c.e.s.f.s.i.JpaShiftAdapter - 💾 Сохраняем actual: [0, 0, 0, 0, 147, 0, 0, 0, 0, 0, 0, 0, 0, 0, 0, 0, 0, 0, 0, 0]
2025-10-16 13:14:01 INFO  c.e.s.f.s.a.ShiftPlannerUseCase - 💾 Смена сохранена: 2025-10-16
2025-10-16 13:14:01 INFO  c.e.s.f.s.i.JpaShiftAdapter - 🧪 Читаем shift из БД: 2025-10-16
2025-10-16 13:14:01 INFO  c.e.s.f.s.i.JpaShiftAdapter - ⏱ hourlyLabels = [08:00, 09:00, 10:00, 11:00, 12:30, 13:30, 14:30, 15:30, 16:30, 17:30, 18:30, 19:30, 20:30, 21:30, 22:30, 23:30, 00:30, 01:30, 02:30, 03:30]
2025-10-16 13:14:01 INFO  c.e.s.f.s.i.JpaShiftAdapter - 📊 hourlyActual = [0, 0, 0, 0, 147, 0, 0, 0, 0, 0, 0, 0, 0, 0, 0, 0, 0, 0, 0, 0]
2025-10-16 13:14:01 INFO  c.e.s.f.s.a.e.ShiftUpdatedListener - 📤 Отправлен ShiftView в /topic/shift-updates: ShiftView[date=2025-10-16, actual=[0, 0, 0, 0, 147, 0, 0, 0, 0, 0, 0, 0, 0, 0, 0, 0, 0, 0, 0, 0], plan=[360, 480, 480, 480, 480, 480, 480, 480, 480, 480, 480, 480, 480, 480, 480, 480, 480, 480, 480, 360], hours=[08:00, 09:00, 10:00, 11:00, 12:30, 13:30, 14:30, 15:30, 16:30, 17:30, 18:30, 19:30, 20:30, 21:30, 22:30, 23:30, 00:30, 01:30, 02:30, 03:30]]
2025-10-16 13:14:01 INFO  c.e.s.f.s.i.JpaShiftAdapter - 🧪 Читаем shift из БД: 2025-10-16
2025-10-16 13:14:01 INFO  c.e.s.f.s.i.JpaShiftAdapter - ⏱ hourlyLabels = [08:00, 09:00, 10:00, 11:00, 12:30, 13:30, 14:30, 15:30, 16:30, 17:30, 18:30, 19:30, 20:30, 21:30, 22:30, 23:30, 00:30, 01:30, 02:30, 03:30]
2025-10-16 13:14:01 INFO  c.e.s.f.s.i.JpaShiftAdapter - 📊 hourlyActual = [0, 0, 0, 0, 147, 0, 0, 0, 0, 0, 0, 0, 0, 0, 0, 0, 0, 0, 0, 0]
2025-10-16 13:14:01 DEBUG c.e.s.f.s.i.ShiftSettingsApplier - ✅ Настройки не изменились, смена актуальна: 2025-10-16
2025-10-16 13:14:01 INFO  c.e.s.f.c.a.StoppageReconcilesService - Reconciled date=2025-10-16, hourIndex=4 -> saved 2 auto-stoppage(s)
2025-10-16 13:14:11 INFO  c.e.s.f.s.a.web.SignalController - 📡 Сигнал получен: сенсор = main, дата смены = 2025-10-15
2025-10-16 13:14:11 INFO  c.e.s.f.s.a.e.ProductDetectedListener - [EVENT] Product detected at 2025-10-16T13:14:11.508153700
2025-10-16 13:14:11 INFO  c.e.s.f.s.i.JpaShiftAdapter - 🧪 Читаем shift из БД: 2025-10-16
2025-10-16 13:14:11 INFO  c.e.s.f.s.i.JpaShiftAdapter - ⏱ hourlyLabels = [08:00, 09:00, 10:00, 11:00, 12:30, 13:30, 14:30, 15:30, 16:30, 17:30, 18:30, 19:30, 20:30, 21:30, 22:30, 23:30, 00:30, 01:30, 02:30, 03:30]
2025-10-16 13:14:11 INFO  c.e.s.f.s.i.JpaShiftAdapter - 📊 hourlyActual = [0, 0, 0, 0, 147, 0, 0, 0, 0, 0, 0, 0, 0, 0, 0, 0, 0, 0, 0, 0]
2025-10-16 13:14:11 DEBUG c.e.s.f.s.i.ShiftSettingsApplier - ✅ Настройки не изменились, смена актуальна: 2025-10-16
2025-10-16 13:14:11 INFO  c.e.s.f.s.i.ShiftSettingsApplier - 🔧 Обновлены часы смены: [08:00, 09:00, 10:00, 11:00, 12:30, 13:30, 14:30, 15:30, 16:30, 17:30, 18:30, 19:30, 20:30, 21:30, 22:30, 23:30, 00:30, 01:30, 02:30, 03:30]
2025-10-16 13:14:11 INFO  c.e.s.f.s.i.ShiftSettingsApplier - 📊 Применяем планы: [360, 480, 480, 480, 480, 480, 480, 480, 480, 480, 480, 480, 480, 480, 480, 480, 480, 480, 480, 360]
2025-10-16 13:14:11 INFO  c.e.s.f.s.i.JpaShiftAdapter - 📋 Сохраняем смену: date = 2025-10-16, labels = [08:00, 09:00, 10:00, 11:00, 12:30, 13:30, 14:30, 15:30, 16:30, 17:30, 18:30, 19:30, 20:30, 21:30, 22:30, 23:30, 00:30, 01:30, 02:30, 03:30], plan = [360, 480, 480, 480, 480, 480, 480, 480, 480, 480, 480, 480, 480, 480, 480, 480, 480, 480, 480, 360], actual = [0, 0, 0, 0, 148, 0, 0, 0, 0, 0, 0, 0, 0, 0, 0, 0, 0, 0, 0, 0]
2025-10-16 13:14:11 INFO  c.e.s.f.s.i.JpaShiftAdapter - 💾 Сохраняем actual: [0, 0, 0, 0, 148, 0, 0, 0, 0, 0, 0, 0, 0, 0, 0, 0, 0, 0, 0, 0]
2025-10-16 13:14:11 INFO  c.e.s.f.s.a.ShiftPlannerUseCase - 💾 Смена сохранена: 2025-10-16
2025-10-16 13:14:11 INFO  c.e.s.f.s.i.JpaShiftAdapter - 🧪 Читаем shift из БД: 2025-10-16
2025-10-16 13:14:11 INFO  c.e.s.f.s.i.JpaShiftAdapter - ⏱ hourlyLabels = [08:00, 09:00, 10:00, 11:00, 12:30, 13:30, 14:30, 15:30, 16:30, 17:30, 18:30, 19:30, 20:30, 21:30, 22:30, 23:30, 00:30, 01:30, 02:30, 03:30]
2025-10-16 13:14:11 INFO  c.e.s.f.s.i.JpaShiftAdapter - 📊 hourlyActual = [0, 0, 0, 0, 148, 0, 0, 0, 0, 0, 0, 0, 0, 0, 0, 0, 0, 0, 0, 0]
2025-10-16 13:14:11 INFO  c.e.s.f.s.a.e.ShiftUpdatedListener - 📤 Отправлен ShiftView в /topic/shift-updates: ShiftView[date=2025-10-16, actual=[0, 0, 0, 0, 148, 0, 0, 0, 0, 0, 0, 0, 0, 0, 0, 0, 0, 0, 0, 0], plan=[360, 480, 480, 480, 480, 480, 480, 480, 480, 480, 480, 480, 480, 480, 480, 480, 480, 480, 480, 360], hours=[08:00, 09:00, 10:00, 11:00, 12:30, 13:30, 14:30, 15:30, 16:30, 17:30, 18:30, 19:30, 20:30, 21:30, 22:30, 23:30, 00:30, 01:30, 02:30, 03:30]]
2025-10-16 13:14:11 INFO  c.e.s.f.s.i.JpaShiftAdapter - 🧪 Читаем shift из БД: 2025-10-16
2025-10-16 13:14:11 INFO  c.e.s.f.s.i.JpaShiftAdapter - ⏱ hourlyLabels = [08:00, 09:00, 10:00, 11:00, 12:30, 13:30, 14:30, 15:30, 16:30, 17:30, 18:30, 19:30, 20:30, 21:30, 22:30, 23:30, 00:30, 01:30, 02:30, 03:30]
2025-10-16 13:14:11 INFO  c.e.s.f.s.i.JpaShiftAdapter - 📊 hourlyActual = [0, 0, 0, 0, 148, 0, 0, 0, 0, 0, 0, 0, 0, 0, 0, 0, 0, 0, 0, 0]
2025-10-16 13:14:11 DEBUG c.e.s.f.s.i.ShiftSettingsApplier - ✅ Настройки не изменились, смена актуальна: 2025-10-16
2025-10-16 13:14:11 INFO  c.e.s.f.c.a.StoppageReconcilesService - Reconciled date=2025-10-16, hourIndex=4 -> saved 2 auto-stoppage(s)
2025-10-16 13:14:21 INFO  c.e.s.f.s.a.web.SignalController - 📡 Сигнал получен: сенсор = main, дата смены = 2025-10-15
2025-10-16 13:14:21 INFO  c.e.s.f.s.a.e.ProductDetectedListener - [EVENT] Product detected at 2025-10-16T13:14:21.837502100
2025-10-16 13:14:21 INFO  c.e.s.f.s.i.JpaShiftAdapter - 🧪 Читаем shift из БД: 2025-10-16
2025-10-16 13:14:21 INFO  c.e.s.f.s.i.JpaShiftAdapter - ⏱ hourlyLabels = [08:00, 09:00, 10:00, 11:00, 12:30, 13:30, 14:30, 15:30, 16:30, 17:30, 18:30, 19:30, 20:30, 21:30, 22:30, 23:30, 00:30, 01:30, 02:30, 03:30]
2025-10-16 13:14:21 INFO  c.e.s.f.s.i.JpaShiftAdapter - 📊 hourlyActual = [0, 0, 0, 0, 148, 0, 0, 0, 0, 0, 0, 0, 0, 0, 0, 0, 0, 0, 0, 0]
2025-10-16 13:14:21 DEBUG c.e.s.f.s.i.ShiftSettingsApplier - ✅ Настройки не изменились, смена актуальна: 2025-10-16
2025-10-16 13:14:21 INFO  c.e.s.f.s.i.ShiftSettingsApplier - 🔧 Обновлены часы смены: [08:00, 09:00, 10:00, 11:00, 12:30, 13:30, 14:30, 15:30, 16:30, 17:30, 18:30, 19:30, 20:30, 21:30, 22:30, 23:30, 00:30, 01:30, 02:30, 03:30]
2025-10-16 13:14:21 INFO  c.e.s.f.s.i.ShiftSettingsApplier - 📊 Применяем планы: [360, 480, 480, 480, 480, 480, 480, 480, 480, 480, 480, 480, 480, 480, 480, 480, 480, 480, 480, 360]
2025-10-16 13:14:21 INFO  c.e.s.f.s.i.JpaShiftAdapter - 📋 Сохраняем смену: date = 2025-10-16, labels = [08:00, 09:00, 10:00, 11:00, 12:30, 13:30, 14:30, 15:30, 16:30, 17:30, 18:30, 19:30, 20:30, 21:30, 22:30, 23:30, 00:30, 01:30, 02:30, 03:30], plan = [360, 480, 480, 480, 480, 480, 480, 480, 480, 480, 480, 480, 480, 480, 480, 480, 480, 480, 480, 360], actual = [0, 0, 0, 0, 149, 0, 0, 0, 0, 0, 0, 0, 0, 0, 0, 0, 0, 0, 0, 0]
2025-10-16 13:14:21 INFO  c.e.s.f.s.i.JpaShiftAdapter - 💾 Сохраняем actual: [0, 0, 0, 0, 149, 0, 0, 0, 0, 0, 0, 0, 0, 0, 0, 0, 0, 0, 0, 0]
2025-10-16 13:14:21 INFO  c.e.s.f.s.a.ShiftPlannerUseCase - 💾 Смена сохранена: 2025-10-16
2025-10-16 13:14:21 INFO  c.e.s.f.s.i.JpaShiftAdapter - 🧪 Читаем shift из БД: 2025-10-16
2025-10-16 13:14:21 INFO  c.e.s.f.s.i.JpaShiftAdapter - ⏱ hourlyLabels = [08:00, 09:00, 10:00, 11:00, 12:30, 13:30, 14:30, 15:30, 16:30, 17:30, 18:30, 19:30, 20:30, 21:30, 22:30, 23:30, 00:30, 01:30, 02:30, 03:30]
2025-10-16 13:14:21 INFO  c.e.s.f.s.i.JpaShiftAdapter - 📊 hourlyActual = [0, 0, 0, 0, 149, 0, 0, 0, 0, 0, 0, 0, 0, 0, 0, 0, 0, 0, 0, 0]
2025-10-16 13:14:21 INFO  c.e.s.f.s.a.e.ShiftUpdatedListener - 📤 Отправлен ShiftView в /topic/shift-updates: ShiftView[date=2025-10-16, actual=[0, 0, 0, 0, 149, 0, 0, 0, 0, 0, 0, 0, 0, 0, 0, 0, 0, 0, 0, 0], plan=[360, 480, 480, 480, 480, 480, 480, 480, 480, 480, 480, 480, 480, 480, 480, 480, 480, 480, 480, 360], hours=[08:00, 09:00, 10:00, 11:00, 12:30, 13:30, 14:30, 15:30, 16:30, 17:30, 18:30, 19:30, 20:30, 21:30, 22:30, 23:30, 00:30, 01:30, 02:30, 03:30]]
2025-10-16 13:14:21 INFO  c.e.s.f.s.i.JpaShiftAdapter - 🧪 Читаем shift из БД: 2025-10-16
2025-10-16 13:14:21 INFO  c.e.s.f.s.i.JpaShiftAdapter - ⏱ hourlyLabels = [08:00, 09:00, 10:00, 11:00, 12:30, 13:30, 14:30, 15:30, 16:30, 17:30, 18:30, 19:30, 20:30, 21:30, 22:30, 23:30, 00:30, 01:30, 02:30, 03:30]
2025-10-16 13:14:21 INFO  c.e.s.f.s.i.JpaShiftAdapter - 📊 hourlyActual = [0, 0, 0, 0, 149, 0, 0, 0, 0, 0, 0, 0, 0, 0, 0, 0, 0, 0, 0, 0]
2025-10-16 13:14:21 DEBUG c.e.s.f.s.i.ShiftSettingsApplier - ✅ Настройки не изменились, смена актуальна: 2025-10-16
2025-10-16 13:14:22 INFO  c.e.s.f.c.a.StoppageReconcilesService - Reconciled date=2025-10-16, hourIndex=4 -> saved 2 auto-stoppage(s)
2025-10-16 13:14:32 INFO  c.e.s.f.s.a.web.SignalController - 📡 Сигнал получен: сенсор = main, дата смены = 2025-10-15
2025-10-16 13:14:32 INFO  c.e.s.f.s.a.e.ProductDetectedListener - [EVENT] Product detected at 2025-10-16T13:14:32.059547200
2025-10-16 13:14:32 INFO  c.e.s.f.s.i.JpaShiftAdapter - 🧪 Читаем shift из БД: 2025-10-16
2025-10-16 13:14:32 INFO  c.e.s.f.s.i.JpaShiftAdapter - ⏱ hourlyLabels = [08:00, 09:00, 10:00, 11:00, 12:30, 13:30, 14:30, 15:30, 16:30, 17:30, 18:30, 19:30, 20:30, 21:30, 22:30, 23:30, 00:30, 01:30, 02:30, 03:30]
2025-10-16 13:14:32 INFO  c.e.s.f.s.i.JpaShiftAdapter - 📊 hourlyActual = [0, 0, 0, 0, 149, 0, 0, 0, 0, 0, 0, 0, 0, 0, 0, 0, 0, 0, 0, 0]
2025-10-16 13:14:32 DEBUG c.e.s.f.s.i.ShiftSettingsApplier - ✅ Настройки не изменились, смена актуальна: 2025-10-16
2025-10-16 13:14:32 INFO  c.e.s.f.s.i.ShiftSettingsApplier - 🔧 Обновлены часы смены: [08:00, 09:00, 10:00, 11:00, 12:30, 13:30, 14:30, 15:30, 16:30, 17:30, 18:30, 19:30, 20:30, 21:30, 22:30, 23:30, 00:30, 01:30, 02:30, 03:30]
2025-10-16 13:14:32 INFO  c.e.s.f.s.i.ShiftSettingsApplier - 📊 Применяем планы: [360, 480, 480, 480, 480, 480, 480, 480, 480, 480, 480, 480, 480, 480, 480, 480, 480, 480, 480, 360]
2025-10-16 13:14:32 INFO  c.e.s.f.s.i.JpaShiftAdapter - 📋 Сохраняем смену: date = 2025-10-16, labels = [08:00, 09:00, 10:00, 11:00, 12:30, 13:30, 14:30, 15:30, 16:30, 17:30, 18:30, 19:30, 20:30, 21:30, 22:30, 23:30, 00:30, 01:30, 02:30, 03:30], plan = [360, 480, 480, 480, 480, 480, 480, 480, 480, 480, 480, 480, 480, 480, 480, 480, 480, 480, 480, 360], actual = [0, 0, 0, 0, 150, 0, 0, 0, 0, 0, 0, 0, 0, 0, 0, 0, 0, 0, 0, 0]
2025-10-16 13:14:32 INFO  c.e.s.f.s.i.JpaShiftAdapter - 💾 Сохраняем actual: [0, 0, 0, 0, 150, 0, 0, 0, 0, 0, 0, 0, 0, 0, 0, 0, 0, 0, 0, 0]
2025-10-16 13:14:32 INFO  c.e.s.f.s.a.ShiftPlannerUseCase - 💾 Смена сохранена: 2025-10-16
2025-10-16 13:14:32 INFO  c.e.s.f.s.i.JpaShiftAdapter - 🧪 Читаем shift из БД: 2025-10-16
2025-10-16 13:14:32 INFO  c.e.s.f.s.i.JpaShiftAdapter - ⏱ hourlyLabels = [08:00, 09:00, 10:00, 11:00, 12:30, 13:30, 14:30, 15:30, 16:30, 17:30, 18:30, 19:30, 20:30, 21:30, 22:30, 23:30, 00:30, 01:30, 02:30, 03:30]
2025-10-16 13:14:32 INFO  c.e.s.f.s.i.JpaShiftAdapter - 📊 hourlyActual = [0, 0, 0, 0, 150, 0, 0, 0, 0, 0, 0, 0, 0, 0, 0, 0, 0, 0, 0, 0]
2025-10-16 13:14:32 INFO  c.e.s.f.s.a.e.ShiftUpdatedListener - 📤 Отправлен ShiftView в /topic/shift-updates: ShiftView[date=2025-10-16, actual=[0, 0, 0, 0, 150, 0, 0, 0, 0, 0, 0, 0, 0, 0, 0, 0, 0, 0, 0, 0], plan=[360, 480, 480, 480, 480, 480, 480, 480, 480, 480, 480, 480, 480, 480, 480, 480, 480, 480, 480, 360], hours=[08:00, 09:00, 10:00, 11:00, 12:30, 13:30, 14:30, 15:30, 16:30, 17:30, 18:30, 19:30, 20:30, 21:30, 22:30, 23:30, 00:30, 01:30, 02:30, 03:30]]
2025-10-16 13:14:32 INFO  c.e.s.f.s.i.JpaShiftAdapter - 🧪 Читаем shift из БД: 2025-10-16
2025-10-16 13:14:32 INFO  c.e.s.f.s.i.JpaShiftAdapter - ⏱ hourlyLabels = [08:00, 09:00, 10:00, 11:00, 12:30, 13:30, 14:30, 15:30, 16:30, 17:30, 18:30, 19:30, 20:30, 21:30, 22:30, 23:30, 00:30, 01:30, 02:30, 03:30]
2025-10-16 13:14:32 INFO  c.e.s.f.s.i.JpaShiftAdapter - 📊 hourlyActual = [0, 0, 0, 0, 150, 0, 0, 0, 0, 0, 0, 0, 0, 0, 0, 0, 0, 0, 0, 0]
2025-10-16 13:14:32 DEBUG c.e.s.f.s.i.ShiftSettingsApplier - ✅ Настройки не изменились, смена актуальна: 2025-10-16
2025-10-16 13:14:32 INFO  c.e.s.f.c.a.StoppageReconcilesService - Reconciled date=2025-10-16, hourIndex=4 -> saved 2 auto-stoppage(s)
2025-10-16 13:14:42 INFO  c.e.s.f.s.a.web.SignalController - 📡 Сигнал получен: сенсор = main, дата смены = 2025-10-15
2025-10-16 13:14:42 INFO  c.e.s.f.s.a.e.ProductDetectedListener - [EVENT] Product detected at 2025-10-16T13:14:42.374545400
2025-10-16 13:14:42 INFO  c.e.s.f.s.i.JpaShiftAdapter - 🧪 Читаем shift из БД: 2025-10-16
2025-10-16 13:14:42 INFO  c.e.s.f.s.i.JpaShiftAdapter - ⏱ hourlyLabels = [08:00, 09:00, 10:00, 11:00, 12:30, 13:30, 14:30, 15:30, 16:30, 17:30, 18:30, 19:30, 20:30, 21:30, 22:30, 23:30, 00:30, 01:30, 02:30, 03:30]
2025-10-16 13:14:42 INFO  c.e.s.f.s.i.JpaShiftAdapter - 📊 hourlyActual = [0, 0, 0, 0, 150, 0, 0, 0, 0, 0, 0, 0, 0, 0, 0, 0, 0, 0, 0, 0]
2025-10-16 13:14:42 DEBUG c.e.s.f.s.i.ShiftSettingsApplier - ✅ Настройки не изменились, смена актуальна: 2025-10-16
2025-10-16 13:14:42 INFO  c.e.s.f.s.i.ShiftSettingsApplier - 🔧 Обновлены часы смены: [08:00, 09:00, 10:00, 11:00, 12:30, 13:30, 14:30, 15:30, 16:30, 17:30, 18:30, 19:30, 20:30, 21:30, 22:30, 23:30, 00:30, 01:30, 02:30, 03:30]
2025-10-16 13:14:42 INFO  c.e.s.f.s.i.ShiftSettingsApplier - 📊 Применяем планы: [360, 480, 480, 480, 480, 480, 480, 480, 480, 480, 480, 480, 480, 480, 480, 480, 480, 480, 480, 360]
2025-10-16 13:14:42 INFO  c.e.s.f.s.i.JpaShiftAdapter - 📋 Сохраняем смену: date = 2025-10-16, labels = [08:00, 09:00, 10:00, 11:00, 12:30, 13:30, 14:30, 15:30, 16:30, 17:30, 18:30, 19:30, 20:30, 21:30, 22:30, 23:30, 00:30, 01:30, 02:30, 03:30], plan = [360, 480, 480, 480, 480, 480, 480, 480, 480, 480, 480, 480, 480, 480, 480, 480, 480, 480, 480, 360], actual = [0, 0, 0, 0, 151, 0, 0, 0, 0, 0, 0, 0, 0, 0, 0, 0, 0, 0, 0, 0]
2025-10-16 13:14:42 INFO  c.e.s.f.s.i.JpaShiftAdapter - 💾 Сохраняем actual: [0, 0, 0, 0, 151, 0, 0, 0, 0, 0, 0, 0, 0, 0, 0, 0, 0, 0, 0, 0]
2025-10-16 13:14:43 INFO  c.e.s.f.s.a.ShiftPlannerUseCase - 💾 Смена сохранена: 2025-10-16
2025-10-16 13:14:43 INFO  c.e.s.f.s.i.JpaShiftAdapter - 🧪 Читаем shift из БД: 2025-10-16
2025-10-16 13:14:43 INFO  c.e.s.f.s.i.JpaShiftAdapter - ⏱ hourlyLabels = [08:00, 09:00, 10:00, 11:00, 12:30, 13:30, 14:30, 15:30, 16:30, 17:30, 18:30, 19:30, 20:30, 21:30, 22:30, 23:30, 00:30, 01:30, 02:30, 03:30]
2025-10-16 13:14:43 INFO  c.e.s.f.s.i.JpaShiftAdapter - 📊 hourlyActual = [0, 0, 0, 0, 151, 0, 0, 0, 0, 0, 0, 0, 0, 0, 0, 0, 0, 0, 0, 0]
2025-10-16 13:14:43 INFO  c.e.s.f.s.a.e.ShiftUpdatedListener - 📤 Отправлен ShiftView в /topic/shift-updates: ShiftView[date=2025-10-16, actual=[0, 0, 0, 0, 151, 0, 0, 0, 0, 0, 0, 0, 0, 0, 0, 0, 0, 0, 0, 0], plan=[360, 480, 480, 480, 480, 480, 480, 480, 480, 480, 480, 480, 480, 480, 480, 480, 480, 480, 480, 360], hours=[08:00, 09:00, 10:00, 11:00, 12:30, 13:30, 14:30, 15:30, 16:30, 17:30, 18:30, 19:30, 20:30, 21:30, 22:30, 23:30, 00:30, 01:30, 02:30, 03:30]]
2025-10-16 13:14:43 INFO  c.e.s.f.s.i.JpaShiftAdapter - 🧪 Читаем shift из БД: 2025-10-16
2025-10-16 13:14:43 INFO  c.e.s.f.s.i.JpaShiftAdapter - ⏱ hourlyLabels = [08:00, 09:00, 10:00, 11:00, 12:30, 13:30, 14:30, 15:30, 16:30, 17:30, 18:30, 19:30, 20:30, 21:30, 22:30, 23:30, 00:30, 01:30, 02:30, 03:30]
2025-10-16 13:14:43 INFO  c.e.s.f.s.i.JpaShiftAdapter - 📊 hourlyActual = [0, 0, 0, 0, 151, 0, 0, 0, 0, 0, 0, 0, 0, 0, 0, 0, 0, 0, 0, 0]
2025-10-16 13:14:43 DEBUG c.e.s.f.s.i.ShiftSettingsApplier - ✅ Настройки не изменились, смена актуальна: 2025-10-16
2025-10-16 13:14:43 INFO  c.e.s.f.c.a.StoppageReconcilesService - Reconciled date=2025-10-16, hourIndex=4 -> saved 2 auto-stoppage(s)
2025-10-16 13:14:53 INFO  c.e.s.f.s.a.web.SignalController - 📡 Сигнал получен: сенсор = main, дата смены = 2025-10-15
2025-10-16 13:14:53 INFO  c.e.s.f.s.a.e.ProductDetectedListener - [EVENT] Product detected at 2025-10-16T13:14:53.222020300
2025-10-16 13:14:53 INFO  c.e.s.f.s.i.JpaShiftAdapter - 🧪 Читаем shift из БД: 2025-10-16
2025-10-16 13:14:53 INFO  c.e.s.f.s.i.JpaShiftAdapter - ⏱ hourlyLabels = [08:00, 09:00, 10:00, 11:00, 12:30, 13:30, 14:30, 15:30, 16:30, 17:30, 18:30, 19:30, 20:30, 21:30, 22:30, 23:30, 00:30, 01:30, 02:30, 03:30]
2025-10-16 13:14:53 INFO  c.e.s.f.s.i.JpaShiftAdapter - 📊 hourlyActual = [0, 0, 0, 0, 151, 0, 0, 0, 0, 0, 0, 0, 0, 0, 0, 0, 0, 0, 0, 0]
2025-10-16 13:14:53 DEBUG c.e.s.f.s.i.ShiftSettingsApplier - ✅ Настройки не изменились, смена актуальна: 2025-10-16
2025-10-16 13:14:53 INFO  c.e.s.f.s.i.ShiftSettingsApplier - 🔧 Обновлены часы смены: [08:00, 09:00, 10:00, 11:00, 12:30, 13:30, 14:30, 15:30, 16:30, 17:30, 18:30, 19:30, 20:30, 21:30, 22:30, 23:30, 00:30, 01:30, 02:30, 03:30]
2025-10-16 13:14:53 INFO  c.e.s.f.s.i.ShiftSettingsApplier - 📊 Применяем планы: [360, 480, 480, 480, 480, 480, 480, 480, 480, 480, 480, 480, 480, 480, 480, 480, 480, 480, 480, 360]
2025-10-16 13:14:53 INFO  c.e.s.f.s.i.JpaShiftAdapter - 📋 Сохраняем смену: date = 2025-10-16, labels = [08:00, 09:00, 10:00, 11:00, 12:30, 13:30, 14:30, 15:30, 16:30, 17:30, 18:30, 19:30, 20:30, 21:30, 22:30, 23:30, 00:30, 01:30, 02:30, 03:30], plan = [360, 480, 480, 480, 480, 480, 480, 480, 480, 480, 480, 480, 480, 480, 480, 480, 480, 480, 480, 360], actual = [0, 0, 0, 0, 152, 0, 0, 0, 0, 0, 0, 0, 0, 0, 0, 0, 0, 0, 0, 0]
2025-10-16 13:14:53 INFO  c.e.s.f.s.i.JpaShiftAdapter - 💾 Сохраняем actual: [0, 0, 0, 0, 152, 0, 0, 0, 0, 0, 0, 0, 0, 0, 0, 0, 0, 0, 0, 0]
2025-10-16 13:14:53 INFO  c.e.s.f.s.a.ShiftPlannerUseCase - 💾 Смена сохранена: 2025-10-16
2025-10-16 13:14:53 INFO  c.e.s.f.s.i.JpaShiftAdapter - 🧪 Читаем shift из БД: 2025-10-16
2025-10-16 13:14:53 INFO  c.e.s.f.s.i.JpaShiftAdapter - ⏱ hourlyLabels = [08:00, 09:00, 10:00, 11:00, 12:30, 13:30, 14:30, 15:30, 16:30, 17:30, 18:30, 19:30, 20:30, 21:30, 22:30, 23:30, 00:30, 01:30, 02:30, 03:30]
2025-10-16 13:14:53 INFO  c.e.s.f.s.i.JpaShiftAdapter - 📊 hourlyActual = [0, 0, 0, 0, 152, 0, 0, 0, 0, 0, 0, 0, 0, 0, 0, 0, 0, 0, 0, 0]
2025-10-16 13:14:53 INFO  c.e.s.f.s.a.e.ShiftUpdatedListener - 📤 Отправлен ShiftView в /topic/shift-updates: ShiftView[date=2025-10-16, actual=[0, 0, 0, 0, 152, 0, 0, 0, 0, 0, 0, 0, 0, 0, 0, 0, 0, 0, 0, 0], plan=[360, 480, 480, 480, 480, 480, 480, 480, 480, 480, 480, 480, 480, 480, 480, 480, 480, 480, 480, 360], hours=[08:00, 09:00, 10:00, 11:00, 12:30, 13:30, 14:30, 15:30, 16:30, 17:30, 18:30, 19:30, 20:30, 21:30, 22:30, 23:30, 00:30, 01:30, 02:30, 03:30]]
2025-10-16 13:14:53 INFO  c.e.s.f.s.i.JpaShiftAdapter - 🧪 Читаем shift из БД: 2025-10-16
2025-10-16 13:14:53 INFO  c.e.s.f.s.i.JpaShiftAdapter - ⏱ hourlyLabels = [08:00, 09:00, 10:00, 11:00, 12:30, 13:30, 14:30, 15:30, 16:30, 17:30, 18:30, 19:30, 20:30, 21:30, 22:30, 23:30, 00:30, 01:30, 02:30, 03:30]
2025-10-16 13:14:53 INFO  c.e.s.f.s.i.JpaShiftAdapter - 📊 hourlyActual = [0, 0, 0, 0, 152, 0, 0, 0, 0, 0, 0, 0, 0, 0, 0, 0, 0, 0, 0, 0]
2025-10-16 13:14:53 DEBUG c.e.s.f.s.i.ShiftSettingsApplier - ✅ Настройки не изменились, смена актуальна: 2025-10-16
2025-10-16 13:14:54 INFO  c.e.s.f.c.a.StoppageReconcilesService - Reconciled date=2025-10-16, hourIndex=4 -> saved 2 auto-stoppage(s)
2025-10-16 13:15:04 INFO  c.e.s.f.s.a.web.SignalController - 📡 Сигнал получен: сенсор = main, дата смены = 2025-10-15
2025-10-16 13:15:04 INFO  c.e.s.f.s.a.e.ProductDetectedListener - [EVENT] Product detected at 2025-10-16T13:15:04.193455700
2025-10-16 13:15:04 INFO  c.e.s.f.s.i.JpaShiftAdapter - 🧪 Читаем shift из БД: 2025-10-16
2025-10-16 13:15:04 INFO  c.e.s.f.s.i.JpaShiftAdapter - ⏱ hourlyLabels = [08:00, 09:00, 10:00, 11:00, 12:30, 13:30, 14:30, 15:30, 16:30, 17:30, 18:30, 19:30, 20:30, 21:30, 22:30, 23:30, 00:30, 01:30, 02:30, 03:30]
2025-10-16 13:15:04 INFO  c.e.s.f.s.i.JpaShiftAdapter - 📊 hourlyActual = [0, 0, 0, 0, 152, 0, 0, 0, 0, 0, 0, 0, 0, 0, 0, 0, 0, 0, 0, 0]
2025-10-16 13:15:04 DEBUG c.e.s.f.s.i.ShiftSettingsApplier - ✅ Настройки не изменились, смена актуальна: 2025-10-16
2025-10-16 13:15:04 INFO  c.e.s.f.s.i.ShiftSettingsApplier - 🔧 Обновлены часы смены: [08:00, 09:00, 10:00, 11:00, 12:30, 13:30, 14:30, 15:30, 16:30, 17:30, 18:30, 19:30, 20:30, 21:30, 22:30, 23:30, 00:30, 01:30, 02:30, 03:30]
2025-10-16 13:15:04 INFO  c.e.s.f.s.i.ShiftSettingsApplier - 📊 Применяем планы: [360, 480, 480, 480, 480, 480, 480, 480, 480, 480, 480, 480, 480, 480, 480, 480, 480, 480, 480, 360]
2025-10-16 13:15:04 INFO  c.e.s.f.s.i.JpaShiftAdapter - 📋 Сохраняем смену: date = 2025-10-16, labels = [08:00, 09:00, 10:00, 11:00, 12:30, 13:30, 14:30, 15:30, 16:30, 17:30, 18:30, 19:30, 20:30, 21:30, 22:30, 23:30, 00:30, 01:30, 02:30, 03:30], plan = [360, 480, 480, 480, 480, 480, 480, 480, 480, 480, 480, 480, 480, 480, 480, 480, 480, 480, 480, 360], actual = [0, 0, 0, 0, 153, 0, 0, 0, 0, 0, 0, 0, 0, 0, 0, 0, 0, 0, 0, 0]
2025-10-16 13:15:04 INFO  c.e.s.f.s.i.JpaShiftAdapter - 💾 Сохраняем actual: [0, 0, 0, 0, 153, 0, 0, 0, 0, 0, 0, 0, 0, 0, 0, 0, 0, 0, 0, 0]
2025-10-16 13:15:04 INFO  c.e.s.f.s.a.ShiftPlannerUseCase - 💾 Смена сохранена: 2025-10-16
2025-10-16 13:15:04 INFO  c.e.s.f.s.i.JpaShiftAdapter - 🧪 Читаем shift из БД: 2025-10-16
2025-10-16 13:15:04 INFO  c.e.s.f.s.i.JpaShiftAdapter - ⏱ hourlyLabels = [08:00, 09:00, 10:00, 11:00, 12:30, 13:30, 14:30, 15:30, 16:30, 17:30, 18:30, 19:30, 20:30, 21:30, 22:30, 23:30, 00:30, 01:30, 02:30, 03:30]
2025-10-16 13:15:04 INFO  c.e.s.f.s.i.JpaShiftAdapter - 📊 hourlyActual = [0, 0, 0, 0, 153, 0, 0, 0, 0, 0, 0, 0, 0, 0, 0, 0, 0, 0, 0, 0]
2025-10-16 13:15:04 INFO  c.e.s.f.s.a.e.ShiftUpdatedListener - 📤 Отправлен ShiftView в /topic/shift-updates: ShiftView[date=2025-10-16, actual=[0, 0, 0, 0, 153, 0, 0, 0, 0, 0, 0, 0, 0, 0, 0, 0, 0, 0, 0, 0], plan=[360, 480, 480, 480, 480, 480, 480, 480, 480, 480, 480, 480, 480, 480, 480, 480, 480, 480, 480, 360], hours=[08:00, 09:00, 10:00, 11:00, 12:30, 13:30, 14:30, 15:30, 16:30, 17:30, 18:30, 19:30, 20:30, 21:30, 22:30, 23:30, 00:30, 01:30, 02:30, 03:30]]
2025-10-16 13:15:04 INFO  c.e.s.f.s.i.JpaShiftAdapter - 🧪 Читаем shift из БД: 2025-10-16
2025-10-16 13:15:04 INFO  c.e.s.f.s.i.JpaShiftAdapter - ⏱ hourlyLabels = [08:00, 09:00, 10:00, 11:00, 12:30, 13:30, 14:30, 15:30, 16:30, 17:30, 18:30, 19:30, 20:30, 21:30, 22:30, 23:30, 00:30, 01:30, 02:30, 03:30]
2025-10-16 13:15:04 INFO  c.e.s.f.s.i.JpaShiftAdapter - 📊 hourlyActual = [0, 0, 0, 0, 153, 0, 0, 0, 0, 0, 0, 0, 0, 0, 0, 0, 0, 0, 0, 0]
2025-10-16 13:15:04 DEBUG c.e.s.f.s.i.ShiftSettingsApplier - ✅ Настройки не изменились, смена актуальна: 2025-10-16
2025-10-16 13:15:04 INFO  c.e.s.f.c.a.StoppageReconcilesService - Reconciled date=2025-10-16, hourIndex=4 -> saved 2 auto-stoppage(s)
2025-10-16 13:15:14 INFO  c.e.s.f.s.a.web.SignalController - 📡 Сигнал получен: сенсор = main, дата смены = 2025-10-15
2025-10-16 13:15:14 INFO  c.e.s.f.s.a.e.ProductDetectedListener - [EVENT] Product detected at 2025-10-16T13:15:14.781404200
2025-10-16 13:15:14 INFO  c.e.s.f.s.i.JpaShiftAdapter - 🧪 Читаем shift из БД: 2025-10-16
2025-10-16 13:15:14 INFO  c.e.s.f.s.i.JpaShiftAdapter - ⏱ hourlyLabels = [08:00, 09:00, 10:00, 11:00, 12:30, 13:30, 14:30, 15:30, 16:30, 17:30, 18:30, 19:30, 20:30, 21:30, 22:30, 23:30, 00:30, 01:30, 02:30, 03:30]
2025-10-16 13:15:14 INFO  c.e.s.f.s.i.JpaShiftAdapter - 📊 hourlyActual = [0, 0, 0, 0, 153, 0, 0, 0, 0, 0, 0, 0, 0, 0, 0, 0, 0, 0, 0, 0]
2025-10-16 13:15:14 DEBUG c.e.s.f.s.i.ShiftSettingsApplier - ✅ Настройки не изменились, смена актуальна: 2025-10-16
2025-10-16 13:15:14 INFO  c.e.s.f.s.i.ShiftSettingsApplier - 🔧 Обновлены часы смены: [08:00, 09:00, 10:00, 11:00, 12:30, 13:30, 14:30, 15:30, 16:30, 17:30, 18:30, 19:30, 20:30, 21:30, 22:30, 23:30, 00:30, 01:30, 02:30, 03:30]
2025-10-16 13:15:14 INFO  c.e.s.f.s.i.ShiftSettingsApplier - 📊 Применяем планы: [360, 480, 480, 480, 480, 480, 480, 480, 480, 480, 480, 480, 480, 480, 480, 480, 480, 480, 480, 360]
2025-10-16 13:15:14 INFO  c.e.s.f.s.i.JpaShiftAdapter - 📋 Сохраняем смену: date = 2025-10-16, labels = [08:00, 09:00, 10:00, 11:00, 12:30, 13:30, 14:30, 15:30, 16:30, 17:30, 18:30, 19:30, 20:30, 21:30, 22:30, 23:30, 00:30, 01:30, 02:30, 03:30], plan = [360, 480, 480, 480, 480, 480, 480, 480, 480, 480, 480, 480, 480, 480, 480, 480, 480, 480, 480, 360], actual = [0, 0, 0, 0, 154, 0, 0, 0, 0, 0, 0, 0, 0, 0, 0, 0, 0, 0, 0, 0]
2025-10-16 13:15:14 INFO  c.e.s.f.s.i.JpaShiftAdapter - 💾 Сохраняем actual: [0, 0, 0, 0, 154, 0, 0, 0, 0, 0, 0, 0, 0, 0, 0, 0, 0, 0, 0, 0]
2025-10-16 13:15:14 INFO  c.e.s.f.s.a.ShiftPlannerUseCase - 💾 Смена сохранена: 2025-10-16
2025-10-16 13:15:14 INFO  c.e.s.f.s.i.JpaShiftAdapter - 🧪 Читаем shift из БД: 2025-10-16
2025-10-16 13:15:14 INFO  c.e.s.f.s.i.JpaShiftAdapter - ⏱ hourlyLabels = [08:00, 09:00, 10:00, 11:00, 12:30, 13:30, 14:30, 15:30, 16:30, 17:30, 18:30, 19:30, 20:30, 21:30, 22:30, 23:30, 00:30, 01:30, 02:30, 03:30]
2025-10-16 13:15:14 INFO  c.e.s.f.s.i.JpaShiftAdapter - 📊 hourlyActual = [0, 0, 0, 0, 154, 0, 0, 0, 0, 0, 0, 0, 0, 0, 0, 0, 0, 0, 0, 0]
2025-10-16 13:15:14 INFO  c.e.s.f.s.a.e.ShiftUpdatedListener - 📤 Отправлен ShiftView в /topic/shift-updates: ShiftView[date=2025-10-16, actual=[0, 0, 0, 0, 154, 0, 0, 0, 0, 0, 0, 0, 0, 0, 0, 0, 0, 0, 0, 0], plan=[360, 480, 480, 480, 480, 480, 480, 480, 480, 480, 480, 480, 480, 480, 480, 480, 480, 480, 480, 360], hours=[08:00, 09:00, 10:00, 11:00, 12:30, 13:30, 14:30, 15:30, 16:30, 17:30, 18:30, 19:30, 20:30, 21:30, 22:30, 23:30, 00:30, 01:30, 02:30, 03:30]]
2025-10-16 13:15:14 INFO  c.e.s.f.s.i.JpaShiftAdapter - 🧪 Читаем shift из БД: 2025-10-16
2025-10-16 13:15:14 INFO  c.e.s.f.s.i.JpaShiftAdapter - ⏱ hourlyLabels = [08:00, 09:00, 10:00, 11:00, 12:30, 13:30, 14:30, 15:30, 16:30, 17:30, 18:30, 19:30, 20:30, 21:30, 22:30, 23:30, 00:30, 01:30, 02:30, 03:30]
2025-10-16 13:15:14 INFO  c.e.s.f.s.i.JpaShiftAdapter - 📊 hourlyActual = [0, 0, 0, 0, 154, 0, 0, 0, 0, 0, 0, 0, 0, 0, 0, 0, 0, 0, 0, 0]
2025-10-16 13:15:14 DEBUG c.e.s.f.s.i.ShiftSettingsApplier - ✅ Настройки не изменились, смена актуальна: 2025-10-16
2025-10-16 13:15:14 INFO  c.e.s.f.c.a.StoppageReconcilesService - Reconciled date=2025-10-16, hourIndex=4 -> saved 2 auto-stoppage(s)
2025-10-16 13:15:25 INFO  c.e.s.f.s.a.web.SignalController - 📡 Сигнал получен: сенсор = main, дата смены = 2025-10-15
2025-10-16 13:15:25 INFO  c.e.s.f.s.a.e.ProductDetectedListener - [EVENT] Product detected at 2025-10-16T13:15:25.001750600
2025-10-16 13:15:25 INFO  c.e.s.f.s.i.JpaShiftAdapter - 🧪 Читаем shift из БД: 2025-10-16
2025-10-16 13:15:25 INFO  c.e.s.f.s.i.JpaShiftAdapter - ⏱ hourlyLabels = [08:00, 09:00, 10:00, 11:00, 12:30, 13:30, 14:30, 15:30, 16:30, 17:30, 18:30, 19:30, 20:30, 21:30, 22:30, 23:30, 00:30, 01:30, 02:30, 03:30]
2025-10-16 13:15:25 INFO  c.e.s.f.s.i.JpaShiftAdapter - 📊 hourlyActual = [0, 0, 0, 0, 154, 0, 0, 0, 0, 0, 0, 0, 0, 0, 0, 0, 0, 0, 0, 0]
2025-10-16 13:15:25 DEBUG c.e.s.f.s.i.ShiftSettingsApplier - ✅ Настройки не изменились, смена актуальна: 2025-10-16
2025-10-16 13:15:25 INFO  c.e.s.f.s.i.ShiftSettingsApplier - 🔧 Обновлены часы смены: [08:00, 09:00, 10:00, 11:00, 12:30, 13:30, 14:30, 15:30, 16:30, 17:30, 18:30, 19:30, 20:30, 21:30, 22:30, 23:30, 00:30, 01:30, 02:30, 03:30]
2025-10-16 13:15:25 INFO  c.e.s.f.s.i.ShiftSettingsApplier - 📊 Применяем планы: [360, 480, 480, 480, 480, 480, 480, 480, 480, 480, 480, 480, 480, 480, 480, 480, 480, 480, 480, 360]
2025-10-16 13:15:25 INFO  c.e.s.f.s.i.JpaShiftAdapter - 📋 Сохраняем смену: date = 2025-10-16, labels = [08:00, 09:00, 10:00, 11:00, 12:30, 13:30, 14:30, 15:30, 16:30, 17:30, 18:30, 19:30, 20:30, 21:30, 22:30, 23:30, 00:30, 01:30, 02:30, 03:30], plan = [360, 480, 480, 480, 480, 480, 480, 480, 480, 480, 480, 480, 480, 480, 480, 480, 480, 480, 480, 360], actual = [0, 0, 0, 0, 155, 0, 0, 0, 0, 0, 0, 0, 0, 0, 0, 0, 0, 0, 0, 0]
2025-10-16 13:15:25 INFO  c.e.s.f.s.i.JpaShiftAdapter - 💾 Сохраняем actual: [0, 0, 0, 0, 155, 0, 0, 0, 0, 0, 0, 0, 0, 0, 0, 0, 0, 0, 0, 0]
2025-10-16 13:15:25 INFO  c.e.s.f.s.a.ShiftPlannerUseCase - 💾 Смена сохранена: 2025-10-16
2025-10-16 13:15:25 INFO  c.e.s.f.s.i.JpaShiftAdapter - 🧪 Читаем shift из БД: 2025-10-16
2025-10-16 13:15:25 INFO  c.e.s.f.s.i.JpaShiftAdapter - ⏱ hourlyLabels = [08:00, 09:00, 10:00, 11:00, 12:30, 13:30, 14:30, 15:30, 16:30, 17:30, 18:30, 19:30, 20:30, 21:30, 22:30, 23:30, 00:30, 01:30, 02:30, 03:30]
2025-10-16 13:15:25 INFO  c.e.s.f.s.i.JpaShiftAdapter - 📊 hourlyActual = [0, 0, 0, 0, 155, 0, 0, 0, 0, 0, 0, 0, 0, 0, 0, 0, 0, 0, 0, 0]
2025-10-16 13:15:25 INFO  c.e.s.f.s.a.e.ShiftUpdatedListener - 📤 Отправлен ShiftView в /topic/shift-updates: ShiftView[date=2025-10-16, actual=[0, 0, 0, 0, 155, 0, 0, 0, 0, 0, 0, 0, 0, 0, 0, 0, 0, 0, 0, 0], plan=[360, 480, 480, 480, 480, 480, 480, 480, 480, 480, 480, 480, 480, 480, 480, 480, 480, 480, 480, 360], hours=[08:00, 09:00, 10:00, 11:00, 12:30, 13:30, 14:30, 15:30, 16:30, 17:30, 18:30, 19:30, 20:30, 21:30, 22:30, 23:30, 00:30, 01:30, 02:30, 03:30]]
2025-10-16 13:15:25 INFO  c.e.s.f.s.i.JpaShiftAdapter - 🧪 Читаем shift из БД: 2025-10-16
2025-10-16 13:15:25 INFO  c.e.s.f.s.i.JpaShiftAdapter - ⏱ hourlyLabels = [08:00, 09:00, 10:00, 11:00, 12:30, 13:30, 14:30, 15:30, 16:30, 17:30, 18:30, 19:30, 20:30, 21:30, 22:30, 23:30, 00:30, 01:30, 02:30, 03:30]
2025-10-16 13:15:25 INFO  c.e.s.f.s.i.JpaShiftAdapter - 📊 hourlyActual = [0, 0, 0, 0, 155, 0, 0, 0, 0, 0, 0, 0, 0, 0, 0, 0, 0, 0, 0, 0]
2025-10-16 13:15:25 DEBUG c.e.s.f.s.i.ShiftSettingsApplier - ✅ Настройки не изменились, смена актуальна: 2025-10-16
2025-10-16 13:15:25 INFO  c.e.s.f.c.a.StoppageReconcilesService - Reconciled date=2025-10-16, hourIndex=4 -> saved 2 auto-stoppage(s)
2025-10-16 13:15:35 INFO  c.e.s.f.s.a.web.SignalController - 📡 Сигнал получен: сенсор = main, дата смены = 2025-10-15
2025-10-16 13:15:35 INFO  c.e.s.f.s.a.e.ProductDetectedListener - [EVENT] Product detected at 2025-10-16T13:15:35.202973700
2025-10-16 13:15:35 INFO  c.e.s.f.s.i.JpaShiftAdapter - 🧪 Читаем shift из БД: 2025-10-16
2025-10-16 13:15:35 INFO  c.e.s.f.s.i.JpaShiftAdapter - ⏱ hourlyLabels = [08:00, 09:00, 10:00, 11:00, 12:30, 13:30, 14:30, 15:30, 16:30, 17:30, 18:30, 19:30, 20:30, 21:30, 22:30, 23:30, 00:30, 01:30, 02:30, 03:30]
2025-10-16 13:15:35 INFO  c.e.s.f.s.i.JpaShiftAdapter - 📊 hourlyActual = [0, 0, 0, 0, 155, 0, 0, 0, 0, 0, 0, 0, 0, 0, 0, 0, 0, 0, 0, 0]
2025-10-16 13:15:35 DEBUG c.e.s.f.s.i.ShiftSettingsApplier - ✅ Настройки не изменились, смена актуальна: 2025-10-16
2025-10-16 13:15:35 INFO  c.e.s.f.s.i.ShiftSettingsApplier - 🔧 Обновлены часы смены: [08:00, 09:00, 10:00, 11:00, 12:30, 13:30, 14:30, 15:30, 16:30, 17:30, 18:30, 19:30, 20:30, 21:30, 22:30, 23:30, 00:30, 01:30, 02:30, 03:30]
2025-10-16 13:15:35 INFO  c.e.s.f.s.i.ShiftSettingsApplier - 📊 Применяем планы: [360, 480, 480, 480, 480, 480, 480, 480, 480, 480, 480, 480, 480, 480, 480, 480, 480, 480, 480, 360]
2025-10-16 13:15:35 INFO  c.e.s.f.s.i.JpaShiftAdapter - 📋 Сохраняем смену: date = 2025-10-16, labels = [08:00, 09:00, 10:00, 11:00, 12:30, 13:30, 14:30, 15:30, 16:30, 17:30, 18:30, 19:30, 20:30, 21:30, 22:30, 23:30, 00:30, 01:30, 02:30, 03:30], plan = [360, 480, 480, 480, 480, 480, 480, 480, 480, 480, 480, 480, 480, 480, 480, 480, 480, 480, 480, 360], actual = [0, 0, 0, 0, 156, 0, 0, 0, 0, 0, 0, 0, 0, 0, 0, 0, 0, 0, 0, 0]
2025-10-16 13:15:35 INFO  c.e.s.f.s.i.JpaShiftAdapter - 💾 Сохраняем actual: [0, 0, 0, 0, 156, 0, 0, 0, 0, 0, 0, 0, 0, 0, 0, 0, 0, 0, 0, 0]
2025-10-16 13:15:35 INFO  c.e.s.f.s.a.ShiftPlannerUseCase - 💾 Смена сохранена: 2025-10-16
2025-10-16 13:15:35 INFO  c.e.s.f.s.i.JpaShiftAdapter - 🧪 Читаем shift из БД: 2025-10-16
2025-10-16 13:15:35 INFO  c.e.s.f.s.i.JpaShiftAdapter - ⏱ hourlyLabels = [08:00, 09:00, 10:00, 11:00, 12:30, 13:30, 14:30, 15:30, 16:30, 17:30, 18:30, 19:30, 20:30, 21:30, 22:30, 23:30, 00:30, 01:30, 02:30, 03:30]
2025-10-16 13:15:35 INFO  c.e.s.f.s.i.JpaShiftAdapter - 📊 hourlyActual = [0, 0, 0, 0, 156, 0, 0, 0, 0, 0, 0, 0, 0, 0, 0, 0, 0, 0, 0, 0]
2025-10-16 13:15:35 INFO  c.e.s.f.s.a.e.ShiftUpdatedListener - 📤 Отправлен ShiftView в /topic/shift-updates: ShiftView[date=2025-10-16, actual=[0, 0, 0, 0, 156, 0, 0, 0, 0, 0, 0, 0, 0, 0, 0, 0, 0, 0, 0, 0], plan=[360, 480, 480, 480, 480, 480, 480, 480, 480, 480, 480, 480, 480, 480, 480, 480, 480, 480, 480, 360], hours=[08:00, 09:00, 10:00, 11:00, 12:30, 13:30, 14:30, 15:30, 16:30, 17:30, 18:30, 19:30, 20:30, 21:30, 22:30, 23:30, 00:30, 01:30, 02:30, 03:30]]
2025-10-16 13:15:35 INFO  c.e.s.f.s.i.JpaShiftAdapter - 🧪 Читаем shift из БД: 2025-10-16
2025-10-16 13:15:35 INFO  c.e.s.f.s.i.JpaShiftAdapter - ⏱ hourlyLabels = [08:00, 09:00, 10:00, 11:00, 12:30, 13:30, 14:30, 15:30, 16:30, 17:30, 18:30, 19:30, 20:30, 21:30, 22:30, 23:30, 00:30, 01:30, 02:30, 03:30]
2025-10-16 13:15:35 INFO  c.e.s.f.s.i.JpaShiftAdapter - 📊 hourlyActual = [0, 0, 0, 0, 156, 0, 0, 0, 0, 0, 0, 0, 0, 0, 0, 0, 0, 0, 0, 0]
2025-10-16 13:15:35 DEBUG c.e.s.f.s.i.ShiftSettingsApplier - ✅ Настройки не изменились, смена актуальна: 2025-10-16
2025-10-16 13:15:35 INFO  c.e.s.f.c.a.StoppageReconcilesService - Reconciled date=2025-10-16, hourIndex=4 -> saved 2 auto-stoppage(s)
2025-10-16 13:15:45 INFO  c.e.s.f.s.a.web.SignalController - 📡 Сигнал получен: сенсор = main, дата смены = 2025-10-15
2025-10-16 13:15:45 INFO  c.e.s.f.s.a.e.ProductDetectedListener - [EVENT] Product detected at 2025-10-16T13:15:45.479234600
2025-10-16 13:15:45 INFO  c.e.s.f.s.i.JpaShiftAdapter - 🧪 Читаем shift из БД: 2025-10-16
2025-10-16 13:15:45 INFO  c.e.s.f.s.i.JpaShiftAdapter - ⏱ hourlyLabels = [08:00, 09:00, 10:00, 11:00, 12:30, 13:30, 14:30, 15:30, 16:30, 17:30, 18:30, 19:30, 20:30, 21:30, 22:30, 23:30, 00:30, 01:30, 02:30, 03:30]
2025-10-16 13:15:45 INFO  c.e.s.f.s.i.JpaShiftAdapter - 📊 hourlyActual = [0, 0, 0, 0, 156, 0, 0, 0, 0, 0, 0, 0, 0, 0, 0, 0, 0, 0, 0, 0]
2025-10-16 13:15:45 DEBUG c.e.s.f.s.i.ShiftSettingsApplier - ✅ Настройки не изменились, смена актуальна: 2025-10-16
2025-10-16 13:15:45 INFO  c.e.s.f.s.i.ShiftSettingsApplier - 🔧 Обновлены часы смены: [08:00, 09:00, 10:00, 11:00, 12:30, 13:30, 14:30, 15:30, 16:30, 17:30, 18:30, 19:30, 20:30, 21:30, 22:30, 23:30, 00:30, 01:30, 02:30, 03:30]
2025-10-16 13:15:45 INFO  c.e.s.f.s.i.ShiftSettingsApplier - 📊 Применяем планы: [360, 480, 480, 480, 480, 480, 480, 480, 480, 480, 480, 480, 480, 480, 480, 480, 480, 480, 480, 360]
2025-10-16 13:15:45 INFO  c.e.s.f.s.i.JpaShiftAdapter - 📋 Сохраняем смену: date = 2025-10-16, labels = [08:00, 09:00, 10:00, 11:00, 12:30, 13:30, 14:30, 15:30, 16:30, 17:30, 18:30, 19:30, 20:30, 21:30, 22:30, 23:30, 00:30, 01:30, 02:30, 03:30], plan = [360, 480, 480, 480, 480, 480, 480, 480, 480, 480, 480, 480, 480, 480, 480, 480, 480, 480, 480, 360], actual = [0, 0, 0, 0, 157, 0, 0, 0, 0, 0, 0, 0, 0, 0, 0, 0, 0, 0, 0, 0]
2025-10-16 13:15:45 INFO  c.e.s.f.s.i.JpaShiftAdapter - 💾 Сохраняем actual: [0, 0, 0, 0, 157, 0, 0, 0, 0, 0, 0, 0, 0, 0, 0, 0, 0, 0, 0, 0]
2025-10-16 13:15:45 INFO  c.e.s.f.s.a.ShiftPlannerUseCase - 💾 Смена сохранена: 2025-10-16
2025-10-16 13:15:45 INFO  c.e.s.f.s.i.JpaShiftAdapter - 🧪 Читаем shift из БД: 2025-10-16
2025-10-16 13:15:45 INFO  c.e.s.f.s.i.JpaShiftAdapter - ⏱ hourlyLabels = [08:00, 09:00, 10:00, 11:00, 12:30, 13:30, 14:30, 15:30, 16:30, 17:30, 18:30, 19:30, 20:30, 21:30, 22:30, 23:30, 00:30, 01:30, 02:30, 03:30]
2025-10-16 13:15:45 INFO  c.e.s.f.s.i.JpaShiftAdapter - 📊 hourlyActual = [0, 0, 0, 0, 157, 0, 0, 0, 0, 0, 0, 0, 0, 0, 0, 0, 0, 0, 0, 0]
2025-10-16 13:15:45 INFO  c.e.s.f.s.a.e.ShiftUpdatedListener - 📤 Отправлен ShiftView в /topic/shift-updates: ShiftView[date=2025-10-16, actual=[0, 0, 0, 0, 157, 0, 0, 0, 0, 0, 0, 0, 0, 0, 0, 0, 0, 0, 0, 0], plan=[360, 480, 480, 480, 480, 480, 480, 480, 480, 480, 480, 480, 480, 480, 480, 480, 480, 480, 480, 360], hours=[08:00, 09:00, 10:00, 11:00, 12:30, 13:30, 14:30, 15:30, 16:30, 17:30, 18:30, 19:30, 20:30, 21:30, 22:30, 23:30, 00:30, 01:30, 02:30, 03:30]]
2025-10-16 13:15:45 INFO  c.e.s.f.s.i.JpaShiftAdapter - 🧪 Читаем shift из БД: 2025-10-16
2025-10-16 13:15:45 INFO  c.e.s.f.s.i.JpaShiftAdapter - ⏱ hourlyLabels = [08:00, 09:00, 10:00, 11:00, 12:30, 13:30, 14:30, 15:30, 16:30, 17:30, 18:30, 19:30, 20:30, 21:30, 22:30, 23:30, 00:30, 01:30, 02:30, 03:30]
2025-10-16 13:15:45 INFO  c.e.s.f.s.i.JpaShiftAdapter - 📊 hourlyActual = [0, 0, 0, 0, 157, 0, 0, 0, 0, 0, 0, 0, 0, 0, 0, 0, 0, 0, 0, 0]
2025-10-16 13:15:45 DEBUG c.e.s.f.s.i.ShiftSettingsApplier - ✅ Настройки не изменились, смена актуальна: 2025-10-16
2025-10-16 13:15:45 INFO  c.e.s.f.c.a.StoppageReconcilesService - Reconciled date=2025-10-16, hourIndex=4 -> saved 2 auto-stoppage(s)
2025-10-16 13:15:49 INFO  o.s.w.s.c.WebSocketMessageBrokerStats - WebSocketSession[0 current WS(0)-HttpStream(0)-HttpPoll(0), 8 total, 0 closed abnormally (0 connect failure, 0 send limit, 1 transport error)], stompSubProtocol[processed CONNECT(8)-CONNECTED(8)-DISCONNECT(0)], stompBrokerRelay[null], inboundChannel[pool size = 0, active threads = 0, queued tasks = 0, completed tasks = 96], outboundChannel[pool size = 0, active threads = 0, queued tasks = 0, completed tasks = 785], sockJsScheduler[pool size = 8, active threads = 1, queued tasks = 1, completed tasks = 19771]
2025-10-16 13:15:56 INFO  c.e.s.f.s.a.web.SignalController - 📡 Сигнал получен: сенсор = main, дата смены = 2025-10-15
2025-10-16 13:15:56 INFO  c.e.s.f.s.a.e.ProductDetectedListener - [EVENT] Product detected at 2025-10-16T13:15:56.162039600
2025-10-16 13:15:56 INFO  c.e.s.f.s.i.JpaShiftAdapter - 🧪 Читаем shift из БД: 2025-10-16
2025-10-16 13:15:56 INFO  c.e.s.f.s.i.JpaShiftAdapter - ⏱ hourlyLabels = [08:00, 09:00, 10:00, 11:00, 12:30, 13:30, 14:30, 15:30, 16:30, 17:30, 18:30, 19:30, 20:30, 21:30, 22:30, 23:30, 00:30, 01:30, 02:30, 03:30]
2025-10-16 13:15:56 INFO  c.e.s.f.s.i.JpaShiftAdapter - 📊 hourlyActual = [0, 0, 0, 0, 157, 0, 0, 0, 0, 0, 0, 0, 0, 0, 0, 0, 0, 0, 0, 0]
2025-10-16 13:15:56 DEBUG c.e.s.f.s.i.ShiftSettingsApplier - ✅ Настройки не изменились, смена актуальна: 2025-10-16
2025-10-16 13:15:56 INFO  c.e.s.f.s.i.ShiftSettingsApplier - 🔧 Обновлены часы смены: [08:00, 09:00, 10:00, 11:00, 12:30, 13:30, 14:30, 15:30, 16:30, 17:30, 18:30, 19:30, 20:30, 21:30, 22:30, 23:30, 00:30, 01:30, 02:30, 03:30]
2025-10-16 13:15:56 INFO  c.e.s.f.s.i.ShiftSettingsApplier - 📊 Применяем планы: [360, 480, 480, 480, 480, 480, 480, 480, 480, 480, 480, 480, 480, 480, 480, 480, 480, 480, 480, 360]
2025-10-16 13:15:56 INFO  c.e.s.f.s.i.JpaShiftAdapter - 📋 Сохраняем смену: date = 2025-10-16, labels = [08:00, 09:00, 10:00, 11:00, 12:30, 13:30, 14:30, 15:30, 16:30, 17:30, 18:30, 19:30, 20:30, 21:30, 22:30, 23:30, 00:30, 01:30, 02:30, 03:30], plan = [360, 480, 480, 480, 480, 480, 480, 480, 480, 480, 480, 480, 480, 480, 480, 480, 480, 480, 480, 360], actual = [0, 0, 0, 0, 158, 0, 0, 0, 0, 0, 0, 0, 0, 0, 0, 0, 0, 0, 0, 0]
2025-10-16 13:15:56 INFO  c.e.s.f.s.i.JpaShiftAdapter - 💾 Сохраняем actual: [0, 0, 0, 0, 158, 0, 0, 0, 0, 0, 0, 0, 0, 0, 0, 0, 0, 0, 0, 0]
2025-10-16 13:15:56 INFO  c.e.s.f.s.a.ShiftPlannerUseCase - 💾 Смена сохранена: 2025-10-16
2025-10-16 13:15:56 INFO  c.e.s.f.s.i.JpaShiftAdapter - 🧪 Читаем shift из БД: 2025-10-16
2025-10-16 13:15:56 INFO  c.e.s.f.s.i.JpaShiftAdapter - ⏱ hourlyLabels = [08:00, 09:00, 10:00, 11:00, 12:30, 13:30, 14:30, 15:30, 16:30, 17:30, 18:30, 19:30, 20:30, 21:30, 22:30, 23:30, 00:30, 01:30, 02:30, 03:30]
2025-10-16 13:15:56 INFO  c.e.s.f.s.i.JpaShiftAdapter - 📊 hourlyActual = [0, 0, 0, 0, 158, 0, 0, 0, 0, 0, 0, 0, 0, 0, 0, 0, 0, 0, 0, 0]
2025-10-16 13:15:56 INFO  c.e.s.f.s.a.e.ShiftUpdatedListener - 📤 Отправлен ShiftView в /topic/shift-updates: ShiftView[date=2025-10-16, actual=[0, 0, 0, 0, 158, 0, 0, 0, 0, 0, 0, 0, 0, 0, 0, 0, 0, 0, 0, 0], plan=[360, 480, 480, 480, 480, 480, 480, 480, 480, 480, 480, 480, 480, 480, 480, 480, 480, 480, 480, 360], hours=[08:00, 09:00, 10:00, 11:00, 12:30, 13:30, 14:30, 15:30, 16:30, 17:30, 18:30, 19:30, 20:30, 21:30, 22:30, 23:30, 00:30, 01:30, 02:30, 03:30]]
2025-10-16 13:15:56 INFO  c.e.s.f.s.i.JpaShiftAdapter - 🧪 Читаем shift из БД: 2025-10-16
2025-10-16 13:15:56 INFO  c.e.s.f.s.i.JpaShiftAdapter - ⏱ hourlyLabels = [08:00, 09:00, 10:00, 11:00, 12:30, 13:30, 14:30, 15:30, 16:30, 17:30, 18:30, 19:30, 20:30, 21:30, 22:30, 23:30, 00:30, 01:30, 02:30, 03:30]
2025-10-16 13:15:56 INFO  c.e.s.f.s.i.JpaShiftAdapter - 📊 hourlyActual = [0, 0, 0, 0, 158, 0, 0, 0, 0, 0, 0, 0, 0, 0, 0, 0, 0, 0, 0, 0]
2025-10-16 13:15:56 DEBUG c.e.s.f.s.i.ShiftSettingsApplier - ✅ Настройки не изменились, смена актуальна: 2025-10-16
2025-10-16 13:15:56 INFO  c.e.s.f.c.a.StoppageReconcilesService - Reconciled date=2025-10-16, hourIndex=4 -> saved 2 auto-stoppage(s)
2025-10-16 13:16:06 INFO  c.e.s.f.s.a.web.SignalController - 📡 Сигнал получен: сенсор = main, дата смены = 2025-10-15
2025-10-16 13:16:06 INFO  c.e.s.f.s.a.e.ProductDetectedListener - [EVENT] Product detected at 2025-10-16T13:16:06.396372300
2025-10-16 13:16:06 INFO  c.e.s.f.s.i.JpaShiftAdapter - 🧪 Читаем shift из БД: 2025-10-16
2025-10-16 13:16:06 INFO  c.e.s.f.s.i.JpaShiftAdapter - ⏱ hourlyLabels = [08:00, 09:00, 10:00, 11:00, 12:30, 13:30, 14:30, 15:30, 16:30, 17:30, 18:30, 19:30, 20:30, 21:30, 22:30, 23:30, 00:30, 01:30, 02:30, 03:30]
2025-10-16 13:16:06 INFO  c.e.s.f.s.i.JpaShiftAdapter - 📊 hourlyActual = [0, 0, 0, 0, 158, 0, 0, 0, 0, 0, 0, 0, 0, 0, 0, 0, 0, 0, 0, 0]
2025-10-16 13:16:06 DEBUG c.e.s.f.s.i.ShiftSettingsApplier - ✅ Настройки не изменились, смена актуальна: 2025-10-16
2025-10-16 13:16:06 INFO  c.e.s.f.s.i.ShiftSettingsApplier - 🔧 Обновлены часы смены: [08:00, 09:00, 10:00, 11:00, 12:30, 13:30, 14:30, 15:30, 16:30, 17:30, 18:30, 19:30, 20:30, 21:30, 22:30, 23:30, 00:30, 01:30, 02:30, 03:30]
2025-10-16 13:16:06 INFO  c.e.s.f.s.i.ShiftSettingsApplier - 📊 Применяем планы: [360, 480, 480, 480, 480, 480, 480, 480, 480, 480, 480, 480, 480, 480, 480, 480, 480, 480, 480, 360]
2025-10-16 13:16:06 INFO  c.e.s.f.s.i.JpaShiftAdapter - 📋 Сохраняем смену: date = 2025-10-16, labels = [08:00, 09:00, 10:00, 11:00, 12:30, 13:30, 14:30, 15:30, 16:30, 17:30, 18:30, 19:30, 20:30, 21:30, 22:30, 23:30, 00:30, 01:30, 02:30, 03:30], plan = [360, 480, 480, 480, 480, 480, 480, 480, 480, 480, 480, 480, 480, 480, 480, 480, 480, 480, 480, 360], actual = [0, 0, 0, 0, 159, 0, 0, 0, 0, 0, 0, 0, 0, 0, 0, 0, 0, 0, 0, 0]
2025-10-16 13:16:06 INFO  c.e.s.f.s.i.JpaShiftAdapter - 💾 Сохраняем actual: [0, 0, 0, 0, 159, 0, 0, 0, 0, 0, 0, 0, 0, 0, 0, 0, 0, 0, 0, 0]
2025-10-16 13:16:06 INFO  c.e.s.f.s.a.ShiftPlannerUseCase - 💾 Смена сохранена: 2025-10-16
2025-10-16 13:16:06 INFO  c.e.s.f.s.i.JpaShiftAdapter - 🧪 Читаем shift из БД: 2025-10-16
2025-10-16 13:16:06 INFO  c.e.s.f.s.i.JpaShiftAdapter - ⏱ hourlyLabels = [08:00, 09:00, 10:00, 11:00, 12:30, 13:30, 14:30, 15:30, 16:30, 17:30, 18:30, 19:30, 20:30, 21:30, 22:30, 23:30, 00:30, 01:30, 02:30, 03:30]
2025-10-16 13:16:06 INFO  c.e.s.f.s.i.JpaShiftAdapter - 📊 hourlyActual = [0, 0, 0, 0, 159, 0, 0, 0, 0, 0, 0, 0, 0, 0, 0, 0, 0, 0, 0, 0]
2025-10-16 13:16:06 INFO  c.e.s.f.s.a.e.ShiftUpdatedListener - 📤 Отправлен ShiftView в /topic/shift-updates: ShiftView[date=2025-10-16, actual=[0, 0, 0, 0, 159, 0, 0, 0, 0, 0, 0, 0, 0, 0, 0, 0, 0, 0, 0, 0], plan=[360, 480, 480, 480, 480, 480, 480, 480, 480, 480, 480, 480, 480, 480, 480, 480, 480, 480, 480, 360], hours=[08:00, 09:00, 10:00, 11:00, 12:30, 13:30, 14:30, 15:30, 16:30, 17:30, 18:30, 19:30, 20:30, 21:30, 22:30, 23:30, 00:30, 01:30, 02:30, 03:30]]
2025-10-16 13:16:06 INFO  c.e.s.f.s.i.JpaShiftAdapter - 🧪 Читаем shift из БД: 2025-10-16
2025-10-16 13:16:06 INFO  c.e.s.f.s.i.JpaShiftAdapter - ⏱ hourlyLabels = [08:00, 09:00, 10:00, 11:00, 12:30, 13:30, 14:30, 15:30, 16:30, 17:30, 18:30, 19:30, 20:30, 21:30, 22:30, 23:30, 00:30, 01:30, 02:30, 03:30]
2025-10-16 13:16:06 INFO  c.e.s.f.s.i.JpaShiftAdapter - 📊 hourlyActual = [0, 0, 0, 0, 159, 0, 0, 0, 0, 0, 0, 0, 0, 0, 0, 0, 0, 0, 0, 0]
2025-10-16 13:16:06 DEBUG c.e.s.f.s.i.ShiftSettingsApplier - ✅ Настройки не изменились, смена актуальна: 2025-10-16
2025-10-16 13:16:06 INFO  c.e.s.f.c.a.StoppageReconcilesService - Reconciled date=2025-10-16, hourIndex=4 -> saved 2 auto-stoppage(s)
2025-10-16 13:16:16 INFO  c.e.s.f.s.a.web.SignalController - 📡 Сигнал получен: сенсор = main, дата смены = 2025-10-15
2025-10-16 13:16:16 INFO  c.e.s.f.s.a.e.ProductDetectedListener - [EVENT] Product detected at 2025-10-16T13:16:16.912912900
2025-10-16 13:16:16 INFO  c.e.s.f.s.i.JpaShiftAdapter - 🧪 Читаем shift из БД: 2025-10-16
2025-10-16 13:16:16 INFO  c.e.s.f.s.i.JpaShiftAdapter - ⏱ hourlyLabels = [08:00, 09:00, 10:00, 11:00, 12:30, 13:30, 14:30, 15:30, 16:30, 17:30, 18:30, 19:30, 20:30, 21:30, 22:30, 23:30, 00:30, 01:30, 02:30, 03:30]
2025-10-16 13:16:16 INFO  c.e.s.f.s.i.JpaShiftAdapter - 📊 hourlyActual = [0, 0, 0, 0, 159, 0, 0, 0, 0, 0, 0, 0, 0, 0, 0, 0, 0, 0, 0, 0]
2025-10-16 13:16:16 DEBUG c.e.s.f.s.i.ShiftSettingsApplier - ✅ Настройки не изменились, смена актуальна: 2025-10-16
2025-10-16 13:16:16 INFO  c.e.s.f.s.i.ShiftSettingsApplier - 🔧 Обновлены часы смены: [08:00, 09:00, 10:00, 11:00, 12:30, 13:30, 14:30, 15:30, 16:30, 17:30, 18:30, 19:30, 20:30, 21:30, 22:30, 23:30, 00:30, 01:30, 02:30, 03:30]
2025-10-16 13:16:16 INFO  c.e.s.f.s.i.ShiftSettingsApplier - 📊 Применяем планы: [360, 480, 480, 480, 480, 480, 480, 480, 480, 480, 480, 480, 480, 480, 480, 480, 480, 480, 480, 360]
2025-10-16 13:16:16 INFO  c.e.s.f.s.i.JpaShiftAdapter - 📋 Сохраняем смену: date = 2025-10-16, labels = [08:00, 09:00, 10:00, 11:00, 12:30, 13:30, 14:30, 15:30, 16:30, 17:30, 18:30, 19:30, 20:30, 21:30, 22:30, 23:30, 00:30, 01:30, 02:30, 03:30], plan = [360, 480, 480, 480, 480, 480, 480, 480, 480, 480, 480, 480, 480, 480, 480, 480, 480, 480, 480, 360], actual = [0, 0, 0, 0, 160, 0, 0, 0, 0, 0, 0, 0, 0, 0, 0, 0, 0, 0, 0, 0]
2025-10-16 13:16:16 INFO  c.e.s.f.s.i.JpaShiftAdapter - 💾 Сохраняем actual: [0, 0, 0, 0, 160, 0, 0, 0, 0, 0, 0, 0, 0, 0, 0, 0, 0, 0, 0, 0]
2025-10-16 13:16:17 INFO  c.e.s.f.s.a.ShiftPlannerUseCase - 💾 Смена сохранена: 2025-10-16
2025-10-16 13:16:17 INFO  c.e.s.f.s.i.JpaShiftAdapter - 🧪 Читаем shift из БД: 2025-10-16
2025-10-16 13:16:17 INFO  c.e.s.f.s.i.JpaShiftAdapter - ⏱ hourlyLabels = [08:00, 09:00, 10:00, 11:00, 12:30, 13:30, 14:30, 15:30, 16:30, 17:30, 18:30, 19:30, 20:30, 21:30, 22:30, 23:30, 00:30, 01:30, 02:30, 03:30]
2025-10-16 13:16:17 INFO  c.e.s.f.s.i.JpaShiftAdapter - 📊 hourlyActual = [0, 0, 0, 0, 160, 0, 0, 0, 0, 0, 0, 0, 0, 0, 0, 0, 0, 0, 0, 0]
2025-10-16 13:16:17 INFO  c.e.s.f.s.a.e.ShiftUpdatedListener - 📤 Отправлен ShiftView в /topic/shift-updates: ShiftView[date=2025-10-16, actual=[0, 0, 0, 0, 160, 0, 0, 0, 0, 0, 0, 0, 0, 0, 0, 0, 0, 0, 0, 0], plan=[360, 480, 480, 480, 480, 480, 480, 480, 480, 480, 480, 480, 480, 480, 480, 480, 480, 480, 480, 360], hours=[08:00, 09:00, 10:00, 11:00, 12:30, 13:30, 14:30, 15:30, 16:30, 17:30, 18:30, 19:30, 20:30, 21:30, 22:30, 23:30, 00:30, 01:30, 02:30, 03:30]]
2025-10-16 13:16:17 INFO  c.e.s.f.s.i.JpaShiftAdapter - 🧪 Читаем shift из БД: 2025-10-16
2025-10-16 13:16:17 INFO  c.e.s.f.s.i.JpaShiftAdapter - ⏱ hourlyLabels = [08:00, 09:00, 10:00, 11:00, 12:30, 13:30, 14:30, 15:30, 16:30, 17:30, 18:30, 19:30, 20:30, 21:30, 22:30, 23:30, 00:30, 01:30, 02:30, 03:30]
2025-10-16 13:16:17 INFO  c.e.s.f.s.i.JpaShiftAdapter - 📊 hourlyActual = [0, 0, 0, 0, 160, 0, 0, 0, 0, 0, 0, 0, 0, 0, 0, 0, 0, 0, 0, 0]
2025-10-16 13:16:17 DEBUG c.e.s.f.s.i.ShiftSettingsApplier - ✅ Настройки не изменились, смена актуальна: 2025-10-16
2025-10-16 13:16:17 INFO  c.e.s.f.c.a.StoppageReconcilesService - Reconciled date=2025-10-16, hourIndex=4 -> saved 2 auto-stoppage(s)
2025-10-16 13:16:27 INFO  c.e.s.f.s.a.web.SignalController - 📡 Сигнал получен: сенсор = main, дата смены = 2025-10-15
2025-10-16 13:16:27 INFO  c.e.s.f.s.a.e.ProductDetectedListener - [EVENT] Product detected at 2025-10-16T13:16:27.108170300
2025-10-16 13:16:27 INFO  c.e.s.f.s.i.JpaShiftAdapter - 🧪 Читаем shift из БД: 2025-10-16
2025-10-16 13:16:27 INFO  c.e.s.f.s.i.JpaShiftAdapter - ⏱ hourlyLabels = [08:00, 09:00, 10:00, 11:00, 12:30, 13:30, 14:30, 15:30, 16:30, 17:30, 18:30, 19:30, 20:30, 21:30, 22:30, 23:30, 00:30, 01:30, 02:30, 03:30]
2025-10-16 13:16:27 INFO  c.e.s.f.s.i.JpaShiftAdapter - 📊 hourlyActual = [0, 0, 0, 0, 160, 0, 0, 0, 0, 0, 0, 0, 0, 0, 0, 0, 0, 0, 0, 0]
2025-10-16 13:16:27 DEBUG c.e.s.f.s.i.ShiftSettingsApplier - ✅ Настройки не изменились, смена актуальна: 2025-10-16
2025-10-16 13:16:27 INFO  c.e.s.f.s.i.ShiftSettingsApplier - 🔧 Обновлены часы смены: [08:00, 09:00, 10:00, 11:00, 12:30, 13:30, 14:30, 15:30, 16:30, 17:30, 18:30, 19:30, 20:30, 21:30, 22:30, 23:30, 00:30, 01:30, 02:30, 03:30]
2025-10-16 13:16:27 INFO  c.e.s.f.s.i.ShiftSettingsApplier - 📊 Применяем планы: [360, 480, 480, 480, 480, 480, 480, 480, 480, 480, 480, 480, 480, 480, 480, 480, 480, 480, 480, 360]
2025-10-16 13:16:27 INFO  c.e.s.f.s.i.JpaShiftAdapter - 📋 Сохраняем смену: date = 2025-10-16, labels = [08:00, 09:00, 10:00, 11:00, 12:30, 13:30, 14:30, 15:30, 16:30, 17:30, 18:30, 19:30, 20:30, 21:30, 22:30, 23:30, 00:30, 01:30, 02:30, 03:30], plan = [360, 480, 480, 480, 480, 480, 480, 480, 480, 480, 480, 480, 480, 480, 480, 480, 480, 480, 480, 360], actual = [0, 0, 0, 0, 161, 0, 0, 0, 0, 0, 0, 0, 0, 0, 0, 0, 0, 0, 0, 0]
2025-10-16 13:16:27 INFO  c.e.s.f.s.i.JpaShiftAdapter - 💾 Сохраняем actual: [0, 0, 0, 0, 161, 0, 0, 0, 0, 0, 0, 0, 0, 0, 0, 0, 0, 0, 0, 0]
2025-10-16 13:16:27 INFO  c.e.s.f.s.a.ShiftPlannerUseCase - 💾 Смена сохранена: 2025-10-16
2025-10-16 13:16:27 INFO  c.e.s.f.s.i.JpaShiftAdapter - 🧪 Читаем shift из БД: 2025-10-16
2025-10-16 13:16:27 INFO  c.e.s.f.s.i.JpaShiftAdapter - ⏱ hourlyLabels = [08:00, 09:00, 10:00, 11:00, 12:30, 13:30, 14:30, 15:30, 16:30, 17:30, 18:30, 19:30, 20:30, 21:30, 22:30, 23:30, 00:30, 01:30, 02:30, 03:30]
2025-10-16 13:16:27 INFO  c.e.s.f.s.i.JpaShiftAdapter - 📊 hourlyActual = [0, 0, 0, 0, 161, 0, 0, 0, 0, 0, 0, 0, 0, 0, 0, 0, 0, 0, 0, 0]
2025-10-16 13:16:27 INFO  c.e.s.f.s.a.e.ShiftUpdatedListener - 📤 Отправлен ShiftView в /topic/shift-updates: ShiftView[date=2025-10-16, actual=[0, 0, 0, 0, 161, 0, 0, 0, 0, 0, 0, 0, 0, 0, 0, 0, 0, 0, 0, 0], plan=[360, 480, 480, 480, 480, 480, 480, 480, 480, 480, 480, 480, 480, 480, 480, 480, 480, 480, 480, 360], hours=[08:00, 09:00, 10:00, 11:00, 12:30, 13:30, 14:30, 15:30, 16:30, 17:30, 18:30, 19:30, 20:30, 21:30, 22:30, 23:30, 00:30, 01:30, 02:30, 03:30]]
2025-10-16 13:16:27 INFO  c.e.s.f.s.i.JpaShiftAdapter - 🧪 Читаем shift из БД: 2025-10-16
2025-10-16 13:16:27 INFO  c.e.s.f.s.i.JpaShiftAdapter - ⏱ hourlyLabels = [08:00, 09:00, 10:00, 11:00, 12:30, 13:30, 14:30, 15:30, 16:30, 17:30, 18:30, 19:30, 20:30, 21:30, 22:30, 23:30, 00:30, 01:30, 02:30, 03:30]
2025-10-16 13:16:27 INFO  c.e.s.f.s.i.JpaShiftAdapter - 📊 hourlyActual = [0, 0, 0, 0, 161, 0, 0, 0, 0, 0, 0, 0, 0, 0, 0, 0, 0, 0, 0, 0]
2025-10-16 13:16:27 DEBUG c.e.s.f.s.i.ShiftSettingsApplier - ✅ Настройки не изменились, смена актуальна: 2025-10-16
2025-10-16 13:16:27 INFO  c.e.s.f.c.a.StoppageReconcilesService - Reconciled date=2025-10-16, hourIndex=4 -> saved 2 auto-stoppage(s)
2025-10-16 13:16:37 INFO  c.e.s.f.s.a.web.SignalController - 📡 Сигнал получен: сенсор = main, дата смены = 2025-10-15
2025-10-16 13:16:37 INFO  c.e.s.f.s.a.e.ProductDetectedListener - [EVENT] Product detected at 2025-10-16T13:16:37.477763800
2025-10-16 13:16:37 INFO  c.e.s.f.s.i.JpaShiftAdapter - 🧪 Читаем shift из БД: 2025-10-16
2025-10-16 13:16:37 INFO  c.e.s.f.s.i.JpaShiftAdapter - ⏱ hourlyLabels = [08:00, 09:00, 10:00, 11:00, 12:30, 13:30, 14:30, 15:30, 16:30, 17:30, 18:30, 19:30, 20:30, 21:30, 22:30, 23:30, 00:30, 01:30, 02:30, 03:30]
2025-10-16 13:16:37 INFO  c.e.s.f.s.i.JpaShiftAdapter - 📊 hourlyActual = [0, 0, 0, 0, 161, 0, 0, 0, 0, 0, 0, 0, 0, 0, 0, 0, 0, 0, 0, 0]
2025-10-16 13:16:37 DEBUG c.e.s.f.s.i.ShiftSettingsApplier - ✅ Настройки не изменились, смена актуальна: 2025-10-16
2025-10-16 13:16:37 INFO  c.e.s.f.s.i.ShiftSettingsApplier - 🔧 Обновлены часы смены: [08:00, 09:00, 10:00, 11:00, 12:30, 13:30, 14:30, 15:30, 16:30, 17:30, 18:30, 19:30, 20:30, 21:30, 22:30, 23:30, 00:30, 01:30, 02:30, 03:30]
2025-10-16 13:16:37 INFO  c.e.s.f.s.i.ShiftSettingsApplier - 📊 Применяем планы: [360, 480, 480, 480, 480, 480, 480, 480, 480, 480, 480, 480, 480, 480, 480, 480, 480, 480, 480, 360]
2025-10-16 13:16:37 INFO  c.e.s.f.s.i.JpaShiftAdapter - 📋 Сохраняем смену: date = 2025-10-16, labels = [08:00, 09:00, 10:00, 11:00, 12:30, 13:30, 14:30, 15:30, 16:30, 17:30, 18:30, 19:30, 20:30, 21:30, 22:30, 23:30, 00:30, 01:30, 02:30, 03:30], plan = [360, 480, 480, 480, 480, 480, 480, 480, 480, 480, 480, 480, 480, 480, 480, 480, 480, 480, 480, 360], actual = [0, 0, 0, 0, 162, 0, 0, 0, 0, 0, 0, 0, 0, 0, 0, 0, 0, 0, 0, 0]
2025-10-16 13:16:37 INFO  c.e.s.f.s.i.JpaShiftAdapter - 💾 Сохраняем actual: [0, 0, 0, 0, 162, 0, 0, 0, 0, 0, 0, 0, 0, 0, 0, 0, 0, 0, 0, 0]
2025-10-16 13:16:37 INFO  c.e.s.f.s.a.ShiftPlannerUseCase - 💾 Смена сохранена: 2025-10-16
2025-10-16 13:16:37 INFO  c.e.s.f.s.i.JpaShiftAdapter - 🧪 Читаем shift из БД: 2025-10-16
2025-10-16 13:16:37 INFO  c.e.s.f.s.i.JpaShiftAdapter - ⏱ hourlyLabels = [08:00, 09:00, 10:00, 11:00, 12:30, 13:30, 14:30, 15:30, 16:30, 17:30, 18:30, 19:30, 20:30, 21:30, 22:30, 23:30, 00:30, 01:30, 02:30, 03:30]
2025-10-16 13:16:37 INFO  c.e.s.f.s.i.JpaShiftAdapter - 📊 hourlyActual = [0, 0, 0, 0, 162, 0, 0, 0, 0, 0, 0, 0, 0, 0, 0, 0, 0, 0, 0, 0]
2025-10-16 13:16:37 INFO  c.e.s.f.s.a.e.ShiftUpdatedListener - 📤 Отправлен ShiftView в /topic/shift-updates: ShiftView[date=2025-10-16, actual=[0, 0, 0, 0, 162, 0, 0, 0, 0, 0, 0, 0, 0, 0, 0, 0, 0, 0, 0, 0], plan=[360, 480, 480, 480, 480, 480, 480, 480, 480, 480, 480, 480, 480, 480, 480, 480, 480, 480, 480, 360], hours=[08:00, 09:00, 10:00, 11:00, 12:30, 13:30, 14:30, 15:30, 16:30, 17:30, 18:30, 19:30, 20:30, 21:30, 22:30, 23:30, 00:30, 01:30, 02:30, 03:30]]
2025-10-16 13:16:37 INFO  c.e.s.f.s.i.JpaShiftAdapter - 🧪 Читаем shift из БД: 2025-10-16
2025-10-16 13:16:37 INFO  c.e.s.f.s.i.JpaShiftAdapter - ⏱ hourlyLabels = [08:00, 09:00, 10:00, 11:00, 12:30, 13:30, 14:30, 15:30, 16:30, 17:30, 18:30, 19:30, 20:30, 21:30, 22:30, 23:30, 00:30, 01:30, 02:30, 03:30]
2025-10-16 13:16:37 INFO  c.e.s.f.s.i.JpaShiftAdapter - 📊 hourlyActual = [0, 0, 0, 0, 162, 0, 0, 0, 0, 0, 0, 0, 0, 0, 0, 0, 0, 0, 0, 0]
2025-10-16 13:16:37 DEBUG c.e.s.f.s.i.ShiftSettingsApplier - ✅ Настройки не изменились, смена актуальна: 2025-10-16
2025-10-16 13:16:37 INFO  c.e.s.f.c.a.StoppageReconcilesService - Reconciled date=2025-10-16, hourIndex=4 -> saved 2 auto-stoppage(s)
2025-10-16 13:16:47 INFO  c.e.s.f.s.a.web.SignalController - 📡 Сигнал получен: сенсор = main, дата смены = 2025-10-15
2025-10-16 13:16:48 INFO  c.e.s.f.s.a.e.ProductDetectedListener - [EVENT] Product detected at 2025-10-16T13:16:47.777794200
2025-10-16 13:16:48 INFO  c.e.s.f.s.i.JpaShiftAdapter - 🧪 Читаем shift из БД: 2025-10-16
2025-10-16 13:16:48 INFO  c.e.s.f.s.i.JpaShiftAdapter - ⏱ hourlyLabels = [08:00, 09:00, 10:00, 11:00, 12:30, 13:30, 14:30, 15:30, 16:30, 17:30, 18:30, 19:30, 20:30, 21:30, 22:30, 23:30, 00:30, 01:30, 02:30, 03:30]
2025-10-16 13:16:48 INFO  c.e.s.f.s.i.JpaShiftAdapter - 📊 hourlyActual = [0, 0, 0, 0, 162, 0, 0, 0, 0, 0, 0, 0, 0, 0, 0, 0, 0, 0, 0, 0]
2025-10-16 13:16:48 DEBUG c.e.s.f.s.i.ShiftSettingsApplier - ✅ Настройки не изменились, смена актуальна: 2025-10-16
2025-10-16 13:16:48 INFO  c.e.s.f.s.i.ShiftSettingsApplier - 🔧 Обновлены часы смены: [08:00, 09:00, 10:00, 11:00, 12:30, 13:30, 14:30, 15:30, 16:30, 17:30, 18:30, 19:30, 20:30, 21:30, 22:30, 23:30, 00:30, 01:30, 02:30, 03:30]
2025-10-16 13:16:48 INFO  c.e.s.f.s.i.ShiftSettingsApplier - 📊 Применяем планы: [360, 480, 480, 480, 480, 480, 480, 480, 480, 480, 480, 480, 480, 480, 480, 480, 480, 480, 480, 360]
2025-10-16 13:16:48 INFO  c.e.s.f.s.i.JpaShiftAdapter - 📋 Сохраняем смену: date = 2025-10-16, labels = [08:00, 09:00, 10:00, 11:00, 12:30, 13:30, 14:30, 15:30, 16:30, 17:30, 18:30, 19:30, 20:30, 21:30, 22:30, 23:30, 00:30, 01:30, 02:30, 03:30], plan = [360, 480, 480, 480, 480, 480, 480, 480, 480, 480, 480, 480, 480, 480, 480, 480, 480, 480, 480, 360], actual = [0, 0, 0, 0, 163, 0, 0, 0, 0, 0, 0, 0, 0, 0, 0, 0, 0, 0, 0, 0]
2025-10-16 13:16:48 INFO  c.e.s.f.s.i.JpaShiftAdapter - 💾 Сохраняем actual: [0, 0, 0, 0, 163, 0, 0, 0, 0, 0, 0, 0, 0, 0, 0, 0, 0, 0, 0, 0]
2025-10-16 13:16:48 INFO  c.e.s.f.s.a.ShiftPlannerUseCase - 💾 Смена сохранена: 2025-10-16
2025-10-16 13:16:48 INFO  c.e.s.f.s.i.JpaShiftAdapter - 🧪 Читаем shift из БД: 2025-10-16
2025-10-16 13:16:48 INFO  c.e.s.f.s.i.JpaShiftAdapter - ⏱ hourlyLabels = [08:00, 09:00, 10:00, 11:00, 12:30, 13:30, 14:30, 15:30, 16:30, 17:30, 18:30, 19:30, 20:30, 21:30, 22:30, 23:30, 00:30, 01:30, 02:30, 03:30]
2025-10-16 13:16:48 INFO  c.e.s.f.s.i.JpaShiftAdapter - 📊 hourlyActual = [0, 0, 0, 0, 163, 0, 0, 0, 0, 0, 0, 0, 0, 0, 0, 0, 0, 0, 0, 0]
2025-10-16 13:16:48 INFO  c.e.s.f.s.a.e.ShiftUpdatedListener - 📤 Отправлен ShiftView в /topic/shift-updates: ShiftView[date=2025-10-16, actual=[0, 0, 0, 0, 163, 0, 0, 0, 0, 0, 0, 0, 0, 0, 0, 0, 0, 0, 0, 0], plan=[360, 480, 480, 480, 480, 480, 480, 480, 480, 480, 480, 480, 480, 480, 480, 480, 480, 480, 480, 360], hours=[08:00, 09:00, 10:00, 11:00, 12:30, 13:30, 14:30, 15:30, 16:30, 17:30, 18:30, 19:30, 20:30, 21:30, 22:30, 23:30, 00:30, 01:30, 02:30, 03:30]]
2025-10-16 13:16:48 INFO  c.e.s.f.s.i.JpaShiftAdapter - 🧪 Читаем shift из БД: 2025-10-16
2025-10-16 13:16:48 INFO  c.e.s.f.s.i.JpaShiftAdapter - ⏱ hourlyLabels = [08:00, 09:00, 10:00, 11:00, 12:30, 13:30, 14:30, 15:30, 16:30, 17:30, 18:30, 19:30, 20:30, 21:30, 22:30, 23:30, 00:30, 01:30, 02:30, 03:30]
2025-10-16 13:16:48 INFO  c.e.s.f.s.i.JpaShiftAdapter - 📊 hourlyActual = [0, 0, 0, 0, 163, 0, 0, 0, 0, 0, 0, 0, 0, 0, 0, 0, 0, 0, 0, 0]
2025-10-16 13:16:49 DEBUG c.e.s.f.s.i.ShiftSettingsApplier - ✅ Настройки не изменились, смена актуальна: 2025-10-16
2025-10-16 13:16:51 INFO  c.e.s.f.c.a.StoppageReconcilesService - Reconciled date=2025-10-16, hourIndex=4 -> saved 2 auto-stoppage(s)
2025-10-16 13:17:02 INFO  c.e.s.f.s.a.web.SignalController - 📡 Сигнал получен: сенсор = main, дата смены = 2025-10-15
2025-10-16 13:17:02 INFO  c.e.s.f.s.a.e.ProductDetectedListener - [EVENT] Product detected at 2025-10-16T13:17:02.208681200
2025-10-16 13:17:02 INFO  c.e.s.f.s.i.JpaShiftAdapter - 🧪 Читаем shift из БД: 2025-10-16
2025-10-16 13:17:02 INFO  c.e.s.f.s.i.JpaShiftAdapter - ⏱ hourlyLabels = [08:00, 09:00, 10:00, 11:00, 12:30, 13:30, 14:30, 15:30, 16:30, 17:30, 18:30, 19:30, 20:30, 21:30, 22:30, 23:30, 00:30, 01:30, 02:30, 03:30]
2025-10-16 13:17:02 INFO  c.e.s.f.s.i.JpaShiftAdapter - 📊 hourlyActual = [0, 0, 0, 0, 163, 0, 0, 0, 0, 0, 0, 0, 0, 0, 0, 0, 0, 0, 0, 0]
2025-10-16 13:17:02 DEBUG c.e.s.f.s.i.ShiftSettingsApplier - ✅ Настройки не изменились, смена актуальна: 2025-10-16
2025-10-16 13:17:02 INFO  c.e.s.f.s.i.ShiftSettingsApplier - 🔧 Обновлены часы смены: [08:00, 09:00, 10:00, 11:00, 12:30, 13:30, 14:30, 15:30, 16:30, 17:30, 18:30, 19:30, 20:30, 21:30, 22:30, 23:30, 00:30, 01:30, 02:30, 03:30]
2025-10-16 13:17:02 INFO  c.e.s.f.s.i.ShiftSettingsApplier - 📊 Применяем планы: [360, 480, 480, 480, 480, 480, 480, 480, 480, 480, 480, 480, 480, 480, 480, 480, 480, 480, 480, 360]
2025-10-16 13:17:02 INFO  c.e.s.f.s.i.JpaShiftAdapter - 📋 Сохраняем смену: date = 2025-10-16, labels = [08:00, 09:00, 10:00, 11:00, 12:30, 13:30, 14:30, 15:30, 16:30, 17:30, 18:30, 19:30, 20:30, 21:30, 22:30, 23:30, 00:30, 01:30, 02:30, 03:30], plan = [360, 480, 480, 480, 480, 480, 480, 480, 480, 480, 480, 480, 480, 480, 480, 480, 480, 480, 480, 360], actual = [0, 0, 0, 0, 164, 0, 0, 0, 0, 0, 0, 0, 0, 0, 0, 0, 0, 0, 0, 0]
2025-10-16 13:17:02 INFO  c.e.s.f.s.i.JpaShiftAdapter - 💾 Сохраняем actual: [0, 0, 0, 0, 164, 0, 0, 0, 0, 0, 0, 0, 0, 0, 0, 0, 0, 0, 0, 0]
2025-10-16 13:17:02 INFO  c.e.s.f.s.a.ShiftPlannerUseCase - 💾 Смена сохранена: 2025-10-16
2025-10-16 13:17:02 INFO  c.e.s.f.s.i.JpaShiftAdapter - 🧪 Читаем shift из БД: 2025-10-16
2025-10-16 13:17:02 INFO  c.e.s.f.s.i.JpaShiftAdapter - ⏱ hourlyLabels = [08:00, 09:00, 10:00, 11:00, 12:30, 13:30, 14:30, 15:30, 16:30, 17:30, 18:30, 19:30, 20:30, 21:30, 22:30, 23:30, 00:30, 01:30, 02:30, 03:30]
2025-10-16 13:17:02 INFO  c.e.s.f.s.i.JpaShiftAdapter - 📊 hourlyActual = [0, 0, 0, 0, 164, 0, 0, 0, 0, 0, 0, 0, 0, 0, 0, 0, 0, 0, 0, 0]
2025-10-16 13:17:02 INFO  c.e.s.f.s.a.e.ShiftUpdatedListener - 📤 Отправлен ShiftView в /topic/shift-updates: ShiftView[date=2025-10-16, actual=[0, 0, 0, 0, 164, 0, 0, 0, 0, 0, 0, 0, 0, 0, 0, 0, 0, 0, 0, 0], plan=[360, 480, 480, 480, 480, 480, 480, 480, 480, 480, 480, 480, 480, 480, 480, 480, 480, 480, 480, 360], hours=[08:00, 09:00, 10:00, 11:00, 12:30, 13:30, 14:30, 15:30, 16:30, 17:30, 18:30, 19:30, 20:30, 21:30, 22:30, 23:30, 00:30, 01:30, 02:30, 03:30]]
2025-10-16 13:17:02 INFO  c.e.s.f.s.i.JpaShiftAdapter - 🧪 Читаем shift из БД: 2025-10-16
2025-10-16 13:17:02 INFO  c.e.s.f.s.i.JpaShiftAdapter - ⏱ hourlyLabels = [08:00, 09:00, 10:00, 11:00, 12:30, 13:30, 14:30, 15:30, 16:30, 17:30, 18:30, 19:30, 20:30, 21:30, 22:30, 23:30, 00:30, 01:30, 02:30, 03:30]
2025-10-16 13:17:02 INFO  c.e.s.f.s.i.JpaShiftAdapter - 📊 hourlyActual = [0, 0, 0, 0, 164, 0, 0, 0, 0, 0, 0, 0, 0, 0, 0, 0, 0, 0, 0, 0]
2025-10-16 13:17:02 DEBUG c.e.s.f.s.i.ShiftSettingsApplier - ✅ Настройки не изменились, смена актуальна: 2025-10-16
2025-10-16 13:17:02 INFO  c.e.s.f.c.a.StoppageReconcilesService - Reconciled date=2025-10-16, hourIndex=4 -> saved 2 auto-stoppage(s)
2025-10-16 13:17:12 INFO  c.e.s.f.s.a.web.SignalController - 📡 Сигнал получен: сенсор = main, дата смены = 2025-10-15
2025-10-16 13:17:13 INFO  c.e.s.f.s.a.e.ProductDetectedListener - [EVENT] Product detected at 2025-10-16T13:17:12.994098400
2025-10-16 13:17:13 INFO  c.e.s.f.s.i.JpaShiftAdapter - 🧪 Читаем shift из БД: 2025-10-16
2025-10-16 13:17:13 INFO  c.e.s.f.s.i.JpaShiftAdapter - ⏱ hourlyLabels = [08:00, 09:00, 10:00, 11:00, 12:30, 13:30, 14:30, 15:30, 16:30, 17:30, 18:30, 19:30, 20:30, 21:30, 22:30, 23:30, 00:30, 01:30, 02:30, 03:30]
2025-10-16 13:17:13 INFO  c.e.s.f.s.i.JpaShiftAdapter - 📊 hourlyActual = [0, 0, 0, 0, 164, 0, 0, 0, 0, 0, 0, 0, 0, 0, 0, 0, 0, 0, 0, 0]
2025-10-16 13:17:13 DEBUG c.e.s.f.s.i.ShiftSettingsApplier - ✅ Настройки не изменились, смена актуальна: 2025-10-16
2025-10-16 13:17:13 INFO  c.e.s.f.s.i.ShiftSettingsApplier - 🔧 Обновлены часы смены: [08:00, 09:00, 10:00, 11:00, 12:30, 13:30, 14:30, 15:30, 16:30, 17:30, 18:30, 19:30, 20:30, 21:30, 22:30, 23:30, 00:30, 01:30, 02:30, 03:30]
2025-10-16 13:17:13 INFO  c.e.s.f.s.i.ShiftSettingsApplier - 📊 Применяем планы: [360, 480, 480, 480, 480, 480, 480, 480, 480, 480, 480, 480, 480, 480, 480, 480, 480, 480, 480, 360]
2025-10-16 13:17:13 INFO  c.e.s.f.s.i.JpaShiftAdapter - 📋 Сохраняем смену: date = 2025-10-16, labels = [08:00, 09:00, 10:00, 11:00, 12:30, 13:30, 14:30, 15:30, 16:30, 17:30, 18:30, 19:30, 20:30, 21:30, 22:30, 23:30, 00:30, 01:30, 02:30, 03:30], plan = [360, 480, 480, 480, 480, 480, 480, 480, 480, 480, 480, 480, 480, 480, 480, 480, 480, 480, 480, 360], actual = [0, 0, 0, 0, 165, 0, 0, 0, 0, 0, 0, 0, 0, 0, 0, 0, 0, 0, 0, 0]
2025-10-16 13:17:13 INFO  c.e.s.f.s.i.JpaShiftAdapter - 💾 Сохраняем actual: [0, 0, 0, 0, 165, 0, 0, 0, 0, 0, 0, 0, 0, 0, 0, 0, 0, 0, 0, 0]
2025-10-16 13:17:13 INFO  c.e.s.f.s.a.ShiftPlannerUseCase - 💾 Смена сохранена: 2025-10-16
2025-10-16 13:17:13 INFO  c.e.s.f.s.i.JpaShiftAdapter - 🧪 Читаем shift из БД: 2025-10-16
2025-10-16 13:17:13 INFO  c.e.s.f.s.i.JpaShiftAdapter - ⏱ hourlyLabels = [08:00, 09:00, 10:00, 11:00, 12:30, 13:30, 14:30, 15:30, 16:30, 17:30, 18:30, 19:30, 20:30, 21:30, 22:30, 23:30, 00:30, 01:30, 02:30, 03:30]
2025-10-16 13:17:13 INFO  c.e.s.f.s.i.JpaShiftAdapter - 📊 hourlyActual = [0, 0, 0, 0, 165, 0, 0, 0, 0, 0, 0, 0, 0, 0, 0, 0, 0, 0, 0, 0]
2025-10-16 13:17:13 INFO  c.e.s.f.s.a.e.ShiftUpdatedListener - 📤 Отправлен ShiftView в /topic/shift-updates: ShiftView[date=2025-10-16, actual=[0, 0, 0, 0, 165, 0, 0, 0, 0, 0, 0, 0, 0, 0, 0, 0, 0, 0, 0, 0], plan=[360, 480, 480, 480, 480, 480, 480, 480, 480, 480, 480, 480, 480, 480, 480, 480, 480, 480, 480, 360], hours=[08:00, 09:00, 10:00, 11:00, 12:30, 13:30, 14:30, 15:30, 16:30, 17:30, 18:30, 19:30, 20:30, 21:30, 22:30, 23:30, 00:30, 01:30, 02:30, 03:30]]
2025-10-16 13:17:13 INFO  c.e.s.f.s.i.JpaShiftAdapter - 🧪 Читаем shift из БД: 2025-10-16
2025-10-16 13:17:13 INFO  c.e.s.f.s.i.JpaShiftAdapter - ⏱ hourlyLabels = [08:00, 09:00, 10:00, 11:00, 12:30, 13:30, 14:30, 15:30, 16:30, 17:30, 18:30, 19:30, 20:30, 21:30, 22:30, 23:30, 00:30, 01:30, 02:30, 03:30]
2025-10-16 13:17:13 INFO  c.e.s.f.s.i.JpaShiftAdapter - 📊 hourlyActual = [0, 0, 0, 0, 165, 0, 0, 0, 0, 0, 0, 0, 0, 0, 0, 0, 0, 0, 0, 0]
2025-10-16 13:17:13 DEBUG c.e.s.f.s.i.ShiftSettingsApplier - ✅ Настройки не изменились, смена актуальна: 2025-10-16
2025-10-16 13:17:13 INFO  c.e.s.f.c.a.StoppageReconcilesService - Reconciled date=2025-10-16, hourIndex=4 -> saved 2 auto-stoppage(s)
2025-10-16 13:17:23 INFO  c.e.s.f.s.a.web.SignalController - 📡 Сигнал получен: сенсор = main, дата смены = 2025-10-15
2025-10-16 13:17:24 INFO  c.e.s.f.s.a.e.ProductDetectedListener - [EVENT] Product detected at 2025-10-16T13:17:23.950791100
2025-10-16 13:17:24 INFO  c.e.s.f.s.i.JpaShiftAdapter - 🧪 Читаем shift из БД: 2025-10-16
2025-10-16 13:17:24 INFO  c.e.s.f.s.i.JpaShiftAdapter - ⏱ hourlyLabels = [08:00, 09:00, 10:00, 11:00, 12:30, 13:30, 14:30, 15:30, 16:30, 17:30, 18:30, 19:30, 20:30, 21:30, 22:30, 23:30, 00:30, 01:30, 02:30, 03:30]
2025-10-16 13:17:24 INFO  c.e.s.f.s.i.JpaShiftAdapter - 📊 hourlyActual = [0, 0, 0, 0, 165, 0, 0, 0, 0, 0, 0, 0, 0, 0, 0, 0, 0, 0, 0, 0]
2025-10-16 13:17:24 DEBUG c.e.s.f.s.i.ShiftSettingsApplier - ✅ Настройки не изменились, смена актуальна: 2025-10-16
2025-10-16 13:17:24 INFO  c.e.s.f.s.i.ShiftSettingsApplier - 🔧 Обновлены часы смены: [08:00, 09:00, 10:00, 11:00, 12:30, 13:30, 14:30, 15:30, 16:30, 17:30, 18:30, 19:30, 20:30, 21:30, 22:30, 23:30, 00:30, 01:30, 02:30, 03:30]
2025-10-16 13:17:24 INFO  c.e.s.f.s.i.ShiftSettingsApplier - 📊 Применяем планы: [360, 480, 480, 480, 480, 480, 480, 480, 480, 480, 480, 480, 480, 480, 480, 480, 480, 480, 480, 360]
2025-10-16 13:17:24 INFO  c.e.s.f.s.i.JpaShiftAdapter - 📋 Сохраняем смену: date = 2025-10-16, labels = [08:00, 09:00, 10:00, 11:00, 12:30, 13:30, 14:30, 15:30, 16:30, 17:30, 18:30, 19:30, 20:30, 21:30, 22:30, 23:30, 00:30, 01:30, 02:30, 03:30], plan = [360, 480, 480, 480, 480, 480, 480, 480, 480, 480, 480, 480, 480, 480, 480, 480, 480, 480, 480, 360], actual = [0, 0, 0, 0, 166, 0, 0, 0, 0, 0, 0, 0, 0, 0, 0, 0, 0, 0, 0, 0]
2025-10-16 13:17:24 INFO  c.e.s.f.s.i.JpaShiftAdapter - 💾 Сохраняем actual: [0, 0, 0, 0, 166, 0, 0, 0, 0, 0, 0, 0, 0, 0, 0, 0, 0, 0, 0, 0]
2025-10-16 13:17:24 INFO  c.e.s.f.s.a.ShiftPlannerUseCase - 💾 Смена сохранена: 2025-10-16
2025-10-16 13:17:24 INFO  c.e.s.f.s.i.JpaShiftAdapter - 🧪 Читаем shift из БД: 2025-10-16
2025-10-16 13:17:24 INFO  c.e.s.f.s.i.JpaShiftAdapter - ⏱ hourlyLabels = [08:00, 09:00, 10:00, 11:00, 12:30, 13:30, 14:30, 15:30, 16:30, 17:30, 18:30, 19:30, 20:30, 21:30, 22:30, 23:30, 00:30, 01:30, 02:30, 03:30]
2025-10-16 13:17:24 INFO  c.e.s.f.s.i.JpaShiftAdapter - 📊 hourlyActual = [0, 0, 0, 0, 166, 0, 0, 0, 0, 0, 0, 0, 0, 0, 0, 0, 0, 0, 0, 0]
2025-10-16 13:17:24 INFO  c.e.s.f.s.a.e.ShiftUpdatedListener - 📤 Отправлен ShiftView в /topic/shift-updates: ShiftView[date=2025-10-16, actual=[0, 0, 0, 0, 166, 0, 0, 0, 0, 0, 0, 0, 0, 0, 0, 0, 0, 0, 0, 0], plan=[360, 480, 480, 480, 480, 480, 480, 480, 480, 480, 480, 480, 480, 480, 480, 480, 480, 480, 480, 360], hours=[08:00, 09:00, 10:00, 11:00, 12:30, 13:30, 14:30, 15:30, 16:30, 17:30, 18:30, 19:30, 20:30, 21:30, 22:30, 23:30, 00:30, 01:30, 02:30, 03:30]]
2025-10-16 13:17:25 INFO  c.e.s.f.s.i.JpaShiftAdapter - 🧪 Читаем shift из БД: 2025-10-16
2025-10-16 13:17:25 INFO  c.e.s.f.s.i.JpaShiftAdapter - ⏱ hourlyLabels = [08:00, 09:00, 10:00, 11:00, 12:30, 13:30, 14:30, 15:30, 16:30, 17:30, 18:30, 19:30, 20:30, 21:30, 22:30, 23:30, 00:30, 01:30, 02:30, 03:30]
2025-10-16 13:17:25 INFO  c.e.s.f.s.i.JpaShiftAdapter - 📊 hourlyActual = [0, 0, 0, 0, 166, 0, 0, 0, 0, 0, 0, 0, 0, 0, 0, 0, 0, 0, 0, 0]
2025-10-16 13:17:25 DEBUG c.e.s.f.s.i.ShiftSettingsApplier - ✅ Настройки не изменились, смена актуальна: 2025-10-16
2025-10-16 13:17:25 INFO  c.e.s.f.c.a.StoppageReconcilesService - Reconciled date=2025-10-16, hourIndex=4 -> saved 2 auto-stoppage(s)
2025-10-16 13:17:35 INFO  c.e.s.f.s.a.web.SignalController - 📡 Сигнал получен: сенсор = main, дата смены = 2025-10-15
2025-10-16 13:17:36 INFO  c.e.s.f.s.a.e.ProductDetectedListener - [EVENT] Product detected at 2025-10-16T13:17:35.973601900
2025-10-16 13:17:36 INFO  c.e.s.f.s.i.JpaShiftAdapter - 🧪 Читаем shift из БД: 2025-10-16
2025-10-16 13:17:36 INFO  c.e.s.f.s.i.JpaShiftAdapter - ⏱ hourlyLabels = [08:00, 09:00, 10:00, 11:00, 12:30, 13:30, 14:30, 15:30, 16:30, 17:30, 18:30, 19:30, 20:30, 21:30, 22:30, 23:30, 00:30, 01:30, 02:30, 03:30]
2025-10-16 13:17:36 INFO  c.e.s.f.s.i.JpaShiftAdapter - 📊 hourlyActual = [0, 0, 0, 0, 166, 0, 0, 0, 0, 0, 0, 0, 0, 0, 0, 0, 0, 0, 0, 0]
2025-10-16 13:17:36 DEBUG c.e.s.f.s.i.ShiftSettingsApplier - ✅ Настройки не изменились, смена актуальна: 2025-10-16
2025-10-16 13:17:36 INFO  c.e.s.f.s.i.ShiftSettingsApplier - 🔧 Обновлены часы смены: [08:00, 09:00, 10:00, 11:00, 12:30, 13:30, 14:30, 15:30, 16:30, 17:30, 18:30, 19:30, 20:30, 21:30, 22:30, 23:30, 00:30, 01:30, 02:30, 03:30]
2025-10-16 13:17:36 INFO  c.e.s.f.s.i.ShiftSettingsApplier - 📊 Применяем планы: [360, 480, 480, 480, 480, 480, 480, 480, 480, 480, 480, 480, 480, 480, 480, 480, 480, 480, 480, 360]
2025-10-16 13:17:36 INFO  c.e.s.f.s.i.JpaShiftAdapter - 📋 Сохраняем смену: date = 2025-10-16, labels = [08:00, 09:00, 10:00, 11:00, 12:30, 13:30, 14:30, 15:30, 16:30, 17:30, 18:30, 19:30, 20:30, 21:30, 22:30, 23:30, 00:30, 01:30, 02:30, 03:30], plan = [360, 480, 480, 480, 480, 480, 480, 480, 480, 480, 480, 480, 480, 480, 480, 480, 480, 480, 480, 360], actual = [0, 0, 0, 0, 167, 0, 0, 0, 0, 0, 0, 0, 0, 0, 0, 0, 0, 0, 0, 0]
2025-10-16 13:17:36 INFO  c.e.s.f.s.i.JpaShiftAdapter - 💾 Сохраняем actual: [0, 0, 0, 0, 167, 0, 0, 0, 0, 0, 0, 0, 0, 0, 0, 0, 0, 0, 0, 0]
2025-10-16 13:17:36 INFO  c.e.s.f.s.a.ShiftPlannerUseCase - 💾 Смена сохранена: 2025-10-16
2025-10-16 13:17:36 INFO  c.e.s.f.s.i.JpaShiftAdapter - 🧪 Читаем shift из БД: 2025-10-16
2025-10-16 13:17:36 INFO  c.e.s.f.s.i.JpaShiftAdapter - ⏱ hourlyLabels = [08:00, 09:00, 10:00, 11:00, 12:30, 13:30, 14:30, 15:30, 16:30, 17:30, 18:30, 19:30, 20:30, 21:30, 22:30, 23:30, 00:30, 01:30, 02:30, 03:30]
2025-10-16 13:17:36 INFO  c.e.s.f.s.i.JpaShiftAdapter - 📊 hourlyActual = [0, 0, 0, 0, 167, 0, 0, 0, 0, 0, 0, 0, 0, 0, 0, 0, 0, 0, 0, 0]
2025-10-16 13:17:36 INFO  c.e.s.f.s.a.e.ShiftUpdatedListener - 📤 Отправлен ShiftView в /topic/shift-updates: ShiftView[date=2025-10-16, actual=[0, 0, 0, 0, 167, 0, 0, 0, 0, 0, 0, 0, 0, 0, 0, 0, 0, 0, 0, 0], plan=[360, 480, 480, 480, 480, 480, 480, 480, 480, 480, 480, 480, 480, 480, 480, 480, 480, 480, 480, 360], hours=[08:00, 09:00, 10:00, 11:00, 12:30, 13:30, 14:30, 15:30, 16:30, 17:30, 18:30, 19:30, 20:30, 21:30, 22:30, 23:30, 00:30, 01:30, 02:30, 03:30]]
2025-10-16 13:17:36 INFO  c.e.s.f.s.i.JpaShiftAdapter - 🧪 Читаем shift из БД: 2025-10-16
2025-10-16 13:17:36 INFO  c.e.s.f.s.i.JpaShiftAdapter - ⏱ hourlyLabels = [08:00, 09:00, 10:00, 11:00, 12:30, 13:30, 14:30, 15:30, 16:30, 17:30, 18:30, 19:30, 20:30, 21:30, 22:30, 23:30, 00:30, 01:30, 02:30, 03:30]
2025-10-16 13:17:36 INFO  c.e.s.f.s.i.JpaShiftAdapter - 📊 hourlyActual = [0, 0, 0, 0, 167, 0, 0, 0, 0, 0, 0, 0, 0, 0, 0, 0, 0, 0, 0, 0]
2025-10-16 13:17:36 DEBUG c.e.s.f.s.i.ShiftSettingsApplier - ✅ Настройки не изменились, смена актуальна: 2025-10-16
2025-10-16 13:17:36 INFO  c.e.s.f.c.a.StoppageReconcilesService - Reconciled date=2025-10-16, hourIndex=4 -> saved 2 auto-stoppage(s)
2025-10-16 13:17:46 INFO  c.e.s.f.s.a.web.SignalController - 📡 Сигнал получен: сенсор = main, дата смены = 2025-10-15
2025-10-16 13:17:46 INFO  c.e.s.f.s.a.e.ProductDetectedListener - [EVENT] Product detected at 2025-10-16T13:17:46.177788200
2025-10-16 13:17:46 INFO  c.e.s.f.s.i.JpaShiftAdapter - 🧪 Читаем shift из БД: 2025-10-16
2025-10-16 13:17:46 INFO  c.e.s.f.s.i.JpaShiftAdapter - ⏱ hourlyLabels = [08:00, 09:00, 10:00, 11:00, 12:30, 13:30, 14:30, 15:30, 16:30, 17:30, 18:30, 19:30, 20:30, 21:30, 22:30, 23:30, 00:30, 01:30, 02:30, 03:30]
2025-10-16 13:17:46 INFO  c.e.s.f.s.i.JpaShiftAdapter - 📊 hourlyActual = [0, 0, 0, 0, 167, 0, 0, 0, 0, 0, 0, 0, 0, 0, 0, 0, 0, 0, 0, 0]
2025-10-16 13:17:46 DEBUG c.e.s.f.s.i.ShiftSettingsApplier - ✅ Настройки не изменились, смена актуальна: 2025-10-16
2025-10-16 13:17:46 INFO  c.e.s.f.s.i.ShiftSettingsApplier - 🔧 Обновлены часы смены: [08:00, 09:00, 10:00, 11:00, 12:30, 13:30, 14:30, 15:30, 16:30, 17:30, 18:30, 19:30, 20:30, 21:30, 22:30, 23:30, 00:30, 01:30, 02:30, 03:30]
2025-10-16 13:17:46 INFO  c.e.s.f.s.i.ShiftSettingsApplier - 📊 Применяем планы: [360, 480, 480, 480, 480, 480, 480, 480, 480, 480, 480, 480, 480, 480, 480, 480, 480, 480, 480, 360]
2025-10-16 13:17:46 INFO  c.e.s.f.s.i.JpaShiftAdapter - 📋 Сохраняем смену: date = 2025-10-16, labels = [08:00, 09:00, 10:00, 11:00, 12:30, 13:30, 14:30, 15:30, 16:30, 17:30, 18:30, 19:30, 20:30, 21:30, 22:30, 23:30, 00:30, 01:30, 02:30, 03:30], plan = [360, 480, 480, 480, 480, 480, 480, 480, 480, 480, 480, 480, 480, 480, 480, 480, 480, 480, 480, 360], actual = [0, 0, 0, 0, 168, 0, 0, 0, 0, 0, 0, 0, 0, 0, 0, 0, 0, 0, 0, 0]
2025-10-16 13:17:46 INFO  c.e.s.f.s.i.JpaShiftAdapter - 💾 Сохраняем actual: [0, 0, 0, 0, 168, 0, 0, 0, 0, 0, 0, 0, 0, 0, 0, 0, 0, 0, 0, 0]
2025-10-16 13:17:46 INFO  c.e.s.f.s.a.ShiftPlannerUseCase - 💾 Смена сохранена: 2025-10-16
2025-10-16 13:17:46 INFO  c.e.s.f.s.i.JpaShiftAdapter - 🧪 Читаем shift из БД: 2025-10-16
2025-10-16 13:17:46 INFO  c.e.s.f.s.i.JpaShiftAdapter - ⏱ hourlyLabels = [08:00, 09:00, 10:00, 11:00, 12:30, 13:30, 14:30, 15:30, 16:30, 17:30, 18:30, 19:30, 20:30, 21:30, 22:30, 23:30, 00:30, 01:30, 02:30, 03:30]
2025-10-16 13:17:46 INFO  c.e.s.f.s.i.JpaShiftAdapter - 📊 hourlyActual = [0, 0, 0, 0, 168, 0, 0, 0, 0, 0, 0, 0, 0, 0, 0, 0, 0, 0, 0, 0]
2025-10-16 13:17:46 INFO  c.e.s.f.s.a.e.ShiftUpdatedListener - 📤 Отправлен ShiftView в /topic/shift-updates: ShiftView[date=2025-10-16, actual=[0, 0, 0, 0, 168, 0, 0, 0, 0, 0, 0, 0, 0, 0, 0, 0, 0, 0, 0, 0], plan=[360, 480, 480, 480, 480, 480, 480, 480, 480, 480, 480, 480, 480, 480, 480, 480, 480, 480, 480, 360], hours=[08:00, 09:00, 10:00, 11:00, 12:30, 13:30, 14:30, 15:30, 16:30, 17:30, 18:30, 19:30, 20:30, 21:30, 22:30, 23:30, 00:30, 01:30, 02:30, 03:30]]
2025-10-16 13:17:46 INFO  c.e.s.f.s.i.JpaShiftAdapter - 🧪 Читаем shift из БД: 2025-10-16
2025-10-16 13:17:46 INFO  c.e.s.f.s.i.JpaShiftAdapter - ⏱ hourlyLabels = [08:00, 09:00, 10:00, 11:00, 12:30, 13:30, 14:30, 15:30, 16:30, 17:30, 18:30, 19:30, 20:30, 21:30, 22:30, 23:30, 00:30, 01:30, 02:30, 03:30]
2025-10-16 13:17:46 INFO  c.e.s.f.s.i.JpaShiftAdapter - 📊 hourlyActual = [0, 0, 0, 0, 168, 0, 0, 0, 0, 0, 0, 0, 0, 0, 0, 0, 0, 0, 0, 0]
2025-10-16 13:17:46 DEBUG c.e.s.f.s.i.ShiftSettingsApplier - ✅ Настройки не изменились, смена актуальна: 2025-10-16
2025-10-16 13:17:46 INFO  c.e.s.f.c.a.StoppageReconcilesService - Reconciled date=2025-10-16, hourIndex=4 -> saved 2 auto-stoppage(s)
2025-10-16 13:17:56 INFO  c.e.s.f.s.a.web.SignalController - 📡 Сигнал получен: сенсор = main, дата смены = 2025-10-15
2025-10-16 13:17:56 INFO  c.e.s.f.s.a.e.ProductDetectedListener - [EVENT] Product detected at 2025-10-16T13:17:56.395092200
2025-10-16 13:17:56 INFO  c.e.s.f.s.i.JpaShiftAdapter - 🧪 Читаем shift из БД: 2025-10-16
2025-10-16 13:17:56 INFO  c.e.s.f.s.i.JpaShiftAdapter - ⏱ hourlyLabels = [08:00, 09:00, 10:00, 11:00, 12:30, 13:30, 14:30, 15:30, 16:30, 17:30, 18:30, 19:30, 20:30, 21:30, 22:30, 23:30, 00:30, 01:30, 02:30, 03:30]
2025-10-16 13:17:56 INFO  c.e.s.f.s.i.JpaShiftAdapter - 📊 hourlyActual = [0, 0, 0, 0, 168, 0, 0, 0, 0, 0, 0, 0, 0, 0, 0, 0, 0, 0, 0, 0]
2025-10-16 13:17:56 DEBUG c.e.s.f.s.i.ShiftSettingsApplier - ✅ Настройки не изменились, смена актуальна: 2025-10-16
2025-10-16 13:17:56 INFO  c.e.s.f.s.i.ShiftSettingsApplier - 🔧 Обновлены часы смены: [08:00, 09:00, 10:00, 11:00, 12:30, 13:30, 14:30, 15:30, 16:30, 17:30, 18:30, 19:30, 20:30, 21:30, 22:30, 23:30, 00:30, 01:30, 02:30, 03:30]
2025-10-16 13:17:56 INFO  c.e.s.f.s.i.ShiftSettingsApplier - 📊 Применяем планы: [360, 480, 480, 480, 480, 480, 480, 480, 480, 480, 480, 480, 480, 480, 480, 480, 480, 480, 480, 360]
2025-10-16 13:17:56 INFO  c.e.s.f.s.i.JpaShiftAdapter - 📋 Сохраняем смену: date = 2025-10-16, labels = [08:00, 09:00, 10:00, 11:00, 12:30, 13:30, 14:30, 15:30, 16:30, 17:30, 18:30, 19:30, 20:30, 21:30, 22:30, 23:30, 00:30, 01:30, 02:30, 03:30], plan = [360, 480, 480, 480, 480, 480, 480, 480, 480, 480, 480, 480, 480, 480, 480, 480, 480, 480, 480, 360], actual = [0, 0, 0, 0, 169, 0, 0, 0, 0, 0, 0, 0, 0, 0, 0, 0, 0, 0, 0, 0]
2025-10-16 13:17:56 INFO  c.e.s.f.s.i.JpaShiftAdapter - 💾 Сохраняем actual: [0, 0, 0, 0, 169, 0, 0, 0, 0, 0, 0, 0, 0, 0, 0, 0, 0, 0, 0, 0]
2025-10-16 13:17:56 INFO  c.e.s.f.s.a.ShiftPlannerUseCase - 💾 Смена сохранена: 2025-10-16
2025-10-16 13:17:56 INFO  c.e.s.f.s.i.JpaShiftAdapter - 🧪 Читаем shift из БД: 2025-10-16
2025-10-16 13:17:56 INFO  c.e.s.f.s.i.JpaShiftAdapter - ⏱ hourlyLabels = [08:00, 09:00, 10:00, 11:00, 12:30, 13:30, 14:30, 15:30, 16:30, 17:30, 18:30, 19:30, 20:30, 21:30, 22:30, 23:30, 00:30, 01:30, 02:30, 03:30]
2025-10-16 13:17:56 INFO  c.e.s.f.s.i.JpaShiftAdapter - 📊 hourlyActual = [0, 0, 0, 0, 169, 0, 0, 0, 0, 0, 0, 0, 0, 0, 0, 0, 0, 0, 0, 0]
2025-10-16 13:17:56 INFO  c.e.s.f.s.a.e.ShiftUpdatedListener - 📤 Отправлен ShiftView в /topic/shift-updates: ShiftView[date=2025-10-16, actual=[0, 0, 0, 0, 169, 0, 0, 0, 0, 0, 0, 0, 0, 0, 0, 0, 0, 0, 0, 0], plan=[360, 480, 480, 480, 480, 480, 480, 480, 480, 480, 480, 480, 480, 480, 480, 480, 480, 480, 480, 360], hours=[08:00, 09:00, 10:00, 11:00, 12:30, 13:30, 14:30, 15:30, 16:30, 17:30, 18:30, 19:30, 20:30, 21:30, 22:30, 23:30, 00:30, 01:30, 02:30, 03:30]]
2025-10-16 13:17:56 INFO  c.e.s.f.s.i.JpaShiftAdapter - 🧪 Читаем shift из БД: 2025-10-16
2025-10-16 13:17:56 INFO  c.e.s.f.s.i.JpaShiftAdapter - ⏱ hourlyLabels = [08:00, 09:00, 10:00, 11:00, 12:30, 13:30, 14:30, 15:30, 16:30, 17:30, 18:30, 19:30, 20:30, 21:30, 22:30, 23:30, 00:30, 01:30, 02:30, 03:30]
2025-10-16 13:17:56 INFO  c.e.s.f.s.i.JpaShiftAdapter - 📊 hourlyActual = [0, 0, 0, 0, 169, 0, 0, 0, 0, 0, 0, 0, 0, 0, 0, 0, 0, 0, 0, 0]
2025-10-16 13:17:56 DEBUG c.e.s.f.s.i.ShiftSettingsApplier - ✅ Настройки не изменились, смена актуальна: 2025-10-16
2025-10-16 13:17:56 INFO  c.e.s.f.c.a.StoppageReconcilesService - Reconciled date=2025-10-16, hourIndex=4 -> saved 2 auto-stoppage(s)
2025-10-16 13:18:06 INFO  c.e.s.f.s.a.web.SignalController - 📡 Сигнал получен: сенсор = main, дата смены = 2025-10-15
2025-10-16 13:18:06 INFO  c.e.s.f.s.a.e.ProductDetectedListener - [EVENT] Product detected at 2025-10-16T13:18:06.636381600
2025-10-16 13:18:06 INFO  c.e.s.f.s.i.JpaShiftAdapter - 🧪 Читаем shift из БД: 2025-10-16
2025-10-16 13:18:06 INFO  c.e.s.f.s.i.JpaShiftAdapter - ⏱ hourlyLabels = [08:00, 09:00, 10:00, 11:00, 12:30, 13:30, 14:30, 15:30, 16:30, 17:30, 18:30, 19:30, 20:30, 21:30, 22:30, 23:30, 00:30, 01:30, 02:30, 03:30]
2025-10-16 13:18:06 INFO  c.e.s.f.s.i.JpaShiftAdapter - 📊 hourlyActual = [0, 0, 0, 0, 169, 0, 0, 0, 0, 0, 0, 0, 0, 0, 0, 0, 0, 0, 0, 0]
2025-10-16 13:18:06 DEBUG c.e.s.f.s.i.ShiftSettingsApplier - ✅ Настройки не изменились, смена актуальна: 2025-10-16
2025-10-16 13:18:06 INFO  c.e.s.f.s.i.ShiftSettingsApplier - 🔧 Обновлены часы смены: [08:00, 09:00, 10:00, 11:00, 12:30, 13:30, 14:30, 15:30, 16:30, 17:30, 18:30, 19:30, 20:30, 21:30, 22:30, 23:30, 00:30, 01:30, 02:30, 03:30]
2025-10-16 13:18:06 INFO  c.e.s.f.s.i.ShiftSettingsApplier - 📊 Применяем планы: [360, 480, 480, 480, 480, 480, 480, 480, 480, 480, 480, 480, 480, 480, 480, 480, 480, 480, 480, 360]
2025-10-16 13:18:06 INFO  c.e.s.f.s.i.JpaShiftAdapter - 📋 Сохраняем смену: date = 2025-10-16, labels = [08:00, 09:00, 10:00, 11:00, 12:30, 13:30, 14:30, 15:30, 16:30, 17:30, 18:30, 19:30, 20:30, 21:30, 22:30, 23:30, 00:30, 01:30, 02:30, 03:30], plan = [360, 480, 480, 480, 480, 480, 480, 480, 480, 480, 480, 480, 480, 480, 480, 480, 480, 480, 480, 360], actual = [0, 0, 0, 0, 170, 0, 0, 0, 0, 0, 0, 0, 0, 0, 0, 0, 0, 0, 0, 0]
2025-10-16 13:18:06 INFO  c.e.s.f.s.i.JpaShiftAdapter - 💾 Сохраняем actual: [0, 0, 0, 0, 170, 0, 0, 0, 0, 0, 0, 0, 0, 0, 0, 0, 0, 0, 0, 0]
2025-10-16 13:18:06 INFO  c.e.s.f.s.a.ShiftPlannerUseCase - 💾 Смена сохранена: 2025-10-16
2025-10-16 13:18:06 INFO  c.e.s.f.s.i.JpaShiftAdapter - 🧪 Читаем shift из БД: 2025-10-16
2025-10-16 13:18:06 INFO  c.e.s.f.s.i.JpaShiftAdapter - ⏱ hourlyLabels = [08:00, 09:00, 10:00, 11:00, 12:30, 13:30, 14:30, 15:30, 16:30, 17:30, 18:30, 19:30, 20:30, 21:30, 22:30, 23:30, 00:30, 01:30, 02:30, 03:30]
2025-10-16 13:18:06 INFO  c.e.s.f.s.i.JpaShiftAdapter - 📊 hourlyActual = [0, 0, 0, 0, 170, 0, 0, 0, 0, 0, 0, 0, 0, 0, 0, 0, 0, 0, 0, 0]
2025-10-16 13:18:06 INFO  c.e.s.f.s.a.e.ShiftUpdatedListener - 📤 Отправлен ShiftView в /topic/shift-updates: ShiftView[date=2025-10-16, actual=[0, 0, 0, 0, 170, 0, 0, 0, 0, 0, 0, 0, 0, 0, 0, 0, 0, 0, 0, 0], plan=[360, 480, 480, 480, 480, 480, 480, 480, 480, 480, 480, 480, 480, 480, 480, 480, 480, 480, 480, 360], hours=[08:00, 09:00, 10:00, 11:00, 12:30, 13:30, 14:30, 15:30, 16:30, 17:30, 18:30, 19:30, 20:30, 21:30, 22:30, 23:30, 00:30, 01:30, 02:30, 03:30]]
2025-10-16 13:18:06 INFO  c.e.s.f.s.i.JpaShiftAdapter - 🧪 Читаем shift из БД: 2025-10-16
2025-10-16 13:18:06 INFO  c.e.s.f.s.i.JpaShiftAdapter - ⏱ hourlyLabels = [08:00, 09:00, 10:00, 11:00, 12:30, 13:30, 14:30, 15:30, 16:30, 17:30, 18:30, 19:30, 20:30, 21:30, 22:30, 23:30, 00:30, 01:30, 02:30, 03:30]
2025-10-16 13:18:06 INFO  c.e.s.f.s.i.JpaShiftAdapter - 📊 hourlyActual = [0, 0, 0, 0, 170, 0, 0, 0, 0, 0, 0, 0, 0, 0, 0, 0, 0, 0, 0, 0]
2025-10-16 13:18:06 DEBUG c.e.s.f.s.i.ShiftSettingsApplier - ✅ Настройки не изменились, смена актуальна: 2025-10-16
2025-10-16 13:18:06 INFO  c.e.s.f.c.a.StoppageReconcilesService - Reconciled date=2025-10-16, hourIndex=4 -> saved 2 auto-stoppage(s)
